Time(ms),AccelX,AccelY,AccelZ
2728,0.24,-0.51,9.86
2870,0.24,-0.51,9.91
3010,0.27,-0.52,9.95
3151,0.2,-0.57,10.06
3291,0.26,-0.43,9.86
3432,0.25,-0.48,9.93
3573,0.33,-0.42,10.09
3713,0.31,-0.42,9.99
3860,0.3,-0.47,9.87
4000,0.27,-0.65,9.98
4141,0.28,-0.46,10.05
4282,0.36,-0.42,9.85
4422,0.31,-0.54,9.8
4563,0.29,-0.54,9.94
4704,0.33,-0.43,9.98
4844,0.3,-0.42,10.0
4985,0.38,-0.35,9.83
5131,0.27,-0.45,9.97
5272,0.21,-0.43,10.11
5413,0.3,-0.51,9.97
5553,0.33,-0.48,10.06
5694,0.29,-0.53,9.98
5834,0.34,-0.45,9.98
5975,0.3,-0.49,9.69
6116,0.26,-0.5,9.92
6256,0.31,-0.56,9.97
6403,0.28,-0.58,10.09
6543,0.31,-0.46,9.95
6684,0.32,-0.43,9.73
6825,0.23,-0.48,10.11
6965,0.3,-0.55,9.75
7106,0.2,-0.49,9.77
7252,0.31,-0.41,9.93
7393,0.36,-0.41,10.21
7534,0.28,-0.42,10.27
7680,0.34,-0.41,9.91
7821,0.34,-0.46,10.04
7961,0.29,-0.43,9.65
8102,0.37,-0.43,9.79
8243,0.33,-0.34,9.87
8389,0.31,-0.42,10.05
8530,0.35,-0.56,9.81
8670,0.29,-0.58,9.9
8817,0.33,-0.41,9.89
8958,0.26,-0.52,10.21
9098,0.4,-0.51,9.85
9239,0.26,-0.51,9.94
9379,0.38,-0.4,10.1
9520,0.29,-0.62,10.0
9692,0.34,-0.44,9.86
9833,0.39,-0.47,9.81
9973,0.39,-0.4,10.1
10120,0.51,-0.23,9.78
10260,0.41,-0.39,10.05
10401,0.4,-0.43,9.84
10541,0.37,-0.49,9.83
10682,0.33,-0.36,9.92
10823,0.28,-0.59,10.04
10963,0.33,-0.35,9.82
11104,0.36,-0.41,10.13
11245,0.39,-0.3,10.06
11391,0.34,-0.34,9.92
11532,0.4,-0.29,9.82
11672,0.3,-0.29,9.87
11813,0.34,-0.28,9.93
11954,0.37,-0.36,9.95
12094,0.35,-0.42,9.88
12235,0.26,-0.41,9.84
12375,0.29,-0.47,9.9
12522,0.29,-0.29,9.66
12663,0.31,-0.45,9.92
12803,0.23,-0.36,9.81
12944,0.3,-0.31,9.69
13084,0.29,-0.25,10.07
13225,0.23,-0.35,9.88
13366,0.23,-0.43,9.95
13506,0.42,-0.24,10.1
13647,0.29,-0.22,9.89
13793,0.21,-0.35,9.78
13934,0.25,-0.36,9.94
14075,0.27,-0.42,9.9
14215,0.22,-0.36,10.03
14356,0.36,-0.46,9.9
14497,0.33,-0.37,10.09
14637,0.27,-0.41,9.92
14778,0.29,-0.43,9.96
14918,0.26,-0.44,9.91
15065,0.4,-0.35,9.89
15206,0.33,-0.44,10.02
15346,0.31,-0.37,10.19
15487,0.29,-0.41,9.79
15627,0.32,-0.49,9.86
15768,0.21,-0.5,10.04
15909,0.3,-0.44,10.02
16049,0.29,-0.32,9.94
16196,0.34,-0.28,9.96
16336,0.37,-0.33,9.96
16477,0.29,-0.37,10.01
16618,0.37,-0.4,9.93
16758,0.35,-0.4,10.01
16940,0.3,-0.31,9.93
17080,0.29,-0.4,9.89
17219,0.3,-0.35,10.0
17359,0.24,-0.45,9.77
17505,0.28,-0.45,10.01
17645,0.32,-0.45,10.0
17785,0.27,-0.46,9.9
17924,0.23,-0.52,9.93
18064,0.32,-0.39,9.96
18205,0.28,-0.49,9.89
18344,0.25,-0.44,9.99
18484,0.35,-0.36,9.97
18624,0.29,-0.46,9.88
18769,0.42,-0.13,9.9
18910,-0.79,-2.1,9.54
19049,0.23,1.82,6.32
19189,-0.75,4.56,6.78
19329,-3.29,5.51,6.07
19468,-4.2,6.49,5.13
19608,-5.76,10.21,5.05
19748,-6.42,6.5,2.77
19893,-7.09,7.47,3.67
20033,-7.34,6.22,2.0
20172,-7.63,5.32,3.31
20312,-7.97,5.06,2.11
20452,-8.09,5.6,1.63
20591,-8.57,4.17,2.46
20731,-8.69,4.32,1.39
20871,-8.74,3.82,2.14
21010,-8.75,4.41,1.59
21156,-9.13,3.2,1.58
21295,-9.1,2.79,2.11
21435,-9.19,3.1,1.27
21575,-9.25,3.05,1.76
21714,-9.3,2.67,1.49
21854,-9.27,2.66,1.39
21994,-9.31,2.86,1.5
22133,-9.4,2.37,1.28
22273,-9.38,2.47,1.29
22434,-9.44,2.49,1.31
22578,-9.47,2.4,0.94
22721,-9.51,2.24,1.06
22865,-9.46,2.45,1.14
23008,-9.41,2.61,0.87
23158,-9.38,2.51,1.09
23301,-9.35,2.54,1.37
23445,-9.41,2.58,1.05
23588,-9.36,2.75,0.98
23738,-9.41,2.67,1.0
23881,-9.41,2.64,0.95
24025,-9.36,2.81,1.06
24168,-9.36,2.62,0.89
24312,-9.38,2.79,1.03
24457,-9.41,2.6,0.89
24600,-9.41,2.61,1.1
24744,-9.35,2.77,0.92
24893,-9.39,2.75,0.94
25037,-9.38,2.72,1.07
25180,-9.31,2.77,0.86
25324,-9.43,2.63,0.89
25467,-9.39,2.87,0.81
25611,-9.35,2.79,0.91
25754,-9.37,2.79,0.6
25898,-9.34,2.83,0.99
26041,-9.3,2.98,1.03
26191,-9.3,2.9,0.9
26334,-9.32,2.9,1.06
26478,-9.4,2.84,0.73
26622,-9.34,2.86,0.88
26765,-9.33,2.91,0.79
26909,-9.34,2.89,1.02
27052,-9.43,2.72,0.8
27196,-9.34,2.87,0.96
27339,-9.39,2.89,0.84
27489,-9.41,2.75,0.81
27633,-9.42,2.71,0.74
27777,-9.39,2.83,0.85
27920,-9.32,2.89,0.85
28064,-9.31,2.75,0.87
28208,-9.38,2.76,0.8
28351,-9.35,2.68,0.94
28495,-9.36,2.91,0.76
28638,-9.41,2.66,0.7
28778,-9.31,3.1,0.84
28921,-9.4,2.71,0.68
29065,-9.25,3.03,0.9
29208,-9.36,2.75,0.92
29352,-9.32,2.91,0.7
29496,-9.37,2.98,0.58
29639,-9.31,2.94,0.92
29783,-9.35,2.8,0.88
29932,-9.35,2.89,0.71
30076,-9.43,2.72,0.76
30219,-9.27,2.96,0.77
30363,-9.39,2.91,0.84
30506,-9.33,2.83,0.88
30650,-9.38,2.94,0.72
30793,-9.4,2.8,0.6
30937,-9.4,2.82,0.65
31081,-9.42,2.92,0.55
31230,-9.42,2.72,0.67
31374,-9.32,2.97,0.67
31517,-9.33,2.86,0.72
31661,-9.33,2.97,0.75
31804,-9.37,2.78,0.72
31948,-9.33,2.83,0.56
32091,-9.36,2.96,0.73
32235,-9.34,2.89,0.56
32378,-9.32,2.9,0.75
32528,-9.29,2.99,0.63
32671,-9.31,2.92,0.61
32816,-9.27,3.01,0.74
32959,-9.27,3.1,0.74
33103,-9.3,3.14,0.62
33247,-9.34,3.03,0.74
33390,-9.51,2.64,2.19
33534,-10.69,2.68,7.12
33683,-10.87,3.34,5.98
33827,-8.21,3.48,5.21
33970,-5.81,1.93,6.08
34114,-3.42,0.64,9.05
34257,-0.75,0.99,8.8
34401,0.63,-0.27,7.81
34544,1.68,1.57,8.21
34688,1.71,0.02,9.88
34832,1.47,0.08,9.42
34981,1.37,0.15,10.34
35125,0.99,0.38,9.96
35270,0.8,-0.07,10.53
35414,0.43,-0.22,10.08
35557,0.13,-0.1,9.7
35702,-0.24,-0.63,9.37
35845,-0.14,-0.18,9.98
35989,-0.41,-0.69,9.54
36132,-0.37,-0.66,10.03
36282,-0.44,-0.32,9.54
36425,-0.5,-0.47,10.02
36569,-0.49,-0.11,10.03
36712,-0.51,-0.0,9.61
36856,-0.63,-0.32,9.78
37000,-0.56,-0.28,10.03
37143,-0.63,-0.14,9.65
37287,-0.47,-0.04,10.2
37436,-0.51,-0.03,9.91
37580,-0.6,-0.28,10.16
37723,-0.52,-0.26,9.77
37867,-0.38,-0.17,9.86
38010,-0.45,-0.16,9.92
38154,-0.42,-0.1,9.92
38297,-0.39,-0.19,9.96
38441,-0.29,0.07,9.82
38584,-0.39,-0.07,10.05
38734,-0.37,-0.14,10.06
38877,-0.39,-0.06,9.73
39021,-0.35,-0.15,9.89
39165,-0.38,-0.25,10.02
39308,-0.35,-0.26,10.04
39452,-0.42,-0.15,9.97
39595,-0.46,-0.24,10.08
39739,-0.47,-0.23,9.88
39888,-0.46,-0.07,9.99
40032,-0.46,-0.18,9.82
40175,-0.48,-0.23,9.88
40319,-0.48,-0.16,9.91
40462,-0.41,-0.18,9.64
40612,-0.36,-0.29,10.05
40761,-0.42,-0.38,10.01
40905,-0.4,-0.3,9.74
41048,-0.29,-0.45,9.75
41198,-0.34,-0.15,9.84
41341,-0.36,-0.64,10.02
41485,-0.44,-0.65,10.02
41628,-0.35,-0.28,9.64
41772,-0.02,0.71,10.42
41916,-0.33,-0.29,9.73
42060,-0.36,-0.38,9.86
42204,-0.33,-0.27,9.75
42369,-0.29,-0.19,9.94
42512,-0.32,-0.31,9.7
42656,-0.31,-0.28,9.9
42799,-0.25,-0.16,9.85
42943,-0.34,-0.17,9.73
43087,-0.35,-0.33,9.92
43231,-0.27,-0.1,9.72
43375,-0.31,-0.22,9.88
43519,-0.3,-0.24,10.03
43668,-0.28,-0.18,9.98
43813,-0.31,-0.17,9.93
43957,-0.41,-0.4,9.81
44100,-0.29,-0.31,9.89
44245,-0.24,-0.21,9.91
44388,-0.26,-0.19,9.96
44539,-0.32,-0.3,9.92
44682,-0.34,-0.33,9.86
44832,-0.27,-0.23,9.97
44975,-0.32,-0.34,10.06
45119,-0.29,-0.25,9.81
45262,-0.29,-0.27,10.15
45407,-0.32,-0.22,9.87
45550,-0.31,-0.09,9.63
45694,-0.26,-0.21,10.11
45838,-0.33,-0.4,9.65
45982,-0.31,-0.4,9.98
46131,-0.31,-0.24,9.92
46275,-0.29,-0.1,9.84
46419,-0.34,-0.31,10.1
46564,-0.31,-0.18,9.76
46708,-0.28,-0.17,9.98
46853,-0.3,-0.18,9.8
46998,-0.31,-0.39,10.13
47142,-0.29,-0.24,9.86
47287,-0.25,-0.19,10.02
47436,-0.23,-0.18,9.97
47581,-0.25,-0.34,9.93
47725,-0.24,-0.12,9.69
47870,-0.21,-0.21,10.11
48014,-0.24,-0.21,9.9
48159,-0.22,-0.21,9.96
48303,-0.24,-0.31,10.07
48448,-0.04,0.38,9.66
48597,0.74,1.18,11.24
48742,1.74,1.29,9.64
48886,3.01,0.61,11.02
49031,5.59,1.16,7.97
49175,7.1,-0.27,5.78
49320,7.83,-1.85,3.4
49464,8.48,-1.29,3.36
49608,9.36,-1.94,2.49
49751,9.16,-2.99,1.85
49901,8.97,-3.29,1.34
50044,9.34,-2.73,1.94
50189,9.28,-2.67,1.69
50333,9.23,-2.45,2.05
50476,9.38,-2.64,2.02
50621,9.19,-2.7,2.29
50765,9.33,-2.56,1.85
50909,9.29,-2.57,1.42
51053,9.32,-2.64,1.91
51203,9.27,-2.41,0.87
51346,9.43,-1.89,0.14
51491,9.68,-1.6,0.21
51635,9.81,-1.43,0.63
51780,9.61,-1.34,0.28
51924,9.73,-1.3,-0.1
52069,9.62,-1.35,0.16
52213,9.63,-1.43,0.17
52363,9.68,-1.37,0.52
52507,9.55,-1.51,0.39
52652,9.65,-1.54,0.18
52796,9.5,-1.53,0.74
52940,9.6,-1.56,0.23
53083,9.62,-1.65,0.38
53227,9.64,-1.2,0.54
53371,9.61,-1.58,0.55
53514,9.59,-1.48,0.21
53664,9.46,-1.72,0.38
53807,9.83,-1.25,0.32
53951,9.57,-1.51,0.42
54094,9.61,-1.51,0.44
54238,9.63,-1.41,0.43
54381,9.67,-1.38,0.38
54525,9.69,-1.29,0.35
54668,9.59,-1.47,0.61
54812,9.7,-1.5,0.62
54961,9.59,-1.46,0.44
55105,9.63,-1.44,0.45
55250,9.6,-1.41,0.54
55393,9.58,-1.53,0.76
55537,9.68,-1.39,0.9
55680,9.63,-1.34,0.66
55824,9.58,-1.37,0.42
55969,9.62,-1.46,0.75
56119,9.65,-1.45,0.77
56262,9.64,-1.37,0.94
56406,9.67,-1.41,0.66
56549,9.67,-1.5,0.93
56693,9.63,-1.45,0.79
56836,9.7,-1.33,0.82
56980,9.62,-1.38,0.84
57124,9.7,-1.48,0.82
57267,9.61,-1.46,0.86
57416,9.65,-1.38,0.78
57560,9.63,-1.32,0.82
57704,9.6,-1.43,0.72
57847,9.63,-1.42,0.84
57997,9.6,-1.46,0.69
58140,9.54,-1.41,0.66
58284,9.47,-1.23,0.67
58427,9.79,-1.15,0.94
58571,9.66,-1.32,1.2
58720,9.62,-1.21,0.97
58864,9.61,-1.09,1.03
59007,9.64,-1.17,0.9
59151,9.68,-1.27,1.03
59294,9.57,-1.33,0.94
59438,9.7,-1.21,0.99
59583,9.6,-1.45,0.98
59726,9.6,-1.3,0.97
59870,9.61,-1.15,0.99
60019,9.64,-1.19,1.13
60163,9.66,-1.21,1.16
60307,9.69,-1.23,1.12
60451,9.68,-1.22,1.1
60594,9.7,-1.23,1.04
60738,9.56,-1.32,1.04
60881,9.66,-1.11,1.18
61025,9.65,-1.23,1.11
61174,9.63,-1.23,1.02
61318,9.62,-1.22,0.92
61461,9.62,-1.23,1.13
61605,9.59,-1.36,1.21
61749,9.64,-1.15,0.99
61892,9.64,-1.13,1.1
62036,9.62,-1.17,1.21
62180,9.63,-1.22,1.2
62324,9.64,-1.17,0.92
62496,9.61,-1.2,0.96
62640,9.64,-1.33,0.98
62785,9.68,-1.37,1.13
62929,9.62,-1.4,1.07
63074,9.59,-1.22,1.06
63218,9.61,-1.2,1.01
63362,9.62,-1.25,1.07
63505,9.69,-0.64,-0.31
63649,9.17,-1.32,1.74
63798,7.88,-1.42,2.51
63942,5.64,-2.57,7.71
64085,4.65,-2.74,7.29
64229,2.27,-3.37,10.05
64373,1.98,-2.53,9.98
64516,0.72,-2.22,9.66
64660,0.23,-2.22,9.26
64803,-0.16,-2.3,9.82
64947,-0.38,-1.77,9.63
65096,-0.6,-2.15,9.32
65240,-0.98,-2.67,10.17
65383,-1.04,-1.94,9.33
65527,-1.24,-2.17,9.55
65670,-1.07,-2.07,9.81
65814,-0.99,-1.72,9.74
65958,-1.07,-1.96,9.89
66101,-0.98,-1.76,9.7
66250,-0.85,-1.72,9.74
66394,-0.75,-1.62,9.92
66538,-0.75,-1.62,9.66
66681,-0.69,-1.57,9.9
66825,-0.68,-1.56,9.69
66968,-0.73,-1.57,9.92
67112,-0.66,-1.59,9.91
67255,-0.75,-1.41,9.62
67399,-0.68,-1.41,9.83
67548,-0.69,-1.5,9.74
67692,-0.72,-1.44,9.66
67835,-0.73,-1.46,9.96
67979,-0.78,-1.45,9.55
68123,-0.68,-1.33,9.95
68266,-0.67,-1.29,9.69
68410,-0.65,-1.11,9.84
68553,-0.77,-1.22,9.73
68703,-0.69,-1.18,9.57
68846,-0.66,-1.19,10.04
68990,-0.73,-1.25,9.65
69133,-0.82,-1.24,9.83
69277,-0.78,-1.2,9.95
69420,-0.8,-1.23,9.98
69564,-0.74,-1.17,9.88
69708,-0.69,-1.21,10.09
69851,-0.77,-1.22,9.78
70000,-0.81,-1.25,9.83
70144,-0.76,-1.12,9.72
70288,-0.81,-1.23,9.82
70431,-0.78,-1.14,10.02
70575,-0.83,-1.2,9.99
70719,-0.76,-1.12,9.91
70863,-0.83,-1.22,9.8
71006,-0.77,-1.17,9.79
71152,-0.82,-1.37,9.89
71291,-0.78,-1.06,9.75
71435,-0.81,-1.2,9.81
71579,-0.89,-1.07,9.82
71723,-0.96,-1.16,9.8
71867,-0.84,-1.04,9.7
72011,-0.91,-1.16,9.93
72156,-0.89,-1.01,9.54
72300,-0.94,-1.17,9.81
72450,-0.94,-1.08,9.82
72593,-0.95,-1.2,9.94
72737,-0.96,-1.23,9.93
72880,-0.98,-1.23,9.86
73024,-0.95,-1.15,9.77
73167,-0.92,-1.14,9.68
73311,-1.0,-1.3,9.67
73455,-0.97,-1.17,10.0
73598,-0.99,-1.17,9.8
73748,-0.95,-1.24,9.98
73891,-0.96,-1.22,9.75
74035,-0.95,-1.16,9.87
74178,-0.94,-1.14,9.74
74322,-0.97,-1.1,9.95
74466,-0.94,-1.12,9.92
74610,-0.96,-1.09,9.83
74753,-0.91,-0.86,9.89
74903,-0.94,-1.05,9.93
75046,-0.98,-1.04,9.91
75190,-0.96,-0.95,9.88
75333,-0.87,-0.79,9.78
75483,-0.96,-0.98,9.84
75626,-0.9,-0.85,9.92
75770,-0.91,-1.03,9.95
75915,-0.86,-0.96,9.78
76058,-0.91,-1.04,9.9
76208,-0.85,-0.87,9.9
76351,-0.85,-0.92,10.1
76496,-0.87,-0.94,9.98
76639,-0.83,-0.99,9.79
76784,-0.79,-0.92,9.87
76928,-0.89,-1.03,9.96
77073,-0.91,-0.99,9.96
77217,-0.88,-0.94,9.97
77367,-0.86,-0.91,9.93
77511,-0.9,-0.9,9.89
77655,-0.9,-0.93,9.92
