Timestamp,qw,qx,qy,qz,yaw,pitch,roll,label
353,0.999915,0.002095,-0.012301,-0.002315,179.731766,-1.409073,0.243357,1
473,0.999592,0.003124,-0.027254,0.007437,180.843399,-3.125996,0.335142,1
593,0.999494,-0.007723,-0.030496,0.003576,180.437332,-3.491777,-0.898762,1
714,0.999022,-0.017371,-0.040546,-0.001259,179.936356,-4.649297,-1.98977,1
835,0.99834,-0.022505,-0.052248,-0.008482,179.159729,-6.010108,-2.53864,1
956,0.997701,-0.026346,-0.062024,-0.006579,179.430618,-7.129318,-2.989833,1
1076,0.9968,-0.029626,-0.072459,-0.015898,178.412979,-8.360282,-3.288738,1
1199,0.996631,-0.032456,-0.074478,-0.010826,179.029678,-8.57804,-3.657629,1
1319,0.996237,-0.04091,-0.076105,-0.006092,179.657272,-8.75071,-4.676773,1
1439,0.995939,-0.054112,-0.071862,0.002353,180.721588,-8.214861,-6.271699,1
1559,0.997027,-0.052207,-0.056521,-0.002814,180.016724,-6.488256,-5.995772,1
1679,0.997484,-0.033195,-0.062152,-0.007234,179.404907,-7.15023,-3.77482,1
1799,0.997879,-0.029213,-0.057118,-0.010655,178.965927,-6.581499,-3.294289,1
1920,0.997578,-0.022881,-0.064368,-0.012736,178.70195,-7.412225,-2.543753,1
2043,0.997701,-0.027296,-0.060285,-0.014283,178.544754,-6.953962,-3.045854,1
2163,0.997498,-0.029691,-0.061157,-0.019146,178.003998,-7.073634,-3.286464,1
2283,0.997167,-0.0278,-0.066356,-0.021782,177.701187,-7.674576,-3.039607,1
2403,0.997667,-0.028918,-0.058963,-0.018393,178.078629,-6.817909,-3.206139,1
2523,0.997287,-0.028887,-0.063745,-0.02261,177.606628,-7.380083,-3.163932,1
2643,0.997639,-0.026148,-0.060054,-0.020414,177.829712,-6.943569,-2.871001,1
2763,0.997076,-0.030325,-0.064658,-0.027026,177.110825,-7.502975,-3.294636,1
2885,0.996795,-0.027694,-0.068416,-0.030713,176.675232,-7.937643,-2.952173,1
3005,0.996934,-0.02688,-0.067399,-0.029126,176.849442,-7.81355,-2.873695,1
3125,0.996419,-0.021021,-0.073039,-0.036928,175.91153,-8.45931,-2.114588,1
3245,0.996611,-0.029993,-0.068993,-0.033154,176.413422,-8.019345,-3.196047,1
3365,0.99621,-0.024388,-0.078603,-0.028008,176.983124,-9.089501,-2.564903,1
3485,0.996638,-0.020948,-0.073681,-0.028913,176.83844,-8.515526,-2.172741,1
3607,0.996707,-0.02073,-0.075563,-0.02066,177.7939,-8.712933,-2.214918,1
3727,0.996364,-0.018983,-0.082576,-0.008418,179.207611,-9.489743,-2.117227,1
3847,0.996287,-0.014734,-0.083184,-0.01631,178.253876,-9.568711,-1.548405,1
3967,0.996388,-0.023388,-0.07965,-0.017637,178.176102,-9.180748,-2.54281,1
4087,0.996792,-0.028309,-0.073499,-0.013936,178.631516,-8.471408,-3.152127,1
4207,0.996744,-0.035164,-0.071183,-0.013739,178.704208,-8.213849,-3.947866,1
4327,0.996493,-0.029699,-0.076159,-0.017614,178.22673,-8.790978,-3.277864,1
4447,0.996783,-0.030654,-0.072794,-0.013257,178.727676,-8.391335,-3.429569,1
4567,0.997472,-0.022312,-0.06692,-0.008057,179.243317,-7.692821,-2.511953,1
4687,0.997006,-0.019528,-0.073803,-0.011898,178.792557,-8.489498,-2.154589,1
4807,0.996933,-0.012836,-0.07607,-0.01286,178.626633,-8.743028,-1.370337,1
4927,0.996604,-0.010014,-0.077955,-0.024403,177.268127,-8.967239,-0.93707,1
5047,0.996976,-0.015121,-0.074975,-0.013449,178.577194,-8.621272,-1.630572,1
5167,0.995346,-0.001784,-0.090347,-0.033332,176.150955,-10.368163,0.143996,1
5288,0.994969,-0.01329,-0.089816,-0.042243,175.23735,-10.361093,-1.098434,1
5408,0.996296,-0.025929,-0.078461,-0.023597,177.507217,-9.065522,-2.783955,1
5528,0.995502,-0.002719,-0.086748,-0.037877,175.636246,-9.957682,0.067344,1
5648,0.995929,-0.009908,-0.082743,-0.034237,176.130325,-9.52572,-0.817421,1
5768,0.995221,-0.000337,-0.085871,-0.046399,174.624878,-9.843208,0.424364,1
5888,0.995562,-0.006413,-0.080412,-0.048373,174.460037,-9.249333,-0.289669,1
6008,0.995608,-0.00821,-0.077823,-0.0513,174.138809,-8.963533,-0.485115,1
6129,0.995906,-0.012736,-0.071521,-0.053707,173.900375,-8.269248,-1.023943,1
6249,0.995397,-0.012639,-0.074049,-0.059443,173.236038,-8.564245,-0.947844,1
6369,0.995188,-0.016038,-0.0729,-0.063408,172.806,-8.460761,-1.313674,1
6489,0.995605,-0.01242,-0.067678,-0.063465,172.769226,-7.835969,-0.933506,1
6609,0.993994,-0.007587,-0.078186,-0.076132,171.254929,-9.008925,-0.184361,1
6729,0.99392,-0.011647,-0.077051,-0.077735,171.106598,-8.915399,-0.648062,1
6849,0.995459,-0.014184,-0.067253,-0.065793,172.513763,-7.802693,-1.121343,1
6970,0.995617,-0.012985,-0.065827,-0.065081,172.586746,-7.629504,-0.999473,1
7090,0.99436,-0.013757,-0.073807,-0.074857,171.460449,-8.559789,-0.944986,1
7210,0.991716,-0.011534,-0.089833,-0.091041,169.544296,-10.385884,-0.379763,1
7330,0.994252,-0.018946,-0.075416,-0.07354,171.658142,-8.786444,-1.541362,1
7450,0.991743,-0.014729,-0.086497,-0.093479,169.297501,-10.039083,-0.758935,1
7570,0.991705,-0.03139,-0.077125,-0.097872,168.946747,-9.155569,-2.738091,1
7690,0.994896,-0.040304,-0.050673,-0.077342,171.333939,-6.146073,-4.173482,1
7812,0.990288,-0.028561,-0.075758,-0.112991,167.16188,-9.003703,-2.288981,1
7932,0.992176,-0.04491,-0.065475,-0.096302,169.220993,-7.965448,-4.430666,1
8052,0.99328,-0.032504,-0.064758,-0.0902,169.829208,-7.730203,-3.059544,1
8172,0.988195,-0.026003,-0.081635,-0.126971,165.507553,-9.668397,-1.782394,1
8292,0.990576,-0.034431,-0.072001,-0.111271,167.410553,-8.644755,-3.025995,1
8412,0.99201,-0.029232,-0.067891,-0.10219,168.417755,-8.086735,-2.554239,1
8533,0.98823,-0.01438,-0.083221,-0.12752,165.330093,-9.680249,-0.418316,1
8653,0.986682,-0.025651,-0.08774,-0.134516,164.616241,-10.372299,-1.573727,1
8773,0.992166,-0.036272,-0.067742,-0.098452,168.908005,-8.13835,-3.395843,1
8893,0.984043,-0.01492,-0.093861,-0.150391,162.627914,-10.90688,-0.066011,1
9013,0.99207,-0.044729,-0.067281,-0.096231,169.233124,-8.169631,-4.391773,1
9133,0.986776,-0.025247,-0.088459,-0.133425,164.738983,-10.446422,-1.527812,1
9253,0.989541,-0.043771,-0.074201,-0.115667,166.984711,-9.031346,-4.03307,1
9374,0.990531,-0.029076,-0.074265,-0.111706,167.315399,-8.83676,-2.378539,1
9494,0.98605,-0.020798,-0.087381,-0.140103,163.913086,-10.262134,-0.962641,1
9614,0.991708,-0.037222,-0.067292,-0.102925,168.395966,-8.113202,-3.473189,1
9734,0.988393,-0.018535,-0.081098,-0.127085,165.423981,-9.49863,-0.931078,1
9854,0.988308,-0.022498,-0.080545,-0.12746,165.418106,-9.49389,-1.390637,1
9974,0.992878,-0.0249,-0.062922,-0.09801,168.864807,-7.459713,-2.144978,1
10094,0.987604,-0.015561,-0.084454,-0.131356,164.890686,-9.8403,-0.497192,1
10215,0.99306,-0.029683,-0.065766,-0.092826,169.5047,-7.823986,-2.704379,1
10335,0.988071,-0.008907,-0.088059,-0.125988,165.44339,-10.152034,0.266996,1
10455,0.990937,-0.025093,-0.073669,-0.109445,167.543518,-8.713594,-1.948318,1
10575,0.992455,-0.021022,-0.069824,-0.09852,168.777985,-8.206239,-1.619259,1
10695,0.986011,-0.019807,-0.092061,-0.137499,164.19841,-10.77738,-0.801615,1
10815,0.992998,-0.03846,-0.067782,-0.088734,170.052368,-8.131217,-3.727179,1
10935,0.98337,-0.018705,-0.101169,-0.149629,162.736053,-11.804386,-0.38118,1
11056,0.990838,-0.041994,-0.078692,-0.101373,168.640732,-9.465647,-3.910168,1
11176,0.991462,-0.025981,-0.080851,-0.098903,168.778748,-9.52397,-2.064309,1
11296,0.985401,-0.007145,-0.096984,-0.139713,163.786484,-11.135675,0.760231,1
11416,0.992326,-0.031126,-0.079183,-0.089671,169.899521,-9.36557,-2.763704,1
11536,0.990147,-0.011581,-0.088939,-0.107495,167.628082,-10.289084,-0.22207,1
11656,0.988662,-0.004497,-0.091432,-0.118991,166.205612,-10.478148,0.749711,1
11776,0.994283,-0.015027,-0.079529,-0.069578,172.08226,-9.220835,-1.092253,1
11896,0.986564,0.001597,-0.098167,-0.130552,164.75975,-11.144257,1.68103,1
12016,0.99624,-0.039074,-0.060522,-0.048027,174.73999,-7.142817,-4.163624,1
12136,0.986804,-0.004486,-0.091614,-0.133404,164.518738,-10.48668,0.908416,1
12256,0.993794,-0.030651,-0.069702,-0.081034,170.884293,-8.250773,-2.874308,1
12376,0.989167,-0.005504,-0.087914,-0.117394,166.413696,-10.091182,0.567541,1
12496,0.989425,-0.011744,-0.089091,-0.113821,166.891068,-10.309855,-0.172268,1
12616,0.992357,-0.011177,-0.078971,-0.094114,169.1987,-9.139547,-0.42468,1
12736,0.984546,0.00812,-0.10052,-0.143147,163.196747,-11.28032,2.616406,1
12856,0.993408,-0.011104,-0.06915,-0.090706,169.604507,-8.013288,-0.550651,1
12976,0.986217,0.005527,-0.092295,-0.137184,163.969833,-10.400617,2.110707,1
13096,0.991328,-0.014917,-0.078784,-0.104068,168.075699,-9.16667,-0.764861,1
13216,0.989528,-0.002805,-0.088929,-0.113623,166.823456,-10.173679,0.853274,1
13336,0.98583,-0.003471,-0.101434,-0.133528,164.452744,-11.590775,1.184124,1
13462,0.992126,-0.018609,-0.080812,-0.093806,169.301743,-9.429986,-1.264092,1
13582,0.983571,0.004097,-0.114933,-0.139114,163.630997,-12.999914,2.354962,1
13702,0.991882,-0.022885,-0.085014,-0.091704,169.586578,-9.953285,-1.734132,1
13822,0.981631,0.006712,-0.117323,-0.150271,162.263336,-13.198143,2.851748,1
13951,0.987893,-0.02138,-0.098174,-0.118166,166.470062,-11.479929,-1.113315,1
14076,0.988558,-0.009742,-0.094836,-0.116858,166.500504,-10.939847,0.169485,1
14196,0.987098,-0.01654,-0.098428,-0.125169,165.593369,-11.446768,-0.468425,1
14318,0.989911,-0.012638,-0.090779,-0.108015,167.5746,-10.512844,-0.315301,1
14438,0.98325,-0.002757,-0.109665,-0.145524,162.992096,-12.501157,1.55516,1
14558,0.991225,-0.016951,-0.083136,-0.101318,168.410248,-9.685974,-0.974154,1
14678,0.985025,-0.004574,-0.093928,-0.14448,163.211899,-10.740646,1.057405,1
14798,0.987288,-0.019808,-0.089302,-0.129952,165.087982,-10.456075,-0.926527,1
14918,0.987839,-0.005835,-0.091566,-0.125491,165.459091,-10.507757,0.66738,1
15041,0.985687,-0.003147,-0.09805,-0.137069,164.048279,-11.195457,1.207679,1
15161,0.990033,-0.004616,-0.087608,-0.110137,167.252487,-10.048781,0.591135,1
15281,0.980159,0.009493,-0.112793,-0.162691,160.793045,-12.592815,3.248865,1
15401,0.988553,-0.012048,-0.088846,-0.121305,166.020447,-10.287145,-0.131946,1
15521,0.980141,0.008785,-0.108832,-0.165507,160.498734,-12.147769,3.122178,1
15641,0.987035,-0.013215,-0.090375,-0.131953,164.783035,-10.480146,-0.130373,1
15761,0.988979,-0.008979,-0.086441,-0.119827,166.16832,-9.969773,0.17198,1
15883,0.983326,-0.004342,-0.109894,-0.144794,163.096603,-12.555184,1.366957,1
16003,0.989049,-0.01616,-0.095824,-0.111039,167.249527,-11.13601,-0.623969,1
16123,0.984169,0.002079,-0.110535,-0.138492,163.756256,-12.532507,2.03763,1
16243,0.986758,-0.012235,-0.095283,-0.130659,164.910263,-11.025174,0.044004,1
16363,0.99092,-0.017532,-0.082537,-0.10464,168.029526,-9.627628,-1.01544,1
16483,0.98507,-0.011079,-0.105454,-0.135595,164.282837,-12.167082,0.396873,1
16603,0.990236,-0.024077,-0.083258,-0.109146,167.567429,-9.796326,-1.715972,1
16725,0.989047,-0.017351,-0.088427,-0.116866,166.594162,-10.309919,-0.795102,1
16845,0.988564,-0.018627,-0.090886,-0.118851,166.371506,-10.609856,-0.887493,1
16972,0.993918,-0.023497,-0.067581,-0.083656,170.520111,-7.947883,-2.048429,1
17092,0.987165,-0.007549,-0.098064,-0.125788,165.42041,-11.274509,0.570544,1
17212,0.993442,-0.02522,-0.072899,-0.084348,170.458267,-8.5746,-2.191496,1
17332,0.99035,-0.009329,-0.089845,-0.105066,167.886276,-10.364916,0.023365,1
17452,0.986716,-0.001189,-0.09982,-0.128133,165.067047,-11.37865,1.358031,1
17573,0.992587,-0.011941,-0.076005,-0.094037,169.218124,-8.808325,-0.545592,1
17693,0.989488,-0.011453,-0.087279,-0.114704,166.788971,-10.099065,-0.153764,1
17813,0.994704,-0.03051,-0.064507,-0.073921,171.697281,-7.63378,-2.958797,1
17933,0.989549,-0.015572,-0.091413,-0.110384,167.327744,-10.623474,-0.620159,1
18053,0.992565,-0.027306,-0.078244,-0.0891,169.929489,-9.218007,-2.337755,1
18173,0.992198,-0.019264,-0.083122,-0.090847,169.651123,-9.697544,-1.344278,1
18295,0.987918,-0.005222,-0.106417,-0.112509,166.920364,-12.206608,0.798889,1
18415,0.992936,-0.017831,-0.085869,-0.079858,170.914001,-9.984023,-1.262274,1
18535,0.989623,-0.003836,-0.101807,-0.101283,168.235001,-11.670255,0.762371,1
18655,0.991518,-0.016568,-0.093547,-0.088643,169.872879,-10.861977,-0.949305,1
18775,0.994062,-0.013586,-0.086042,-0.065153,172.580215,-9.952573,-0.91906,1
18895,0.988505,-0.00354,-0.108518,-0.105168,167.753159,-12.432329,0.92859,1
19015,0.993956,-0.018695,-0.084739,-0.067174,172.396606,-9.843897,-1.499365,1
19137,0.99079,-0.002489,-0.10089,-0.090226,169.51503,-11.558637,0.776265,1
19257,0.992205,-0.009935,-0.091807,-0.083625,170.388428,-10.593749,-0.254133,1
19377,0.993378,-0.010604,-0.086916,-0.074323,171.4841,-10.035402,-0.474109,1
19497,0.988838,0.003479,-0.104625,-0.105984,167.587555,-11.898368,1.701673,1
19617,0.994221,-0.012156,-0.080157,-0.070312,171.970306,-9.270555,-0.7489,1
19737,0.99056,0.004067,-0.099039,-0.09464,168.930374,-11.270358,1.566171,1
19857,0.992553,-0.011424,-0.086761,-0.084691,170.286819,-10.030086,-0.464457,1
19999,0.994678,-0.012718,-0.078167,-0.065841,172.494797,-9.043118,-0.87074,1
20124,0.990437,0.000365,-0.095959,-0.099081,168.464127,-10.95335,1.152048,1
20244,0.994114,-0.014337,-0.080645,-0.070854,171.927551,-9.344639,-0.991663,1
20364,0.990833,0.001879,-0.096867,-0.094099,169.025925,-11.046483,1.281736,1
20484,0.992018,-0.011775,-0.088891,-0.088605,169.83197,-10.279462,-0.443087,1
20604,0.994421,-0.024794,-0.077012,-0.06762,172.397598,-9.004844,-2.257019,1
20726,0.989453,-0.007812,-0.096769,-0.107464,167.572556,-11.138129,0.311756,1
20846,0.992686,-0.016835,-0.083204,-0.085791,170.215454,-9.676125,-1.112964,1
20966,0.990484,-0.003001,-0.093541,-0.100862,168.300537,-10.714019,0.753629,1
21086,0.991687,-0.012645,-0.085111,-0.095623,169.0289,-9.859029,-0.511931,1
21206,0.992465,-0.020854,-0.0824,-0.088209,169.973526,-9.62719,-1.56101,1
21326,0.988024,-0.002831,-0.10129,-0.116326,166.463715,-11.584465,1.051088,1
21446,0.993161,-0.012719,-0.080412,-0.083632,170.429169,-9.314409,-0.685962,1
21568,0.988774,0.004385,-0.099249,-0.111567,166.947205,-11.261789,1.800725,1
21688,0.991471,-0.009071,-0.087055,-0.096523,168.88533,-10.042365,-0.068733,1
21808,0.992068,-0.000656,-0.086875,-0.090801,169.467819,-9.932711,0.842074,1
21928,0.986726,0.007949,-0.103818,-0.124586,165.358292,-11.706556,2.432297,1
22048,0.99254,-0.010338,-0.081882,-0.089688,169.701431,-9.462154,-0.338904,1
22168,0.989858,0.005908,-0.09465,-0.105731,167.632706,-10.727009,1.849559,1
22288,0.98826,0.006131,-0.097332,-0.117569,166.234512,-11.007414,2.043651,1
22409,0.990548,0.008942,-0.08854,-0.104339,167.789886,-9.99373,2.106031,1
22529,0.985696,0.010323,-0.104792,-0.131559,164.506592,-11.76335,2.805881,1
22649,0.992567,-0.011064,-0.081432,-0.089717,169.705536,-9.418171,-0.427009,1
22769,0.987734,0.008062,-0.09879,-0.120617,165.849197,-11.140291,2.322375,1
22889,0.989411,-0.00724,-0.090449,-0.113244,166.908554,-10.405998,0.358738,1
23009,0.988512,0.006468,-0.094282,-0.117919,166.204407,-10.653708,2.042277,1
23129,0.988468,-0.000827,-0.093159,-0.119342,166.119965,-10.624187,1.201051,1
23251,0.992002,-0.008048,-0.079401,-0.097743,168.747696,-9.154935,-0.025871,1
23371,0.986064,0.006898,-0.102433,-0.13088,164.639648,-11.548951,2.364198,1
23491,0.991969,-0.006198,-0.076716,-0.100327,168.43576,-8.826499,0.179515,1
23611,0.991375,-0.002122,-0.081744,-0.102377,168.148758,-9.352786,0.727622,1
23731,0.98762,-0.001722,-0.094295,-0.125315,165.426208,-10.75953,1.180067,1
23851,0.991995,-0.014061,-0.078343,-0.097993,168.774826,-9.101671,-0.727849,1
23971,0.989145,0.000571,-0.092068,-0.114484,166.677185,-10.486664,1.294313,1
24094,0.989396,-0.001391,-0.088122,-0.115415,166.602859,-10.060954,1.023551,1
24214,0.993674,-0.006446,-0.071461,-0.086342,170.069901,-8.229053,-0.027237,1
24334,0.988418,0.004733,-0.09171,-0.120781,165.89978,-10.378663,1.835755,1
24454,0.991689,-0.011101,-0.078079,-0.101609,168.328079,-9.03958,-0.356798,1
24574,0.994525,-0.00348,-0.067957,-0.079252,170.872543,-7.800351,0.222631,1
24694,0.990917,0.003392,-0.082956,-0.105742,167.701843,-9.421019,1.409509,1
24816,0.99341,-0.011715,-0.072574,-0.087887,169.933289,-8.409672,-0.609272,1
24936,0.991456,0.000513,-0.082025,-0.101379,168.239594,-9.354645,1.024826,1
25056,0.990727,-0.004051,-0.082069,-0.108168,167.491821,-9.409666,0.564962,1
25176,0.992685,-0.006988,-0.074416,-0.094768,169.092499,-8.57289,0.013317,1
25296,0.991682,-0.008598,-0.081408,-0.099286,168.569626,-9.390891,-0.051545,1
25416,0.989538,-0.00782,-0.086881,-0.114872,166.734009,-10.005443,0.260847,1
25536,0.991445,-0.014743,-0.078877,-0.102903,168.209534,-9.174294,-0.754513,1
25657,0.990229,-0.008748,-0.084865,-0.110269,167.284958,-9.787832,0.080846,1
25777,0.98908,-0.009889,-0.085732,-0.119436,166.224716,-9.901404,0.053334,1
25897,0.992258,-0.015761,-0.076045,-0.096869,168.92276,-8.856791,-0.959433,1
26017,0.987957,-0.004062,-0.092676,-0.123799,165.634521,-10.610187,0.869785,1
26172,0.991573,-0.021958,-0.076064,-0.102498,168.323563,-8.93689,-1.621485,1
26292,0.989814,-0.01015,-0.084202,-0.114312,166.828644,-9.730244,-0.048961,1
26412,0.987403,-0.010783,-0.090163,-0.129545,165.040405,-10.419168,0.120304,1
26546,0.991325,-0.016395,-0.071936,-0.108735,167.552765,-8.40612,-0.976603,1
26666,0.985705,-0.006039,-0.093971,-0.139679,163.790421,-10.77444,0.836818,1
26786,0.98915,-0.012754,-0.079376,-0.122923,165.859085,-9.216501,-0.331833,1
26906,0.987681,0.000744,-0.083342,-0.132404,164.616409,-9.464396,1.36741,1
27026,0.984187,0.0005,-0.09247,-0.151049,162.394684,-10.478434,1.68528,1
27146,0.989841,-0.012064,-0.076876,-0.118955,166.320007,-8.920288,-0.324379,1
27266,0.984207,-0.005612,-0.094964,-0.14926,162.657089,-10.871274,1.00954,1
27388,0.990195,-0.018684,-0.076348,-0.115445,166.788101,-8.946587,-1.123745,1
27508,0.988198,-0.011596,-0.087682,-0.125037,165.58255,-10.148125,-0.057671,1
27628,0.983505,-0.001583,-0.100161,-0.150579,162.433197,-11.390464,1.581218,1
27754,0.990669,-0.021363,-0.075735,-0.111235,167.302185,-8.905684,-1.477765,1
27874,0.983843,-0.003409,-0.097882,-0.14984,162.551758,-11.164297,1.321434,1
27994,0.986999,-0.009796,-0.08548,-0.135726,164.320984,-9.868977,0.224883,1
28115,0.988032,0.005465,-0.083183,-0.129752,164.882874,-9.378598,1.88108,1
28235,0.982408,0.011803,-0.100542,-0.156901,161.538803,-11.177097,3.198776,1
28355,0.99081,-0.007807,-0.069528,-0.115727,166.673645,-8.023792,0.036037,1
28475,0.983731,0.00577,-0.094361,-0.152734,162.132355,-10.596361,2.342554,1
28595,0.987443,-0.008275,-0.078604,-0.136753,164.206741,-9.061671,0.299141,1
28715,0.987152,-0.003381,-0.081483,-0.137372,164.081009,-9.311509,0.912243,1
28835,0.982929,0.000357,-0.095023,-0.15752,161.622711,-10.759603,1.787154,1
28958,0.986542,-0.004267,-0.084568,-0.139841,163.789505,-9.674651,0.885392,1
29078,0.987496,-0.010281,-0.08084,-0.134916,164.433273,-9.348067,0.087583,1
29198,0.986971,-0.006384,-0.087352,-0.13494,164.37355,-10.029206,0.638463,1
29318,0.982214,0.004319,-0.097065,-0.160643,161.201813,-10.91134,2.31543,1
29438,0.987406,-0.010377,-0.080056,-0.136031,164.30603,-9.260262,0.07473,1
29558,0.987038,-0.008677,-0.082372,-0.137431,164.120255,-9.496898,0.320231,1
29678,0.984091,-0.007025,-0.088373,-0.153938,162.149933,-10.142496,0.778929,1
29800,0.9895,-0.02118,-0.071922,-0.123534,165.871353,-8.485963,-1.39889,1
29920,0.986139,-0.006442,-0.083831,-0.143012,163.441711,-9.623968,0.655068,1
30040,0.986118,-0.012567,-0.080626,-0.144581,163.324951,-9.360642,-0.085386,1
30160,0.990251,-0.015662,-0.070017,-0.119361,166.313324,-8.187144,-0.828049,1
199,0.999944,-0.003858,0.00939,-0.000454,179.943802,1.075872,-0.442684,2
319,0.999797,-0.008262,0.01801,-0.002087,179.743652,2.061807,-0.951532,2
439,0.999577,-0.011277,0.026482,-0.002816,179.642731,3.031099,-1.302203,2
559,0.99929,-0.013873,0.034711,-0.003794,179.509216,3.971914,-1.607723,2
679,0.998972,-0.019364,0.040616,-0.004614,179.379654,4.644272,-2.246073,2
799,0.998503,-0.024363,0.048717,-0.004087,179.393524,5.571595,-2.824871,2
919,0.997856,-0.02657,0.059452,-0.005768,179.153458,6.796441,-3.100744,2
1041,0.9971,-0.030868,0.069019,-0.008192,178.808472,7.881912,-3.628375,2
1161,0.996358,-0.036663,0.076244,-0.010196,178.498123,8.695603,-4.328825,2
1281,0.995528,-0.042334,0.084026,-0.007896,178.672989,9.592025,-4.9813,2
1401,0.994603,-0.046129,0.092631,-0.007,178.69014,10.580444,-5.432164,2
1521,0.993559,-0.049719,0.101476,-0.007896,178.491974,11.587207,-5.882462,2
1666,0.992431,-0.055327,0.109348,-0.007318,178.437393,12.487814,-6.552652,2
1791,0.991184,-0.059808,0.117882,-0.008488,178.177673,13.454336,-7.121002,2
1912,0.989986,-0.064837,0.125063,-0.008661,178.027039,14.270331,-7.741197,2
2032,0.988605,-0.069033,0.133466,-0.008494,177.908066,15.231385,-8.268464,2
2152,0.987309,-0.073579,0.140464,-0.008335,177.786057,16.029741,-8.835862,2
2272,0.985901,-0.077557,0.147946,-0.009418,177.51329,16.873423,-9.364766,2
2392,0.985053,-0.079313,0.152225,0.014101,180.218414,17.585924,-9.172739,2
2512,0.983647,-0.076073,0.157585,0.04255,183.610245,18.450823,-8.258012,2
2632,0.981353,-0.089092,0.170294,-0.000147,178.137558,19.524509,-10.695114,2
2754,0.978329,-0.094577,0.176112,0.053885,184.424255,20.780218,-10.231739,2
2874,0.97704,-0.10294,0.185576,0.018692,179.896515,21.498552,-12.048461,2
2994,0.975667,-0.095884,0.190931,0.049162,183.680069,22.457464,-10.494573,2
3114,0.972488,-0.104997,0.202015,0.049229,183.340775,23.781702,-11.620679,2
3234,0.969344,-0.109396,0.210201,0.064897,185.050568,24.942762,-11.760018,2
3354,0.966581,-0.107963,0.219579,0.076432,186.419189,26.166727,-11.253069,2
3474,0.963992,-0.107054,0.229219,0.081911,187.039154,27.352829,-10.958693,2
3596,0.963467,-0.104777,0.233148,0.079915,186.824219,27.775385,-10.723785,2
3716,0.958342,-0.115012,0.240105,0.103414,189.404022,28.946493,-11.254197,2
3836,0.955853,-0.113502,0.243921,0.118133,191.299973,29.546005,-10.554625,2
3956,0.956477,-0.112668,0.251615,0.095599,188.393951,30.190052,-11.168326,2
4076,0.955077,-0.11017,0.25821,0.09492,188.340668,30.93973,-10.847898,2
4196,0.955185,-0.10971,0.26395,0.076862,185.980087,31.406507,-11.421364,2
4316,0.951443,-0.118193,0.272793,0.079758,185.943344,32.544056,-12.426128,2
4438,0.946253,-0.128703,0.278601,0.102045,188.382309,33.608929,-12.955094,2
4558,0.942792,-0.125429,0.289142,0.108629,189.285202,34.921318,-12.229663,2
4678,0.944046,-0.12568,0.29415,0.080307,185.451538,35.139481,-13.438737,2
4798,0.940932,-0.12486,0.303277,0.084087,185.87439,36.27951,-13.191525,2
4918,0.939133,-0.125388,0.305446,0.094872,187.278946,36.691158,-12.792883,2
5038,0.936756,-0.125506,0.310088,0.102824,188.304352,37.355854,-12.450147,2
5158,0.931767,-0.126811,0.318471,0.119571,190.471863,38.594666,-11.824533,2
5279,0.928529,-0.128749,0.327633,0.117926,190.077896,39.702286,-12.141708,2
5399,0.92736,-0.133849,0.333685,0.103606,187.747559,40.287785,-13.580029,2
5519,0.926595,-0.137274,0.33813,0.090764,185.701859,40.657623,-14.739875,2
5639,0.924539,-0.13456,0.342395,0.099391,187.005035,41.289474,-13.919399,2
5759,0.918322,-0.130986,0.349644,0.131406,191.733932,42.578304,-11.649306,2
5879,0.920162,-0.151697,0.34921,0.091288,184.79689,42.094486,-16.876053,2
5999,0.912756,-0.134269,0.355947,0.148802,194.072693,43.609806,-11.082468,2
6120,0.917542,-0.160546,0.352988,0.087936,183.73703,42.531677,-18.394428,2
6240,0.914638,-0.153423,0.357089,0.111254,187.431519,43.420876,-16.081867,2
6360,0.911031,-0.237289,0.307725,0.137889,187.754196,38.765442,-26.466028,2
6480,0.881896,-0.372836,0.221733,0.184604,190.883713,31.920719,-42.712269,2
6600,0.80672,-0.532431,0.109487,0.231786,196.506088,25.053865,-63.156868,2
6720,0.696939,-0.66088,0.037838,0.275816,201.593384,24.664448,-82.182182,2
6840,0.608522,-0.73534,0.001892,0.298269,203.662766,26.165134,-95.207161,2
6962,0.592549,-0.74366,-0.005157,0.309548,204.859818,27.018944,-96.841057,2
7082,0.59298,-0.740128,-0.00439,0.317109,205.590408,27.658178,-96.197304,2
7202,0.611391,-0.72154,0.011589,0.324711,205.739838,28.86552,-92.716797,2
7322,0.730026,-0.589133,0.123807,0.323492,203.243286,34.189068,-70.56842,2
7442,0.78922,-0.490097,0.202607,0.309641,201.780838,38.558399,-55.978832,2
7562,0.833731,-0.370561,0.291712,0.287181,201.557541,44.367279,-39.048302,2
7704,0.857605,-0.272864,0.340547,0.272171,204.383545,47.108341,-24.53709,2
7829,0.878094,-0.168071,0.382057,0.233938,205.257126,48.55582,-10.129497,2
7949,0.878767,-0.053518,0.443874,0.166949,204.081604,52.938896,5.154952,2
8069,0.85612,0.076133,0.502212,0.095061,206.612076,57.718315,25.015343,2
8189,0.805257,0.23181,0.545587,0.012309,214.002045,60.805485,52.460606,2
8309,0.782539,0.284698,0.552911,-0.029314,214.807236,61.889587,61.270786,2
8429,0.766918,0.305707,0.561223,-0.058303,214.93187,63.698128,65.585396,2
8551,0.760587,0.302841,0.57098,-0.061383,216.560104,64.922989,67.155594,2
8671,0.771958,0.260287,0.578665,-0.038334,216.480042,65.974777,61.414574,2
8791,0.794393,0.183703,0.578931,0.004787,213.756439,66.64106,48.601517,2
8911,0.837451,-0.007818,0.53862,0.092167,199.917709,64.632233,11.606277,2
9031,0.843397,-0.167486,0.482339,0.167241,194.131012,60.415455,-14.208771,2
9151,0.830653,-0.26419,0.441197,0.213439,193.158417,57.751328,-28.007204,2
9271,0.818164,-0.301645,0.428345,0.236916,193.938843,57.54813,-32.794426,2
9393,0.81692,-0.296209,0.434445,0.23696,194.271423,58.232723,-31.882629,2
9513,0.812428,-0.300736,0.438281,0.239623,194.089417,58.900398,-32.642632,2
9633,0.80621,-0.321793,0.437752,0.234179,190.705704,58.931885,-37.456726,2
9753,0.799909,-0.333219,0.442628,0.230615,188.384415,59.52092,-40.429699,2
9873,0.788989,-0.335078,0.447983,0.254011,192.092438,61.298626,-38.837494,2
9993,0.772502,-0.33935,0.453534,0.28702,197.74472,63.574295,-36.378311,2
10113,0.781997,-0.361135,0.436943,0.259105,190.495789,60.519089,-43.440517,2
10235,0.765738,-0.345624,0.45476,0.295592,198.576019,64.260841,-36.855301,2
10355,0.759537,-0.345662,0.458072,0.30624,200.713913,65.169739,-35.613766,2
10475,0.756671,-0.353341,0.456283,0.30724,199.847382,65.180252,-37.297329,2
10595,0.750618,-0.357785,0.455807,0.31748,201.451385,65.706963,-37.021011,2
10715,0.742551,-0.358809,0.45631,0.334136,205.100998,66.555916,-34.953766,2
10835,0.737435,-0.356771,0.453317,0.351282,209.629379,66.814934,-31.843033,2
10955,0.724923,-0.355704,0.460087,0.369151,214.359512,68.383842,-28.546307,2
11076,0.721107,-0.361889,0.460657,0.369903,213.529037,68.763466,-30.004202,2
11196,0.717762,-0.374927,0.459094,0.365339,210.047134,68.905876,-34.292896,2
11316,0.713566,-0.38539,0.456437,0.365998,208.395432,68.987236,-37.021183,2
11442,0.710382,-0.394163,0.453219,0.366849,207.12175,68.925323,-39.24728,2
11562,0.703585,-0.395354,0.45371,0.377892,209.75061,69.594543,-37.745422,2
11682,0.697874,-0.401527,0.449993,0.386323,210.9534,69.770508,-37.973305,2
11802,0.686049,-0.40193,0.454342,0.401687,215.110825,71.13858,-35.231052,2
11924,0.688073,-0.415432,0.447717,0.391807,209.788132,70.332565,-41.015232,2
12044,0.679573,-0.417959,0.44754,0.403968,212.649094,71.077217,-39.550556,2
12164,0.668555,-0.407979,0.452075,0.426857,221.667694,72.320724,-31.70038,2
12284,0.661955,-0.413107,0.451498,0.432781,222.563232,72.806557,-31.882538,2
12404,0.66494,-0.430655,0.442054,0.420679,214.998398,71.844383,-40.123852,2
12524,0.658011,-0.439576,0.44158,0.422839,213.684357,72.339066,-42.528145,2
12644,0.639848,-0.429747,0.4519,0.449099,224.711151,74.642578,-32.953949,2
12767,0.632852,-0.434852,0.452026,0.453944,225.352036,75.223686,-33.298244,2
12887,0.640704,-0.458037,0.441793,0.429548,211.197998,73.661049,-47.499409,2
13007,0.631903,-0.46179,0.443198,0.437054,212.428406,74.529968,-47.364254,2
13127,0.611511,-0.452715,0.455334,0.462348,224.148666,77.292969,-37.089668,2
13247,0.608262,-0.46337,0.450231,0.461074,220.298615,77.164589,-41.963707,2
13367,0.599471,-0.46603,0.449614,0.470414,223.426971,77.827026,-40.076035,2
13487,0.598881,-0.478829,0.440185,0.467218,218.13121,77.077194,-46.500263,2
13613,0.591024,-0.475641,0.442526,0.478141,223.664352,77.94117,-41.735466,2
13754,0.586833,-0.472024,0.443743,0.485699,228.358841,78.330246,-37.441036,2
13874,0.587611,-0.475907,0.442622,0.481978,225.31192,78.218361,-40.516575,2
13994,0.587346,-0.488989,0.437662,0.473663,217.355591,77.782501,-49.047527,2
14114,0.592694,-0.498209,0.434551,0.460063,209.447952,76.787064,-56.570179,2
14234,0.593051,-0.487081,0.444916,0.46161,212.669312,77.795242,-52.181526,2
14357,0.583461,-0.490669,0.444589,0.470265,214.707626,78.605354,-51.423737,2
14477,0.582492,-0.512826,0.431116,0.460264,204.682068,76.985771,-62.97834,2
14597,0.584857,-0.521818,0.421601,0.455954,202.199844,75.696526,-66.141014,2
14717,0.570479,-0.516602,0.428638,0.47322,207.725052,77.956764,-61.73629,2
14837,0.555756,-0.518791,0.430327,0.486623,211.170441,79.490356,-59.93819,2
14957,0.547675,-0.523001,0.42705,0.494108,212.747162,79.933853,-59.686989,2
15077,0.545081,-0.532761,0.419389,0.493109,209.257095,79.302444,-64.273178,2
15199,0.542134,-0.53933,0.414863,0.493045,207.184021,79.00721,-67.152328,2
15319,0.525297,-0.532478,0.42385,0.510757,215.616196,81.582733,-59.786415,2
15439,0.519399,-0.542074,0.416816,0.512481,212.308151,81.337509,-64.491142,2
15559,0.520234,-0.560675,0.397113,0.507241,205.875336,79.105721,-72.795486,2
15679,0.50382,-0.55664,0.401847,0.52424,212.411667,81.318665,-67.664398,2
15799,0.511773,-0.571748,0.387988,0.510538,203.948792,78.790253,-76.570618,2
15919,0.50352,-0.572141,0.390707,0.5162,204.215134,79.78054,-76.965111,2
16041,0.491375,-0.566733,0.396397,0.529364,209.515945,81.719215,-72.468414,2
16161,0.474407,-0.568164,0.395783,0.543576,214.5802,83.317047,-69.311134,2
16281,0.458159,-0.573879,0.391155,0.554744,217.096649,84.346428,-68.97113,2
16401,0.453595,-0.576991,0.386546,0.558486,218.070206,84.356773,-68.926643,2
16521,0.445049,-0.579956,0.386217,0.562503,217.433151,85.020546,-70.478149,2
16641,0.448643,-0.592605,0.371412,0.556402,209.366592,83.080406,-79.595963,2
16761,0.436699,-0.595243,0.369921,0.564029,210.114578,84.019745,-80.21814,2
16883,0.412597,-0.589598,0.37802,0.582435,224.28801,87.128738,-67.691444,2
17003,0.424334,-0.604108,0.360374,0.57019,208.308029,84.126541,-84.180504,2
17123,0.418507,-0.604795,0.358929,0.574662,209.777283,84.582932,-83.433502,2
17248,0.398832,-0.597628,0.369913,0.589007,220.455444,87.543053,-73.652626,2
17368,0.393923,-0.601865,0.368496,0.588885,210.320724,87.674683,-84.399857,2
17488,0.406085,-0.622208,0.350045,0.57045,194.899353,83.811165,-100.346603,2
17608,0.39839,-0.621117,0.354638,0.574215,190.79985,84.79557,-104.77417,2
17730,0.374645,-0.610679,0.367251,0.593153,171.232986,88.440659,-125.465698,2
17850,0.38433,-0.624457,0.348705,0.58373,189.929535,85.608139,-107.571075,2
17970,0.381712,-0.626295,0.344441,0.586005,191.848053,85.545303,-106.30233,2
18090,0.364724,-0.620546,0.352509,0.59802,177.989716,87.910065,-121.03804,2
18210,0.3664,-0.629838,0.342091,0.593314,183.565079,86.436737,-116.265831,2
18330,0.365556,-0.634863,0.334296,0.592922,187.013916,85.753929,-113.611908,2
18450,0.33664,-0.622616,0.349448,0.613922,95.169334,88.723442,153.184052,2
18571,0.316755,-0.619254,0.352878,0.625827,51.421017,87.015289,107.949608,2
18691,0.331958,-0.633723,0.33207,0.614752,151.661835,88.444801,-152.323975,2
18811,0.313708,-0.630844,0.338924,0.623494,78.775459,87.858994,133.729782,2
18931,0.302505,-0.63089,0.339346,0.628732,66.358826,87.000168,120.345367,2
19051,0.310324,-0.64198,0.322663,0.622447,121.137794,88.112907,174.309647,2
19171,0.298573,-0.642315,0.321646,0.628348,95.183739,87.801895,147.199081,2
19294,0.289706,-0.644157,0.317948,0.632482,87.017433,87.512657,137.906006,2
19414,0.285265,-0.64846,0.311415,0.633353,95.064369,87.541702,144.970734,2
19534,0.273604,-0.648203,0.309968,0.639442,79.174393,86.959854,127.919266,2
19654,0.283072,-0.653857,0.294528,0.636857,121.928894,88.322403,170.129471,2
19799,0.273631,-0.656499,0.290579,0.64007,110.605453,88.072876,157.619522,2
19935,0.260999,-0.65583,0.292802,0.645,85.755852,87.267128,131.859558,2
20055,0.255565,-0.65854,0.287791,0.646668,87.630516,87.20726,132.817459,2
20177,0.249723,-0.660807,0.284379,0.648145,87.882042,87.000816,132.260666,2
20297,0.249189,-0.664638,0.27674,0.647741,99.692574,87.370583,143.352524,2
20417,0.243811,-0.666181,0.274577,0.649121,97.508575,87.139389,140.513519,2
20537,0.239805,-0.668493,0.270245,0.650054,100.068253,87.106529,142.348877,2
20657,0.234446,-0.669503,0.26565,0.652858,97.369621,87.12458,138.785522,2
20777,0.224986,-0.67117,0.261289,0.656226,92.263054,86.810028,132.487625,2
20897,0.233803,-0.67407,0.251214,0.654102,118.862946,87.840431,158.969223,2
21019,0.234107,-0.676005,0.244832,0.654416,133.796356,88.032677,173.381424,2
21139,0.224781,-0.676643,0.239788,0.658879,120.641022,88.101227,158.984451,2
21259,0.217692,-0.677585,0.236075,0.661626,112.256416,88.013672,149.672745,2
21379,0.211239,-0.677776,0.23246,0.664794,103.182259,87.970688,139.736206,2
21499,0.203265,-0.672269,0.232024,0.672974,70.677368,87.657326,106.516167,2
21619,0.200271,-0.671112,0.224215,0.677657,57.25296,87.974937,92.167542,2
21739,0.198736,-0.665529,0.216193,0.686168,23.164621,87.797081,57.27898,2
21860,0.18771,-0.678933,0.212233,0.677321,77.345161,87.994942,110.17952,2
21980,0.184412,-0.67545,0.210974,0.682086,59.745285,87.769279,92.19915,2
22100,0.179155,-0.679243,0.205142,0.681499,69.281761,87.87339,100.798103,2
22220,0.177698,-0.682738,0.206102,0.67809,83.555916,87.656319,115.034866,2
22340,0.174235,-0.683668,0.20507,0.678364,84.208344,87.453857,115.311241,2
22460,0.170547,-0.683323,0.198393,0.681627,78.371124,87.727554,108.59903,2
22580,0.170946,-0.680637,0.1971,0.684583,66.342857,87.843956,96.493713,2
22700,0.163737,-0.68377,0.189975,0.685237,72.326172,87.857803,101.275185,2
22820,0.164543,-0.680909,0.18592,0.688995,54.94183,88.133553,83.616043,2
22940,0.144901,-0.69992,0.181372,0.675434,110.537888,86.432343,137.216446,2
23060,0.151458,-0.685575,0.176656,0.689805,67.065346,87.916626,93.876221,2
23180,0.146599,-0.694781,0.171601,0.682886,102.449249,87.744408,128.439407,2
23300,0.145195,-0.688065,0.167933,0.690851,70.234009,88.129364,95.793808,2
23420,0.137301,-0.698737,0.164894,0.682434,108.243614,87.392632,132.909607,2
23542,0.13607,-0.689785,0.160927,0.692658,71.295418,87.959145,95.519417,2
23662,0.13174,-0.698837,0.158571,0.684922,105.573853,87.539391,129.251541,2
23782,0.131471,-0.690023,0.149987,0.695758,61.325886,88.412056,84.255081,2
23902,0.130678,-0.698166,0.149313,0.687884,107.484055,88.259651,130.297928,2
24022,0.130041,-0.687974,0.139972,0.700129,28.252851,88.707138,50.242115,2
24142,0.128085,-0.694053,0.137032,0.695053,72.856483,89.235107,94.396149,2
24262,0.136594,-0.675495,0.122761,0.714122,329.720886,86.666748,-9.129778,2
24384,0.134596,-0.669458,0.110776,0.722101,325.649841,85.310951,-14.34516,2
24504,0.131335,-0.6711,0.105925,0.721905,323.759003,85.390114,-16.903883,2
24624,0.120083,-0.686382,0.108473,0.709003,323.519775,87.92585,-17.863554,2
24744,0.111039,-0.687577,0.104549,0.709908,335.021027,88.101532,-7.431659,2
24864,0.109615,-0.688351,0.099373,0.710123,326.297455,88.036758,-16.692225,2
24984,0.108403,-0.68816,0.098587,0.710603,327.951263,88.001884,-15.202991,2
25104,0.111184,-0.683398,0.095635,0.715158,325.497833,87.125061,-17.670078,2
25247,0.097325,-0.703159,0.093948,0.698041,205.62265,89.450348,-138.770355,2
25371,0.103497,-0.690599,0.091372,0.709933,319.975769,88.136177,-24.166286,2
25491,0.105358,-0.690974,0.10249,0.707773,341.855927,88.599602,-1.233419,2
25611,0.104333,-0.692711,0.10212,0.706279,342.333008,88.862885,-0.870184,2
25731,0.101556,-0.694306,0.097835,0.705724,333.833374,89.000443,-9.939174,2
25851,0.098061,-0.695865,0.091694,0.705507,318.830383,89.035515,-25.715704,2
25971,0.083463,-0.697112,0.066479,0.708972,298.824005,88.305801,-48.976509,2
26093,0.050901,-0.690714,0.017581,0.721114,309.593872,86.337395,-44.841393,2
26213,0.006308,-0.669411,-0.06977,0.739576,315.261444,81.603348,-49.891605,2
26333,-0.059244,-0.633694,-0.184807,0.748839,322.531708,76.160004,-57.487469,2
26453,-0.12062,-0.593591,-0.279823,0.744843,330.188751,72.132614,-63.122211,2
26573,-0.171513,-0.551624,-0.363066,0.731074,335.755646,68.606483,-69.491615,2
26693,-0.203965,-0.525036,-0.421085,0.710926,337.39502,66.678154,-76.256538,2
26818,-0.214395,-0.521536,-0.442135,0.697526,336.000061,66.513466,-80.607925,2
26938,-0.206801,-0.53155,-0.429054,0.700423,334.527527,67.231682,-80.069778,2
27058,-0.160196,-0.567534,-0.360477,0.722697,329.74173,69.358391,-74.209366,2
27178,-0.074305,-0.61458,-0.238718,0.748181,322.032501,72.767639,-63.837696,2
27298,-0.014819,-0.636988,-0.134353,0.758925,321.66861,76.12822,-50.527893,2
27418,0.051585,-0.655349,-0.013295,0.75344,324.959564,80.456779,-31.92355,2
27538,0.108574,-0.661085,0.088176,0.737153,336.977539,83.611038,-7.001031,2
27658,0.154276,-0.660464,0.163687,0.716369,356.551544,85.399254,22.557169,2
27778,0.200976,-0.656185,0.234983,0.688335,28.645985,86.200119,64.566475,2
27898,0.258102,-0.63971,0.307808,0.655286,49.000767,85.771812,96.199921,2
28018,0.346291,-0.608524,0.422396,0.575634,80.386711,83.274162,146.359024,2
28138,0.408874,-0.5732,0.515472,0.48841,87.45562,78.943611,169.544983,2
28258,0.428887,-0.55537,0.550719,0.452018,86.111534,77.024696,174.507111,2
28378,0.432801,-0.552991,0.558199,0.441916,86.648651,76.392212,176.421036,2
28500,0.423079,-0.561241,0.55396,0.446243,87.184898,75.844772,175.424835,2
28620,0.388826,-0.587282,0.521347,0.481771,88.117828,76.239212,168.936371,2
28740,0.304618,-0.633425,0.409209,0.581825,85.832535,80.536209,146.687195,2
28860,0.239738,-0.65465,0.318484,0.642276,75.646431,83.533348,122.214706,2
28980,0.183546,-0.666519,0.23853,0.682025,56.876427,85.363884,91.624481,2
29100,0.133806,-0.668902,0.165246,0.712286,23.716089,85.651436,48.142979,2
29220,0.078723,-0.667634,0.086424,0.735249,359.783356,84.478874,13.210142,2
29342,0.025268,-0.655467,0.007885,0.754755,348.722382,81.822334,-8.583083,2
29462,-0.012741,-0.642518,-0.052146,0.764383,344.721405,79.605263,-20.558357,2
29582,-0.054416,-0.628212,-0.118314,0.767061,342.344574,77.588715,-31.767832,2
29702,-0.090453,-0.612668,-0.173648,0.765698,342.315369,75.848434,-39.376118,2
29822,-0.135654,-0.594799,-0.239451,0.755293,342.634644,74.463364,-48.418011,2
29942,-0.166886,-0.588907,-0.280879,0.739214,341.453857,74.666954,-55.806301,2
30062,-0.188878,-0.575394,-0.319925,0.72862,340.775482,73.605347,-61.852165,2
197,0.999897,0.004004,-0.013377,0.001443,180.159271,-1.533548,0.456687,3
317,0.999628,0.008996,-0.025576,-0.000261,179.94368,-2.930712,1.032693,3
438,0.999067,0.014016,-0.040726,-0.000779,179.844849,-4.666452,1.613873,3
558,0.998318,0.018986,-0.054629,-0.002857,179.55162,-6.255685,2.203485,3
678,0.99743,0.02566,-0.066497,-0.0067,179.030106,-7.602993,3.0118,3
798,0.996455,0.030089,-0.077399,-0.013177,178.206924,-8.82726,3.597567,3
918,0.995848,0.032253,-0.081957,-0.022826,177.052216,-9.309121,3.950107,3
1040,0.995523,0.031579,-0.082662,-0.033089,175.867615,-9.351649,3.971899,3
1160,0.995074,0.032164,-0.082913,-0.043707,174.631729,-9.334496,4.141247,3
1280,0.994369,0.034552,-0.084824,-0.053225,173.496414,-9.498125,4.521023,3
1400,0.993791,0.033587,-0.085486,-0.062731,172.400177,-9.537702,4.506227,3
1520,0.993173,0.031028,-0.084864,-0.073712,171.1548,-9.438876,4.310526,3
1640,0.992502,0.030287,-0.084551,-0.082857,170.102417,-9.370302,4.308878,3
1760,0.991797,0.028186,-0.084884,-0.091268,169.143463,-9.39443,4.150354,3
1883,0.990842,0.02794,-0.08445,-0.101546,167.954041,-9.304365,4.214285,3
2004,0.989714,0.026874,-0.08461,-0.112145,166.729935,-9.291193,4.193827,3
2125,0.988451,0.027596,-0.085182,-0.122225,165.545441,-9.302704,4.380676,3
2245,0.987297,0.029382,-0.088378,-0.128692,164.751892,-9.610371,4.69863,3
2365,0.986309,0.023602,-0.089586,-0.136393,163.899094,-9.804083,4.131646,3
2485,0.984457,0.02961,-0.088464,-0.148774,162.402725,-9.51854,4.922207,3
2606,0.978308,0.086993,-0.09697,-0.161037,160.343079,-9.306439,11.778612,3
2729,0.970463,0.132653,-0.107506,-0.170407,158.643616,-9.407287,17.344646,3
2850,0.973666,0.072469,-0.11173,-0.185014,157.44812,-10.997187,10.712276,3
2971,0.975976,-0.017669,-0.105034,-0.190049,157.92778,-12.22418,0.318632,3
3092,0.962388,-0.171545,-0.078941,-0.195299,159.053421,-12.647283,-17.866245,3
3213,0.956638,-0.199891,-0.071272,-0.199496,158.79245,-12.481136,-21.258631,3
3334,0.975889,0.060979,-0.088002,-0.19018,157.281174,-8.543884,8.87051,3
3455,0.973818,0.031858,-0.104906,-0.199125,156.299454,-11.048023,6.072575,3
3577,0.981269,-0.059438,-0.105162,-0.150037,163.182861,-12.957057,-5.009203,3
3697,0.978558,-0.037925,-0.071331,-0.189443,158.299057,-8.857206,-2.737926,3
3818,0.973741,0.139709,-0.084679,-0.158527,160.437546,-6.927624,17.525314,3
3939,0.978493,0.093846,-0.106758,-0.14946,161.471939,-10.420485,12.661016,3
4060,0.977877,0.049998,-0.131712,-0.154595,161.022461,-14.012691,8.207292,3
4181,0.98042,0.030706,-0.100482,-0.166519,160.205414,-10.766267,5.471629,3
4302,0.976339,9e-06,-0.092855,-0.195272,157.186615,-10.446273,2.114292,3
4425,0.977434,-0.001849,-0.100411,-0.18582,158.276108,-11.360257,1.969996,3
4546,0.984569,-0.007032,-0.101689,-0.142214,163.471786,-11.667933,0.882023,3
4667,0.981822,-0.019812,-0.10092,-0.159501,161.58609,-11.799715,-0.392792,3
4788,0.989625,-0.011309,-0.090512,-0.110967,167.216614,-10.466195,-0.133777,3
4908,0.995547,0.000359,-0.087245,-0.035582,175.870911,-10.002284,0.402866,3
5028,0.990634,-0.03403,-0.096854,0.089979,190.844177,-10.705969,-4.953925,3
5149,0.963355,-0.107463,-0.098459,0.225159,207.360596,-8.123583,-14.710554,3
5272,0.901409,-0.240055,-0.145258,0.329737,221.896591,-5.944412,-32.102032,3
5393,0.867458,-0.272454,-0.150708,0.388026,229.135941,-2.867583,-36.184101,3
5514,0.906817,-0.202892,-0.153008,0.336301,222.750015,-8.107736,-28.401037,3
5635,0.96067,-0.114907,-0.182778,0.174623,203.404495,-18.122452,-17.425457,3
5756,0.98349,-0.02253,-0.179501,0.003182,180.878662,-20.666677,-2.784785,3
5877,0.981883,0.028391,-0.139195,-0.125359,164.716644,-15.43996,5.396469,3
6000,0.9723,0.053923,-0.091477,-0.208205,155.175308,-8.941822,8.320461,3
6120,0.964247,0.06733,-0.087142,-0.241024,151.249832,-7.793142,9.988699,3
6240,0.965173,0.04921,-0.109217,-0.232555,152.095428,-10.832462,8.536281,3
6360,0.964298,0.045542,-0.107694,-0.237587,151.553543,-10.722865,8.133267,3
6481,0.966366,0.041802,-0.106769,-0.230177,152.486633,-10.784324,7.601366,3
6602,0.971241,0.037132,-0.100422,-0.21265,154.694077,-10.32759,6.703306,3
6723,0.972078,0.035078,-0.102166,-0.208297,155.210251,-10.603594,6.469949,3
6846,0.964465,0.03662,-0.097516,-0.242794,151.14949,-9.806345,6.877069,3
6967,0.982021,0.018514,-0.10075,-0.158531,161.272552,-11.069936,3.991105,3
7088,0.97399,0.021802,-0.095327,-0.204383,155.875061,-10.182409,4.746052,3
7209,0.979395,0.020015,-0.109633,-0.168396,160.018585,-12.005549,4.463863,3
7330,0.970646,0.029399,-0.108193,-0.212764,154.670227,-11.392172,6.037774,3
7450,0.975101,0.032626,-0.112811,-0.188092,157.509888,-11.989446,6.224844,3
7570,0.975731,0.036141,-0.111731,-0.184799,157.871811,-11.810854,6.55993,3
7693,0.972932,0.034145,-0.111466,-0.199512,156.15419,-11.728386,6.504662,3
7814,0.978045,0.034712,-0.109083,-0.174113,159.180283,-11.612367,6.205648,3
7935,0.969076,0.037794,-0.107817,-0.218701,153.879837,-11.094849,7.04811,3
8056,0.980453,0.036052,-0.107704,-0.160633,160.768799,-11.514507,6.168916,3
8177,0.968146,0.040483,-0.104546,-0.223868,153.279266,-10.620613,7.31813,3
8298,0.98062,0.041449,-0.113154,-0.154447,161.37648,-12.070681,6.827052,3
8419,0.972787,0.041262,-0.111337,-0.198943,156.144318,-11.548515,7.305057,3
8542,0.96192,0.042087,-0.114839,-0.24442,150.670914,-11.557881,8.04459,3
8663,0.936001,0.062308,-0.105769,-0.329886,140.309723,-9.02648,10.880485,3
8783,0.903779,0.088924,-0.080377,-0.410861,130.629654,-4.141203,13.142713,3
8903,0.892031,0.09074,-0.07458,-0.436436,127.503387,-3.08691,13.138969,3
9024,0.897618,0.092815,-0.08165,-0.423075,129.060715,-3.90169,13.665971,3
9145,0.946291,0.069033,-0.106781,-0.297249,144.200653,-9.267961,11.34402,3
9267,0.988434,0.034154,-0.12059,-0.085331,169.518845,-13.447929,5.197042,3
9390,0.992732,-0.025465,-0.099097,0.063291,187.656189,-11.158909,-3.687754,3
9511,0.981788,-0.060701,-0.082821,0.15981,199.100616,-8.234462,-8.463467,3
9632,0.98214,-0.062812,-0.081029,0.157739,198.855118,-8.010077,-8.650689,3
9753,0.992455,-0.041262,-0.113721,-0.019743,178.246185,-13.141379,-4.559361,3
9874,0.975499,0.012762,-0.129626,-0.177276,158.870926,-14.381363,4.1949,3
9994,0.939681,0.038966,-0.11158,-0.32097,141.491776,-10.642806,8.47594,3
10114,0.899828,0.091678,-0.096365,-0.415464,129.735092,-5.580654,14.254432,3
10236,0.893374,0.092892,-0.090111,-0.430263,127.990875,-4.650038,14.141698,3
10357,0.90061,0.091781,-0.105252,-0.411571,130.035339,-6.547845,14.691208,3
10478,0.936323,0.076501,-0.113635,-0.323304,140.853897,-9.400308,12.690678,3
10599,0.953277,0.053512,-0.12671,-0.268951,147.406891,-12.286247,10.030384,3
10720,0.964327,0.021925,-0.118441,-0.235704,151.892471,-12.59726,5.770247,3
10841,0.963189,0.000648,-0.111406,-0.244635,151.1436,-12.374065,3.272303,3
10962,0.953568,0.012448,-0.10082,-0.283515,146.442307,-10.673883,4.722628,3
11085,0.934764,0.035043,-0.090699,-0.341693,139.298935,-8.373001,7.404304,3
11206,0.92078,0.052316,-0.084696,-0.377153,134.908234,-6.69079,9.284089,3
11326,0.926691,0.052615,-0.089447,-0.361201,136.80629,-7.340735,9.40844,3
11446,0.957677,0.045055,-0.098449,-0.26669,148.206604,-9.470107,8.089793,3
11567,0.958023,0.031162,-0.110681,-0.262604,148.659821,-11.28585,6.901421,3
11688,0.938734,0.026988,-0.096177,-0.329836,140.736465,-9.367425,6.641523,3
11809,0.920226,0.051944,-0.086055,-0.378248,134.753433,-6.839297,9.314416,3
11932,0.92212,0.059988,-0.093912,-0.370497,135.542252,-7.397115,10.470683,3
12053,0.960576,0.057148,-0.094454,-0.255143,149.543915,-8.760155,9.198336,3
12174,0.964279,0.04382,-0.101423,-0.240728,151.280624,-10.049771,7.782756,3
12295,0.943182,0.025609,-0.09824,-0.316374,142.365417,-9.736179,6.435362,3
12416,0.919428,0.042263,-0.099637,-0.378061,134.617294,-8.700094,8.907184,3
12536,0.91799,0.049518,-0.09573,-0.381668,134.186584,-7.929791,9.530466,3
12656,0.920053,0.049126,-0.097529,-0.376255,134.83255,-8.192328,9.524971,3
12778,0.92085,0.041519,-0.095763,-0.375676,134.981979,-8.347215,8.627269,3
12899,0.918362,0.04118,-0.088792,-0.383435,134.125732,-7.556659,8.336493,3
13020,0.911965,0.041452,-0.085906,-0.399015,132.219284,-7.100328,8.353271,3
13141,0.920102,0.049368,-0.094243,-0.376942,134.800125,-7.828487,9.405341,3
13262,0.920597,0.044105,-0.102447,-0.374237,135.033798,-8.952338,9.197073,3
13383,0.910765,0.054992,-0.109041,-0.394441,132.31575,-8.930671,10.863778,3
13504,0.933228,0.040521,-0.111493,-0.339122,139.252411,-10.405523,8.845945,3
13631,0.908283,0.052686,-0.103211,-0.401976,131.494049,-8.345004,10.4045,3
13752,0.94034,0.049499,-0.108702,-0.318568,141.741425,-9.956222,9.487467,3
13873,0.909202,0.055984,-0.107513,-0.398308,131.853317,-8.679342,10.93059,3
13993,0.931432,0.054941,-0.110324,-0.342397,138.75174,-9.66545,10.396409,3
14113,0.913829,0.061054,-0.107195,-0.386898,133.255783,-8.550008,11.345197,3
14234,0.932415,0.069301,-0.119125,-0.334065,139.487778,-10.12784,12.2473,3
14357,0.917336,0.070201,-0.120027,-0.373031,134.656509,-9.661968,12.796318,3
14478,0.933288,0.067593,-0.121466,-0.331122,139.814896,-10.484089,12.129175,3
14599,0.922659,0.072453,-0.116039,-0.360524,136.273651,-9.316443,12.725176,3
14720,0.938723,0.072274,-0.129527,-0.311111,142.046616,-11.432295,12.748026,3
14841,0.910962,0.075684,-0.118584,-0.38775,132.815842,-9.053543,13.459121,3
14962,0.935734,0.078859,-0.121459,-0.321594,140.881638,-10.170906,13.256221,3
15083,0.912041,0.076889,-0.125849,-0.382652,133.278427,-9.829406,13.891793,3
15205,0.926971,0.080274,-0.132702,-0.341559,138.176498,-11.021935,14.121222,3
15325,0.912214,0.085055,-0.131833,-0.378475,133.593399,-10.14485,15.011806,3
15445,0.922194,0.086006,-0.134769,-0.352121,136.776749,-10.835944,14.959813,3
15566,0.926828,0.097534,-0.13681,-0.335784,138.630402,-10.841814,16.11871,3
15687,0.922189,0.081891,-0.136687,-0.352376,136.734756,-11.209147,14.606456,3
15808,0.929639,0.09745,-0.136527,-0.328065,139.580917,-10.947093,16.008823,3
15929,0.910572,0.089374,-0.133812,-0.380731,133.229721,-10.115711,15.595,3
16052,0.936265,0.104266,-0.127751,-0.310173,141.908524,-10.051664,16.186798,3
16173,0.914429,0.082264,-0.136899,-0.371891,134.308914,-10.905082,14.886913,3
16294,0.930522,0.090638,-0.141304,-0.325481,139.841156,-11.76926,15.441931,3
16415,0.916941,0.08314,-0.141057,-0.36387,135.192291,-11.430385,15.086901,3
16535,0.925393,0.089699,-0.148131,-0.337121,138.248993,-12.338067,15.793818,3
16655,0.922839,0.09403,-0.143892,-0.344692,137.387527,-11.581166,16.165655,3
16776,0.911522,0.081931,-0.143344,-0.376641,133.555405,-11.513862,15.226065,3
16899,0.899908,0.09652,-0.140717,-0.401297,130.422562,-10.125113,16.929276,3
17020,0.914614,0.093297,-0.15396,-0.362029,134.97934,-12.361281,16.788145,3
17141,0.897475,0.102501,-0.149221,-0.402191,130.023529,-10.684119,18.021738,3
17262,0.907129,0.086997,-0.156766,-0.380742,132.628006,-12.601371,16.502216,3
17383,0.898336,0.098616,-0.156236,-0.39856,130.30304,-11.659544,17.943321,3
17510,0.895347,0.100401,-0.162548,-0.402296,129.623062,-12.139492,18.522459,3
17633,0.891765,0.108529,-0.145599,-0.414451,128.543167,-9.771523,18.595045,3
17754,0.873308,0.094259,-0.142326,-0.456271,123.39756,-9.356344,17.366556,3
17875,0.896603,0.103053,-0.15132,-0.403209,129.82933,-10.850306,18.204348,3
17995,0.885852,0.103449,-0.164762,-0.421201,127.133911,-11.815703,19.211096,3
18115,0.867384,0.084151,-0.154676,-0.465435,121.905479,-10.95239,17.178288,3
18235,0.855061,0.063721,-0.143567,-0.494156,118.58342,-10.517806,14.782285,3
18356,0.844388,0.056965,-0.133439,-0.515704,116.015816,-9.589839,13.718071,3
18479,0.844517,0.05146,-0.123958,-0.51843,115.917969,-8.975523,12.598359,3
18600,0.864184,0.035529,-0.128015,-0.485311,120.33535,-10.764503,10.893656,3
18721,0.91903,-0.008396,-0.127905,-0.372753,135.26709,-13.966597,4.723995,3
18842,0.939804,-0.02583,-0.10855,-0.322971,141.927322,-12.751049,1.266989,3
18963,0.940519,-0.028402,-0.101523,-0.322959,142.021606,-12.082139,0.711985,3
19084,0.915153,-0.026397,-0.109133,-0.387143,133.903061,-12.719934,2.12597,3
19205,0.880151,-0.00612,-0.109958,-0.461732,124.101776,-11.490849,5.314672,3
19327,0.846829,0.005645,-0.105853,-0.521186,116.167831,-9.985218,6.992732,3
19447,0.811203,0.040903,-0.096634,-0.575265,108.748055,-6.29909,10.289392,3
19568,0.790049,0.05301,-0.094146,-0.603441,104.76828,-4.863544,11.425783,3
19689,0.785421,0.060591,-0.098884,-0.607993,104.00119,-4.683539,12.482564,3
19810,0.801377,0.054008,-0.10901,-0.585651,106.982574,-6.399249,12.450102,3
19931,0.844132,0.035623,-0.112869,-0.522899,115.644875,-8.818138,10.387877,3
20052,0.868505,0.001788,-0.109502,-0.483422,121.192116,-10.863947,6.371071,3
20175,0.872902,-0.011368,-0.100831,-0.477218,122.248665,-10.770838,4.459839,3
20296,0.870131,-0.015578,-0.087189,-0.484788,121.471626,-9.603938,3.338949,3
20417,0.858384,-0.012608,-0.079719,-0.506611,118.644867,-8.605744,3.428423,3
20538,0.834926,0.001384,-0.077764,-0.544832,113.422737,-7.374058,5.035573,3
20658,0.808632,0.024894,-0.079222,-0.582418,108.092888,-5.688822,7.654389,3
20778,0.798035,0.037271,-0.083359,-0.595646,106.117546,-5.085707,9.173225,3
20899,0.798361,0.038253,-0.090191,-0.594149,106.204414,-5.655891,9.734062,3
21022,0.805905,0.025864,-0.093122,-0.584096,107.608093,-6.885286,8.717648,3
21143,0.8123,0.014201,-0.090272,-0.576029,108.834511,-7.486691,7.363426,3
21264,0.81771,0.002421,-0.084812,-0.569335,109.906853,-7.813397,5.824105,3
21385,0.814438,-0.002247,-0.076794,-0.575135,109.228813,-7.335088,4.897433,3
21506,0.803227,0.000721,-0.074117,-0.591037,107.002693,-6.789001,5.128858,3
21627,0.790515,0.015618,-0.081932,-0.60673,104.588715,-6.349066,7.173779,3
21750,0.782779,0.032103,-0.085665,-0.615532,103.214081,-5.427828,8.999122,3
21870,0.780017,0.038596,-0.086095,-0.618598,102.748878,-4.965799,9.634109,3
21990,0.78384,0.038012,-0.089845,-0.613245,103.459343,-5.406805,9.819359,3
22110,0.791213,0.026153,-0.086091,-0.604879,104.762871,-6.00376,8.414779,3
22231,0.800209,0.008963,-0.082424,-0.593955,106.435562,-6.965113,6.493559,3
22352,0.800288,-0.000282,-0.079099,-0.594368,106.4533,-7.292821,5.413295,3
22473,0.789325,0.000186,-0.071801,-0.609756,104.340073,-6.49528,5.072904,3
22596,0.771885,0.014537,-0.073755,-0.631296,101.124115,-5.480463,6.6668,3
22717,0.755323,0.030615,-0.076934,-0.650094,98.241074,-4.382505,8.436136,3
22838,0.753894,0.038952,-0.083193,-0.650536,98.056976,-4.287319,9.639017,3
22959,0.760987,0.034973,-0.085403,-0.642163,99.279533,-4.87975,9.41045,3
23080,0.77347,0.02616,-0.089146,-0.62698,101.478539,-6.032975,8.806678,3
23200,0.787579,0.006317,-0.088646,-0.609764,104.050842,-7.580988,6.840083,3
23320,0.786228,-0.001609,-0.080569,-0.612652,103.787071,-7.392337,5.566369,3
23443,0.763421,-0.006743,-0.067965,-0.642273,99.601288,-6.455598,4.444934,3
23569,0.725676,0.017181,-0.073336,-0.683895,93.095734,-4.757391,7.219809,3
23690,0.745459,0.029581,-0.084178,-0.660547,96.52346,-4.95784,8.968626,3
23811,0.823735,0.006484,-0.071147,-0.562449,111.060799,-6.310641,5.236646,3
23932,0.801347,-0.006274,-0.066796,-0.594418,106.636284,-6.575502,4.00324,3
24053,0.737472,0.006618,-0.071199,-0.671576,95.062538,-5.516055,6.078022,3
24174,0.720131,0.045138,-0.081816,-0.687512,92.368858,-3.197069,10.240888,3
24297,0.746269,0.04278,-0.093935,-0.657586,96.772629,-4.81501,10.83936,3
24418,0.805335,0.02077,-0.084414,-0.586404,107.450615,-6.40774,7.659583,3
24539,0.792942,0.004561,-0.077668,-0.604302,105.033058,-6.757077,5.843418,3
24659,0.731909,0.001847,-0.085559,-0.676001,94.125999,-7.050606,6.850708,3
24779,0.714885,0.025403,-0.093267,-0.692523,91.348946,-5.63355,9.572875,3
24900,0.753376,0.023804,-0.096649,-0.650007,97.886208,-6.585195,9.35693,3
25021,0.795655,0.005478,-0.087359,-0.599386,105.579636,-7.611077,6.571781,3
25144,0.781224,-0.005627,-0.079858,-0.619089,102.864395,-7.570188,5.214109,3
25265,0.722464,0.00511,-0.095876,-0.684704,92.542656,-7.558416,8.041588,3
25386,0.703237,0.029962,-0.102679,-0.702857,89.475708,-5.871545,10.804695,3
25507,0.75729,0.031967,-0.098607,-0.644793,98.622093,-6.207137,10.17261,3
25628,0.799055,0.003381,-0.090574,-0.59438,106.248482,-8.08998,6.558166,3
25749,0.769525,-0.009972,-0.082384,-0.633196,100.741226,-8.014377,5.15555,3
25869,0.71785,0.017407,-0.081816,-0.691148,91.798088,-5.359329,7.972215,3
25991,0.710206,0.034525,-0.093232,-0.696932,90.64325,-4.836095,10.34831,3
26111,0.756953,0.029542,-0.097189,-0.645519,98.546158,-6.25741,9.858735,3
26232,0.805858,0.025812,-0.098327,-0.58331,107.617958,-7.374906,9.06855,3
26353,0.769032,0.014763,-0.093151,-0.632208,100.644417,-7.158005,8.139963,3
26474,0.723601,0.021675,-0.093264,-0.683539,92.775475,-6.046785,9.192762,3
26595,0.720513,0.037672,-0.096573,-0.685644,92.36647,-5.020063,10.80313,3
26716,0.784164,0.040314,-0.098568,-0.61134,103.556267,-6.044188,10.647717,3
26843,0.788186,0.034184,-0.091233,-0.607669,104.248116,-5.869974,9.534067,3
26970,0.742395,0.024793,-0.085035,-0.664075,95.969643,-5.355217,8.650622,3
27091,0.702727,0.03739,-0.088412,-0.704948,89.452148,-4.102606,10.23334,3
27212,0.720445,0.040813,-0.090622,-0.686348,92.381065,-4.275541,10.586164,3
27333,0.776249,0.03309,-0.092339,-0.622742,102.029976,-5.862615,9.628235,3
27453,0.76535,0.01767,-0.083604,-0.637909,99.969856,-6.051939,7.727406,3
27573,0.716564,0.013523,-0.085009,-0.692184,91.573311,-5.918129,7.920452,3
27695,0.713532,0.025417,-0.094785,-0.69371,91.126648,-5.73919,9.707781,3
27816,0.764047,0.020862,-0.10062,-0.636918,99.776306,-7.30675,9.286048,3
27937,0.761476,0.016763,-0.096733,-0.640708,99.297295,-7.229259,8.666518,3
28058,0.720583,0.019213,-0.088303,-0.687448,92.260201,-5.787736,8.618885,3
28179,0.705286,0.026283,-0.09374,-0.702201,89.784401,-5.469429,9.758403,3
28300,0.693725,0.038886,-0.105244,-0.711442,88.017525,-5.203362,11.802922,3
28421,0.68686,0.051859,-0.117724,-0.715309,87.062363,-5.021486,13.920794,3
28544,0.672842,0.091402,-0.159167,-0.71665,85.519859,-4.771479,20.631302,3
28665,0.644819,0.164251,-0.233043,-0.709164,83.413254,-3.874997,32.928944,3
28785,0.589403,0.280755,-0.335695,-0.67903,81.51432,-0.827212,51.89983,3
28905,0.536357,0.37086,-0.407138,-0.639542,81.39283,2.155861,66.816086,3
29026,0.479505,0.451912,-0.473656,-0.584373,82.412079,4.239769,81.764435,3
29147,0.438041,0.504657,-0.5166,-0.535311,83.841377,5.031988,92.48027,3
29268,0.39703,0.546695,-0.550906,-0.489883,84.986542,5.634472,101.872993,3
29391,0.341999,0.584282,-0.585111,-0.446417,85.186752,6.975932,111.729591,3
29512,0.301548,0.60684,-0.60754,-0.414368,85.274406,7.845648,118.633842,3
29633,0.285381,0.615056,-0.617575,-0.398568,85.337471,7.920259,121.627602,3
29754,0.317259,0.593666,-0.599212,-0.43341,84.568382,7.72336,115.268845,3
29875,0.452983,0.484738,-0.49599,-0.560198,83.09713,5.379314,87.809868,3
29995,0.540409,0.374872,-0.388806,-0.645175,82.234673,3.640121,65.326553,3
197,0.999889,0.002836,-0.014311,-0.000955,179.88591,-1.639604,0.326606,4
317,0.999557,0.004716,-0.029059,-0.003258,179.610504,-3.328608,0.551948,4
437,0.99899,0.005542,-0.044272,-0.004467,179.458359,-5.071857,0.659735,4
557,0.998233,0.007462,-0.058663,-0.004984,179.375366,-6.721567,0.893251,4
677,0.99733,0.009767,-0.072162,-0.004735,179.371521,-8.270424,1.167601,4
797,0.996214,0.010813,-0.086088,-0.004564,179.362885,-9.87067,1.298733,4
917,0.994821,0.011752,-0.100768,-0.005594,179.21051,-11.558039,1.433507,4
1039,0.993283,0.012662,-0.114691,-0.00815,178.876373,-13.157839,1.590249,4
1159,0.991653,0.016658,-0.127321,-0.011294,178.42244,-14.604208,2.12686,4
1279,0.991074,0.016441,-0.131207,-0.016686,177.78125,-15.041812,2.1937,4
1399,0.99086,0.012748,-0.132322,-0.02274,177.123337,-15.167666,1.857312,4
1519,0.990393,0.013194,-0.134431,-0.029445,176.320511,-15.39675,2.023995,4
1640,0.990337,0.015276,-0.132569,-0.037632,175.329895,-15.154674,2.388987,4
1761,0.989716,0.013507,-0.134997,-0.045247,174.451157,-15.42611,2.315835,4
1884,0.989725,0.011258,-0.132705,-0.051943,173.706528,-15.159918,2.141709,4
2005,0.989118,0.012035,-0.133215,-0.061198,172.601486,-15.192236,2.382208,4
2126,0.986075,0.03084,-0.150968,-0.062486,172.029236,-17.09029,4.782328,4
2247,0.965189,0.126932,-0.228637,0.004005,176.784042,-26.255308,15.734027,4
2367,0.873229,0.275167,-0.370878,0.155546,185.70195,-47.16592,32.489613,4
2487,0.798392,0.330333,-0.446483,0.232584,188.808243,-60.065525,39.854851,4
2608,0.750908,0.351544,-0.484039,0.279736,192.014664,-67.460602,42.134613,4
2731,0.708225,0.365813,-0.506093,0.329332,199.558151,-73.296165,40.018715,4
2852,0.670421,0.353033,-0.536971,0.370885,218.563705,-79.07122,23.325033,4
2973,0.637032,0.327506,-0.569558,0.403144,259.458466,-81.776581,-17.06678,4
3094,0.59846,0.333571,-0.580803,0.439586,293.791199,-81.279694,-47.291908,4
3215,0.561442,0.357356,-0.583181,0.465802,317.054962,-81.025673,-65.610451,4
3336,0.548028,0.355808,-0.5879,0.476897,324.467743,-79.653404,-71.979309,4
3457,0.543585,0.358399,-0.600653,0.463974,334.097168,-80.261063,-82.685387,4
3579,0.547946,0.316435,-0.627555,0.453642,333.350616,-77.117096,-86.891327,4
3699,0.576519,0.250438,-0.656121,0.417615,323.916809,-74.951599,-87.00341,4
3819,0.543533,0.375857,-0.575586,0.481659,324.313354,-81.029961,-69.39048,4
3940,0.574328,0.301504,-0.616892,0.445733,318.5401,-77.78965,-74.340378,4
4061,0.596516,0.263316,-0.627228,0.425921,310.08313,-76.558495,-71.304649,4
4182,0.562096,0.338363,-0.592912,0.466911,318.363129,-79.270531,-68.593826,4
4303,0.603085,0.216933,-0.665851,0.381919,316.090973,-75.657364,-85.562027,4
4426,0.59709,0.23638,-0.652181,0.402815,315.4104,-75.755798,-81.216347,4
4547,0.556709,0.332282,-0.608834,0.45714,326.767517,-79.017319,-78.546799,4
4668,0.598225,0.23803,-0.658882,0.389018,318.39563,-76.78392,-85.374641,4
4789,0.578721,0.278248,-0.629296,0.437765,318.245667,-76.406525,-76.933083,4
4909,0.550585,0.343259,-0.597569,0.471097,325.525482,-78.94429,-74.830299,4
5029,0.604597,0.232569,-0.660513,0.379591,316.642914,-77.225906,-84.999481,4
5151,0.523495,0.359414,-0.597011,0.490249,336.503265,-77.814514,-82.156876,4
5272,0.55833,0.315395,-0.622926,0.44805,328.837158,-78.020294,-83.086967,4
5393,0.506887,0.380378,-0.577713,0.51441,337.374542,-77.690697,-78.328377,4
5514,0.532004,0.377597,-0.563434,0.506879,322.580627,-79.200798,-64.743797,4
5635,0.617198,0.22404,-0.64767,0.386508,306.387543,-76.573074,-74.854256,4
5756,0.592525,0.276526,-0.622514,0.430018,311.231445,-77.299431,-70.875122,4
5877,0.570815,0.330906,-0.599934,0.452484,317.255005,-79.85408,-69.678452,4
6000,0.630377,0.210628,-0.660401,0.349461,305.657776,-78.468636,-78.743805,4
6120,0.572917,0.330907,-0.603728,0.444714,318.538605,-80.432457,-71.753632,4
6240,0.586015,0.305296,-0.631228,0.406108,324.457214,-81.035202,-83.848602,4
6360,0.611732,0.234314,-0.651646,0.382401,311.10199,-77.545731,-79.062996,4
6481,0.56812,0.321426,-0.605291,0.455565,318.997864,-78.700417,-71.974892,4
6602,0.621685,0.205112,-0.676262,0.337783,315.057465,-78.353447,-89.660408,4
6723,0.633447,0.17427,-0.687442,0.3095,311.87912,-78.177948,-91.648369,4
6846,0.57511,0.332798,-0.619515,0.417955,329.684479,-82.208549,-85.388771,4
6967,0.571408,0.330179,-0.634505,0.402331,342.444031,-82.22393,-99.889954,4
7088,0.660246,0.100219,-0.708496,0.228158,304.152008,-78.900833,-97.169708,4
7209,0.681326,-0.028199,-0.717929,0.139891,286.846771,-76.024185,-97.71907,4
7330,0.687126,-0.052884,-0.716381,0.108861,282.534363,-76.649147,-97.966347,4
7450,0.688505,-0.05402,-0.714272,0.113354,281.171875,-76.243172,-96.327782,4
7570,0.687145,0.036047,-0.700921,0.187709,284.345245,-77.634148,-86.030586,4
7693,0.623454,0.256581,-0.659496,0.332457,320.06662,-83.185402,-90.742683,4
7819,0.550528,0.361499,-0.615353,0.433093,346.434265,-82.164413,-97.879738,4
7940,0.502279,0.409624,-0.581532,0.491667,353.75528,-80.743813,-94.259018,4
8061,0.508969,0.405344,-0.580859,0.489122,350.009216,-81.042572,-91.25235,4
8182,0.591887,0.308306,-0.63756,0.384871,330.229889,-82.767357,-91.398201,4
8303,0.66763,0.130159,-0.694206,0.23537,299.198059,-81.195404,-89.148529,4
8424,0.680356,0.041234,-0.715623,0.152612,295.4729,-80.519829,-99.661598,4
8547,0.681698,-0.031853,-0.724086,0.099823,290.609467,-78.770912,-105.073135,4
8668,0.684841,0.011941,-0.712324,0.153086,287.752411,-78.325836,-94.279724,4
8789,0.676724,0.030866,-0.716745,0.165412,294.580811,-78.604736,-98.545242,4
8909,0.675686,0.035053,-0.716052,0.1717,294.904724,-78.432663,-98.004715,4
9029,0.678377,0.042188,-0.714604,0.165401,294.85849,-79.576683,-97.906052,4
9150,0.682805,0.046308,-0.711226,0.160569,292.406677,-80.445496,-95.524048,4
9273,0.682284,0.054748,-0.709089,0.169342,292.312256,-80.45005,-94.013412,4
9394,0.681616,0.044032,-0.70984,0.171984,291.260956,-79.365051,-93.611855,4
9515,0.679267,0.022864,-0.710619,0.181895,289.53125,-76.834831,-92.769974,4
9636,0.677815,0.050131,-0.716469,0.157216,298.303925,-80.762108,-101.386436,4
9757,0.679904,0.046951,-0.713201,0.163898,294.496704,-80.132317,-97.283516,4
9878,0.672508,0.016346,-0.717245,0.181705,293.247131,-76.083389,-97.026009,4
9999,0.668383,0.045435,-0.725307,0.158497,305.047028,-79.726639,-108.397148,4
10121,0.666524,0.019592,-0.72018,0.191556,295.984741,-75.361809,-98.669235,4
10241,0.662413,0.017994,-0.725712,0.184983,299.077087,-75.48896,-102.43882,4
10361,0.661378,0.044828,-0.730963,0.162034,309.14624,-78.935646,-112.244438,4
10482,0.653216,0.01283,-0.727213,0.210466,299.71347,-72.834389,-101.336365,4
10603,0.647405,0.016107,-0.736017,0.197173,304.839264,-73.608185,-107.310623,4
10724,0.648705,0.044166,-0.738549,0.178239,312.933075,-76.891922,-114.716331,4
10845,0.646623,0.001456,-0.735736,0.201397,302.369354,-72.189621,-105.672699,4
10968,0.643123,0.018732,-0.744219,0.179363,310.309967,-74.572701,-114.057297,4
11089,0.642516,0.04537,-0.746879,0.165163,319.677032,-77.096939,-122.443794,4
11210,0.640112,-0.00045,-0.743005,0.195426,305.735565,-71.996315,-109.687286,4
11331,0.642155,0.007146,-0.746358,0.174719,309.335236,-73.956551,-114.410942,4
11451,0.653873,0.03403,-0.73705,0.167451,310.180786,-77.231728,-113.695999,4
11571,0.650353,0.006572,-0.734472,0.19375,302.429047,-73.311478,-105.966797,4
11692,0.657825,0.000632,-0.728766,0.190153,298.354584,-73.544647,-102.685867,4
11815,0.654098,0.032139,-0.734984,0.175821,307.890289,-76.607079,-110.860909,4
11936,0.658397,0.007435,-0.729217,0.186256,299.550232,-74.365219,-103.657387,4
12057,0.658965,-0.016166,-0.731995,0.172274,297.585785,-73.566422,-104.77861,4
12178,0.662446,0.004047,-0.734247,0.148397,302.673218,-76.905907,-110.215096,4
12299,0.662777,-0.028836,-0.726814,0.177842,293.333893,-72.396988,-101.092873,4
12420,0.661186,-0.015446,-0.733417,0.157116,298.512329,-74.795746,-106.911278,4
12543,0.663345,-0.01741,-0.729765,0.164636,296.075958,-74.246559,-104.010399,4
12664,0.66199,-0.034126,-0.728995,0.170771,293.717529,-72.462379,-102.49646,4
12784,0.660906,-0.011307,-0.736608,0.143096,301.503601,-76.02951,-110.72905,4
12904,0.662255,-0.026055,-0.728939,0.171404,294.62323,-73.049004,-102.694168,4
13025,0.659921,-0.022153,-0.732513,0.16562,297.017059,-73.630356,-105.25174,4
13146,0.663047,-0.006099,-0.731045,0.160924,298.487427,-75.346001,-105.812904,4
13267,0.661543,-0.023838,-0.728503,0.17626,294.758057,-72.836967,-102.242683,4
13394,0.657872,-0.001368,-0.73575,0.160827,302.173828,-75.379654,-109.118752,4
13515,0.660251,-0.008259,-0.730799,0.172985,298.02002,-74.188911,-104.512962,4
13636,0.656619,-0.029006,-0.732684,0.176565,296.36676,-72.16571,-104.241219,4
13757,0.655652,0.004429,-0.740618,0.146891,306.996155,-76.526268,-114.625381,4
13878,0.656059,-0.033718,-0.729834,0.189167,294.713104,-70.886452,-101.913322,4
13999,0.651084,-0.036858,-0.738413,0.171664,298.263702,-71.601387,-107.180862,4
14121,0.651672,-0.010554,-0.740717,0.162916,303.415588,-74.147995,-110.925926,4
14241,0.652575,-0.047706,-0.730433,0.19578,293.842377,-69.170784,-101.619934,4
14361,0.650419,-0.015126,-0.741414,0.164386,303.000153,-73.635056,-110.757942,4
14482,0.654843,-0.040186,-0.72973,0.19249,294.116882,-70.092812,-101.562149,4
14603,0.651421,-0.053182,-0.733524,0.18643,294.408356,-69.363678,-103.417023,4
14724,0.654419,-0.022499,-0.7375,0.165272,299.722473,-73.301743,-108.009293,4
14845,0.656056,-0.038387,-0.727802,0.195992,293.516083,-70.036507,-100.521362,4
14968,0.656106,-0.054151,-0.727017,0.195013,291.700104,-68.888336,-100.069672,4
15089,0.655075,-0.031804,-0.733083,0.180129,296.304962,-71.620811,-104.106972,4
15210,0.661581,-0.034048,-0.725301,0.1873,292.363831,-71.251175,-99.752419,4
15331,0.657829,-0.061842,-0.723726,0.199118,289.845184,-68.055908,-98.496155,4
15451,0.656053,-0.056472,-0.722312,0.211335,290.305847,-67.500168,-97.484947,4
15571,0.654444,-0.035253,-0.72866,0.198762,294.336731,-70.004669,-100.852356,4
15693,0.660862,-0.052693,-0.717787,0.212739,288.725037,-67.864677,-95.481422,4
15814,0.657189,-0.021702,-0.731248,0.181383,296.594452,-72.413734,-103.473053,4
15935,0.659259,-0.044294,-0.727389,0.185237,292.334503,-70.504059,-100.726807,4
16056,0.654113,-0.065185,-0.729946,0.187235,291.759674,-68.516853,-101.68071,4
16177,0.655334,-0.033017,-0.737716,0.158789,298.401581,-73.02166,-108.083488,4
16298,0.659287,-0.042,-0.728691,0.180491,293.021362,-71.027016,-101.625153,4
16419,0.657826,-0.059113,-0.727544,0.185586,291.117737,-69.269058,-100.68531,4
16542,0.658805,-0.019642,-0.737765,0.145891,300.665375,-75.09539,-110.334312,4
16663,0.657318,-0.042927,-0.732306,0.172652,294.51181,-71.422554,-103.8452,4
16783,0.651928,-0.051755,-0.737827,0.167076,296.174103,-70.860954,-106.687019,4
16903,0.652776,-0.02048,-0.74527,0.134271,305.51828,-75.349884,-116.211739,4
17024,0.655494,-0.048631,-0.737318,0.155938,296.20462,-72.072731,-107.393364,4
17145,0.654638,-0.034444,-0.740904,0.145998,300.120178,-73.737831,-110.9795,4
17266,0.654831,-0.011896,-0.743608,0.134512,306.240448,-76.090073,-116.21843,4
17389,0.659411,-0.041115,-0.73443,0.155213,295.590607,-72.904991,-106.231087,4
17510,0.658551,-0.024921,-0.739546,0.136946,301.162018,-75.291595,-111.999619,4
17631,0.66478,-0.027727,-0.734342,0.134281,297.590668,-75.674522,-108.880302,4
17752,0.666802,-0.050252,-0.731785,0.131653,292.987823,-74.297325,-106.325783,4
17873,0.664559,-0.035197,-0.735445,0.127415,297.320282,-75.586456,-109.782974,4
17993,0.665459,-0.039201,-0.731709,0.1422,294.277618,-74.300903,-105.845093,4
18115,0.659269,-0.054469,-0.732989,0.158478,293.366241,-71.660797,-104.821434,4
18241,0.660553,-0.034345,-0.738344,0.131643,299.087219,-75.102715,-111.129631,4
18361,0.661596,-0.054738,-0.731088,0.157469,292.349457,-71.829102,-103.91185,4
18482,0.658996,-0.059319,-0.730518,0.168939,291.907043,-70.522835,-102.885468,4
18603,0.659555,-0.035509,-0.737618,0.14013,298.243469,-74.37571,-109.678696,4
18724,0.659071,-0.060949,-0.731519,0.163653,292.100159,-70.78614,-103.652145,4
18845,0.659843,-0.057306,-0.733263,0.153755,293.139862,-71.815102,-105.218948,4
18968,0.658718,-0.035885,-0.737694,0.143535,298.164337,-74.062721,-109.347748,4
19089,0.659537,-0.068329,-0.72753,0.176162,289.985168,-69.324081,-101.094421,4
19210,0.656985,-0.057749,-0.731998,0.170898,292.819122,-70.404686,-103.504768,4
19331,0.660963,-0.037583,-0.732748,0.157439,295.121796,-73.098228,-105.291336,4
19451,0.659837,-0.069302,-0.726155,0.180286,289.45697,-68.955109,-100.300484,4
19571,0.660235,-0.074095,-0.726309,0.176258,288.997406,-68.899284,-100.569313,4
19693,0.663936,-0.04529,-0.729715,0.156986,292.595001,-72.697723,-103.430367,4
19814,0.66286,-0.073888,-0.722729,0.181137,287.636169,-68.649292,-98.784035,4
19935,0.659437,-0.057018,-0.730011,0.170196,291.910461,-70.627975,-102.596809,4
20056,0.660328,-0.04197,-0.733409,0.15591,294.942291,-72.841866,-105.595009,4
20177,0.657318,-0.088314,-0.723421,0.191801,287.56308,-66.514023,-98.990379,4
20298,0.652945,-0.070866,-0.738194,0.153953,294.182922,-70.421135,-107.346939,4
20419,0.660257,-0.064102,-0.728555,0.170737,290.605164,-70.081322,-101.823807,4
20542,0.657012,-0.082805,-0.727058,0.181265,288.923737,-67.721451,-100.785591,4
20663,0.653588,-0.051562,-0.738239,0.158612,296.334747,-71.55954,-107.538383,4
20783,0.656763,-0.078142,-0.729007,0.176341,289.900726,-68.436485,-101.793953,4
20903,0.656383,-0.077417,-0.729387,0.176506,290.128998,-68.463669,-101.949005,4
21024,0.658656,-0.04742,-0.735011,0.153864,295.139984,-72.486511,-106.404701,4
21145,0.662111,-0.09016,-0.721119,0.182918,286.028534,-67.211044,-98.355598,4
21268,0.653378,-0.065674,-0.735206,0.16807,293.510193,-69.827644,-105.075264,4
21389,0.661803,-0.066416,-0.725198,0.178001,289.138672,-69.428207,-99.939461,4
21510,0.652446,-0.087957,-0.729126,0.186936,289.682861,-66.714348,-101.487228,4
21631,0.658381,-0.047138,-0.734612,0.156997,294.985168,-72.271271,-105.966469,4
21752,0.658057,-0.061517,-0.71418,0.230466,287.898102,-65.725639,-93.860229,4
21873,0.654372,-0.032293,-0.732484,0.184971,296.055817,-71.206566,-103.491013,4
21993,0.65696,-0.033391,-0.728868,0.189821,294.295349,-70.908401,-101.41481,4
22122,0.653092,-0.071307,-0.721806,0.217654,289.451019,-65.751312,-97.299423,4
22242,0.654027,-0.024355,-0.734352,0.179929,297.856842,-72.139732,-105.069618,4
22362,0.656786,-0.063136,-0.72025,0.21419,289.148682,-66.788223,-96.628555,4
22483,0.655518,-0.055516,-0.727566,0.194557,291.811462,-68.790565,-100.330154,4
22604,0.66167,-0.038803,-0.726026,0.183206,292.105255,-71.184471,-100.223602,4
22725,0.664021,-0.079048,-0.712972,0.210927,285.051483,-65.994957,-94.110031,4
22846,0.662178,-0.051974,-0.725045,0.181989,290.393341,-70.271149,-99.684731,4
22969,0.667918,-0.053018,-0.720252,0.179732,287.886444,-70.575432,-97.455154,4
23090,0.66671,-0.059864,-0.718217,0.189923,287.014954,-69.219223,-96.285034,4
23211,0.666826,-0.043337,-0.723546,0.173024,290.017151,-71.79821,-99.359344,4
23332,0.671034,-0.039778,-0.719745,0.173463,288.356232,-72.203232,-97.375084,4
23452,0.670701,-0.056886,-0.716455,0.183326,285.991058,-70.084557,-95.574677,4
23572,0.669224,-0.036036,-0.724203,0.162369,290.667206,-73.256577,-100.306198,4
23694,0.672808,-0.0449,-0.717817,0.173334,286.928528,-71.867607,-96.375099,4
23815,0.673818,-0.068322,-0.713866,0.178013,283.75238,-69.669876,-94.713097,4
23936,0.672392,-0.051266,-0.719724,0.165074,287.01297,-71.97995,-97.66571,4
24057,0.674407,-0.042242,-0.719057,0.162295,287.237,-72.97216,-97.388672,4
24178,0.674818,-0.076835,-0.712682,0.175481,282.599884,-69.211143,-94.466484,4
24299,0.673307,-0.054848,-0.720187,0.158027,286.652893,-72.265511,-98.183571,4
24420,0.68024,-0.06827,-0.710601,0.166285,281.404877,-70.74382,-93.342781,4
24543,0.673843,-0.073268,-0.718342,0.156661,284.379761,-70.934181,-97.523819,4
24664,0.677576,-0.051639,-0.718093,0.150192,285.388611,-73.258522,-97.310257,4
24784,0.678179,-0.073222,-0.71219,0.165797,281.906494,-70.339806,-94.287827,4
24904,0.675667,-0.054689,-0.720541,0.145929,286.345642,-73.281746,-98.867859,4
25025,0.681214,-0.056611,-0.711765,0.161632,282.279022,-72.069099,-93.655869,4
25146,0.675845,-0.071989,-0.713291,0.171052,282.836304,-69.971123,-94.678207,4
25267,0.675805,-0.046272,-0.72109,0.145489,287.348297,-73.980591,-99.22274,4
25390,0.677149,-0.075808,-0.711286,0.172585,281.811127,-69.574593,-93.836754,4
25511,0.673693,-0.072675,-0.719285,0.153223,284.718628,-71.241623,-98.099815,4
25632,0.677878,-0.053166,-0.718227,0.147634,285.231171,-73.343925,-97.489067,4
25753,0.676413,-0.079583,-0.712108,0.17037,281.86673,-69.429604,-94.384911,4
25874,0.674595,-0.060389,-0.720037,0.151039,285.847595,-72.40654,-98.409668,4
25994,0.678126,-0.059456,-0.713664,0.165185,283.332275,-71.489418,-94.643852,4
26121,0.678021,-0.071652,-0.710533,0.174036,281.753754,-69.813072,-93.319633,4
26247,0.68556,-0.05928,-0.709454,0.152183,280.255066,-72.689095,-92.634903,4
26367,0.684718,-0.036271,-0.70739,0.17157,281.774872,-72.995033,-90.672508,4
26487,0.68378,-0.045064,-0.708026,0.170601,281.566864,-72.343628,-91.258919,4
26608,0.681921,-0.050236,-0.712562,0.157187,282.787292,-72.9459,-94.015663,4
26729,0.682599,-0.033938,-0.715581,0.14437,284.993683,-75.264328,-95.961609,4
26850,0.682016,-0.059827,-0.709617,0.166465,281.334503,-71.445503,-92.570633,4
26973,0.677643,-0.048298,-0.719854,0.142369,286.332458,-74.124054,-98.630363,4
27094,0.680226,-0.049879,-0.715978,0.1489,284.251251,-73.576927,-96.137787,4
27215,0.676557,-0.081772,-0.714198,0.159676,282.065399,-70.098206,-95.653252,4
27336,0.673337,-0.051816,-0.725858,0.130593,289.283691,-74.570862,-102.838768,4
27457,0.67734,-0.078027,-0.713383,0.161858,281.99292,-70.245193,-95.093857,4
27577,0.674219,-0.089133,-0.715274,0.160806,282.279419,-69.36367,-96.37368,4
27697,0.676273,-0.047071,-0.722789,0.134191,287.954193,-74.790298,-100.827675,4
27819,0.677299,-0.080976,-0.715083,0.152828,282.132507,-70.717079,-96.224319,4
27940,0.67269,-0.110055,-0.728164,0.071732,285.401184,-74.550995,-108.535255,4
28061,0.677631,-0.180057,-0.711112,0.05202,272.940125,-70.910789,-103.475243,4
28182,0.664953,0.059407,-0.715033,0.207431,299.633942,-77.309814,-97.746025,4
28303,0.658779,0.04743,-0.72813,0.183247,306.491272,-77.616997,-107.604385,4
28424,0.661849,-0.180576,-0.727437,0.013221,281.827118,-73.361923,-115.564835,4
28547,0.647406,-0.293058,-0.701432,-0.054477,268.30954,-70.077065,-117.206322,4
28668,0.669717,-0.156087,-0.725113,0.036318,281.152588,-73.720047,-110.968132,4
28789,0.653945,0.042424,-0.735147,0.173515,310.609802,-77.478149,-112.937256,4
28909,0.614098,0.195164,-0.695619,0.317648,325.027252,-78.054085,-102.261192,4
29029,0.581881,0.262215,-0.672131,0.375353,335.528076,-78.25016,-101.627029,4
29150,0.571856,0.282869,-0.667076,0.384664,341.403198,-78.684708,-104.770164,4
29271,0.578184,0.279057,-0.667338,0.377468,339.968109,-79.221764,-104.378273,4
29394,0.586624,0.260561,-0.678259,0.357683,339.382263,-79.161659,-107.28418,4
29515,0.666807,0.042608,-0.724022,0.171278,302.713684,-78.568474,-105.228119,4
29636,0.674122,-0.124494,-0.727451,0.02943,285.227051,-76.768951,-112.987663,4
29757,0.655277,-0.226339,-0.718977,-0.049455,278.455627,-74.71933,-121.151291,4
29878,0.599553,-0.413566,-0.662498,-0.174892,259.774445,-69.894981,-129.771317,4
29999,0.533167,-0.541041,-0.591299,-0.27086,246.31105,-67.460335,-137.972397,4
186,0.999881,-0.002709,-0.014724,-0.00246,179.722641,-1.688055,-0.306342,5
306,0.999538,-0.005764,-0.029462,-0.003772,179.586685,-3.379016,-0.64855,5
426,0.999023,-0.009351,-0.042938,-0.003649,179.626892,-4.925534,-1.056526,5
546,0.998382,-0.015762,-0.054349,-0.004786,179.547943,-6.238832,-1.78435,5
666,0.997766,-0.024311,-0.061443,-0.009358,179.094345,-7.069067,-2.735531,5
786,0.99763,-0.023642,-0.062204,-0.017247,178.182312,-7.176694,-2.601107,5
906,0.997662,-0.018841,-0.060678,-0.024996,177.251846,-7.008322,-1.995526,5
1026,0.997431,-0.022034,-0.061175,-0.029919,176.70787,-7.085745,-2.327131,5
1146,0.997136,-0.029477,-0.061303,-0.032926,176.414764,-7.134375,-3.162905,5
1266,0.997158,-0.024168,-0.060187,-0.038215,175.764648,-7.000528,-2.517598,5
1386,0.996754,-0.021447,-0.061637,-0.047055,174.728195,-7.17459,-2.134567,5
1506,0.996468,-0.022786,-0.06055,-0.053463,173.996735,-7.071602,-2.248565,5
1627,0.995949,-0.024169,-0.060826,-0.06159,173.069,-7.130935,-2.347868,5
1747,0.995625,-0.020944,-0.061225,-0.067348,172.381409,-7.165435,-1.932426,5
1867,0.995092,-0.026219,-0.06041,-0.073804,171.672226,-7.128614,-2.498955,5
1987,0.9944,-0.024648,-0.060887,-0.082736,170.62915,-7.190662,-2.249605,5
2107,0.993941,-0.024492,-0.058315,-0.089851,169.80249,-6.910826,-2.205667,5
2227,0.993128,-0.029358,-0.059041,-0.096648,169.050537,-7.062079,-2.708702,5
2347,0.992477,-0.013679,-0.064355,-0.103212,168.178406,-7.502298,-0.801469,5
2468,0.990992,0.015438,-0.077422,-0.108133,167.338409,-8.633341,2.744593,5
2588,0.988769,-0.045537,-0.082961,-0.115634,167.02272,-10.054743,-4.127119,5
2708,0.989613,0.064828,-0.074422,-0.104477,167.385208,-7.686484,8.346771,5
2828,0.989725,0.006633,-0.085581,-0.114314,166.662384,-9.665017,1.900625,5
2948,0.987164,-0.076335,-0.076908,-0.117286,167.111359,-9.773151,-7.736858,5
3068,0.986548,0.082058,-0.083597,-0.113987,166.041473,-8.40899,10.540645,5
3188,0.986841,0.049849,-0.092875,-0.122577,165.229568,-9.85096,7.063477,5
3309,0.980701,-0.126183,-0.077783,-0.127454,166.444107,-10.645325,-13.394497,5
3429,0.989178,-0.039523,-0.069339,-0.123082,166.07634,-8.447697,-3.542697,5
3549,0.985667,0.075251,-0.077685,-0.129439,164.378815,-7.681228,9.786758,5
3669,0.984366,-0.085939,-0.072237,-0.135691,165.031525,-9.528436,-8.724301,5
3789,0.986742,-0.064801,-0.063602,-0.134488,164.939713,-8.218414,-6.426368,5
3909,0.98494,0.071306,-0.07705,-0.137344,163.499008,-7.596293,9.384598,5
4029,0.982128,-0.095867,-0.067126,-0.147376,163.726089,-9.213238,-9.829976,5
4150,0.987053,-0.075919,-0.058119,-0.128751,165.665298,-7.717145,-7.82456,5
4270,0.987397,0.055406,-0.070245,-0.130513,164.478821,-7.137892,7.397356,5
4390,0.986759,-0.014534,-0.073899,-0.143614,163.471207,-8.627863,-0.432158,5
4510,0.987034,-0.03052,-0.068459,-0.141907,163.808243,-8.268111,-2.363946,5
4630,0.984236,0.055019,-0.072196,-0.15176,161.993713,-7.204753,7.542025,5
4750,0.980756,-0.082195,-0.066038,-0.16429,161.621826,-9.006244,-8.121346,5
4870,0.985464,0.001905,-0.065282,-0.156805,161.828125,-7.358042,1.399868,5
4990,0.980054,0.090258,-0.079,-0.158423,160.888596,-7.253006,11.746093,5
5110,0.975955,-0.126697,-0.06002,-0.166879,161.666519,-9.174423,-13.309646,5
5230,0.940239,-0.294391,-0.035972,-0.167278,162.691483,-9.563202,-33.311722,5
5350,0.891689,-0.422794,-0.012774,-0.161137,163.731979,-9.150966,-49.424835,5
5470,0.889034,-0.431383,-0.015949,-0.152528,164.882309,-9.204201,-50.54343,5
5590,0.935588,-0.313252,-0.053162,-0.153992,164.93721,-11.300292,-35.523922,5
5711,0.974802,-0.133624,-0.084581,-0.157299,163.121002,-11.942882,-13.832249,5
5831,0.982703,-0.0293,-0.090882,-0.158648,161.817734,-10.831182,-1.677341,5
5951,0.979768,0.082763,-0.105782,-0.148349,161.730698,-10.528644,11.354414,5
6071,0.96646,0.169627,-0.122657,-0.148759,160.425247,-10.755504,21.770123,5
6191,0.943413,0.265476,-0.139402,-0.141611,159.671936,-10.826681,33.379517,5
6311,0.883625,0.420719,-0.164,-0.123682,158.722275,-10.705282,52.937191,5
6436,0.83237,0.507394,-0.183204,-0.127041,156.189697,-10.140807,64.874016,5
6557,0.783131,0.580446,-0.188504,-0.119353,155.74202,-9.014832,75.031418,5
6677,0.772088,0.593369,-0.192262,-0.121743,155.097458,-8.766534,77.0252,5
6797,0.786592,0.569359,-0.196565,-0.135854,153.712509,-8.889731,73.875648,5
6917,0.893812,0.355054,-0.194479,-0.192888,150.396103,-12.162389,46.554352,5
7037,0.948613,0.15534,-0.168725,-0.218003,151.209229,-14.618363,22.370962,5
7157,0.95821,0.066602,-0.146969,-0.236198,150.807571,-14.488793,11.743978,5
7277,0.960239,-0.005153,-0.119113,-0.252425,150.196045,-13.376889,2.960013,5
7399,0.95866,-0.063412,-0.093279,-0.261228,149.973587,-12.238207,-4.274889,5
7519,0.950512,-0.149929,-0.061622,-0.265032,150.329056,-11.339158,-14.914608,5
7639,0.935635,-0.231076,-0.032203,-0.264849,150.728485,-10.524837,-24.98967,5
7759,0.895774,-0.362051,0.011905,-0.257599,151.531723,-9.508872,-41.597172,5
7879,0.854872,-0.450833,0.04238,-0.253258,151.506958,-8.96869,-53.329601,5
7999,0.81075,-0.525838,0.0657,-0.248702,151.435623,-8.917996,-63.658443,5
8119,0.766925,-0.592553,0.087717,-0.230226,152.514633,-7.949317,-73.434303,5
8239,0.803096,-0.546988,0.060083,-0.228522,154.025589,-8.829402,-66.476746,5
8359,0.889372,-0.382636,-0.00688,-0.250102,153.319794,-11.749552,-43.761959,5
8479,0.941676,-0.20932,-0.062182,-0.256038,152.088577,-12.961661,-21.830154,5
8599,0.959126,-0.129857,-0.068699,-0.241838,152.950653,-11.220859,-12.713599,5
8719,0.962637,-0.111594,-0.076099,-0.234684,153.659058,-11.472099,-10.531847,5
8839,0.966223,-0.0913,-0.083983,-0.225866,154.523422,-11.743765,-8.132153,5
8960,0.964487,-0.093994,-0.089032,-0.230205,154.051819,-12.416541,-8.260975,5
9080,0.970939,-0.061002,-0.090287,-0.213064,155.723053,-11.614193,-4.683793,5
9200,0.965552,-0.060192,-0.096005,-0.234222,153.181747,-12.332995,-4.183267,5
9320,0.976475,-0.050051,-0.088487,-0.19014,158.325348,-11.060455,-3.744687,5
9440,0.968389,-0.036261,-0.099129,-0.225994,153.88501,-12.027425,-1.489523,5
9560,0.977706,-0.025575,-0.106046,-0.179394,159.282608,-12.505904,-0.702025,5
9680,0.973689,-0.008375,-0.111142,-0.19874,156.745712,-12.695224,1.636979,5
9818,0.972105,-0.016615,-0.111871,-0.205456,156.041092,-12.963404,0.803513,5
9938,0.977426,-0.008585,-0.110676,-0.179742,159.010345,-12.676177,1.351019,5
10058,0.973469,-0.014312,-0.115076,-0.197238,156.972321,-13.278936,1.032086,5
10178,0.980741,-0.01624,-0.107019,-0.162546,161.160278,-12.426953,0.172323,5
10298,0.970889,-0.002539,-0.112345,-0.211515,155.142029,-12.66346,2.502151,5
10418,0.977653,-0.003015,-0.114019,-0.176567,159.295975,-12.944462,2.020948,5
10538,0.967492,0.017225,-0.113462,-0.225345,153.246033,-12.226894,4.958025,5
10659,0.978577,0.013167,-0.118045,-0.168138,160.058914,-13.097235,3.853999,5
10779,0.972848,0.025869,-0.117763,-0.197535,156.412888,-12.645115,5.696946,5
10899,0.977289,0.025052,-0.118711,-0.173718,159.240479,-12.9045,5.310225,5
11019,0.977797,0.031606,-0.118342,-0.17,159.602844,-12.749162,6.005571,5
11139,0.970185,0.031759,-0.10797,-0.214631,154.425552,-11.295459,6.321356,5
11259,0.977903,0.031346,-0.108642,-0.175814,159.021942,-11.622406,5.830777,5
11379,0.972118,0.019914,-0.11107,-0.205538,155.603409,-11.991066,4.948341,5
11500,0.980985,0.020559,-0.10572,-0.161433,160.867859,-11.582653,4.359666,5
11620,0.970666,0.023138,-0.110828,-0.212085,154.790222,-11.849421,5.389803,5
11740,0.973086,0.031003,-0.106738,-0.201843,155.966187,-11.257246,6.053359,5
11860,0.970107,0.018445,-0.117271,-0.21164,154.827377,-12.692729,5.023585,5
11980,0.965451,0.035983,-0.114171,-0.231441,152.298584,-11.759061,7.177824,5
12100,0.970427,0.018089,-0.118623,-0.209438,155.079697,-12.864894,4.989862,5
12220,0.960101,0.039007,-0.108802,-0.254635,149.564041,-10.897673,7.62592,5
12341,0.969381,0.025544,-0.115326,-0.215267,154.332672,-12.274314,5.825298,5
12461,0.961398,0.038121,-0.114107,-0.247452,150.360199,-11.568447,7.611914,5
12581,0.969035,0.020627,-0.114069,-0.218001,154.077637,-12.244254,5.267176,5
12701,0.962806,0.028084,-0.113835,-0.24341,150.956512,-11.860549,6.423962,5
12821,0.965052,0.027101,-0.112439,-0.235135,151.976318,-11.787054,6.168308,5
12941,0.963273,0.024913,-0.115663,-0.241035,151.253387,-12.170397,6.092778,5
13062,0.959989,0.034492,-0.112754,-0.253987,149.633087,-11.476432,7.239655,5
13182,0.964722,0.012342,-0.115438,-0.236274,151.971283,-12.526903,4.604346,5
13302,0.962667,0.014585,-0.114607,-0.244776,150.933609,-12.328549,4.943613,5
13422,0.957382,0.023405,-0.112062,-0.265153,148.41481,-11.663301,6.110104,5
13542,0.961205,0.015564,-0.110734,-0.252136,150.082596,-11.831099,5.026803,5
13662,0.964815,0.004225,-0.109177,-0.239136,151.785538,-12.043264,3.538999,5
13782,0.958133,0.008582,-0.104475,-0.266428,148.504272,-11.281476,4.217117,5
13902,0.955318,0.016233,-0.102192,-0.276861,147.195084,-10.73476,5.115402,5
14022,0.961436,0.003766,-0.102405,-0.255206,149.925842,-11.244115,3.478581,5
14142,0.962189,-0.008829,-0.101883,-0.25244,150.394516,-11.567286,2.015103,5
14262,0.955386,0.007631,-0.099115,-0.278112,147.159805,-10.669406,4.067849,5
14382,0.955005,0.020027,-0.104651,-0.276773,147.139908,-10.882735,5.620719,5
14502,0.962214,-0.000265,-0.105748,-0.250904,150.453842,-11.749763,3.077118,5
14622,0.959192,-0.002677,-0.100978,-0.264082,148.936447,-11.252275,2.816789,5
14742,0.955076,0.010266,-0.102907,-0.277716,147.141373,-11.003324,4.485414,5
14862,0.963696,-0.006913,-0.1011,-0.247006,151.033661,-11.436016,2.141224,5
14982,0.949856,0.005626,-0.100174,-0.29614,144.982391,-10.776018,4.087334,5
15102,0.963603,-0.005496,-0.098455,-0.248468,150.864822,-11.097257,2.23881,5
15222,0.950848,0.005561,-0.107006,-0.290513,145.590302,-11.55231,4.25833,5
15342,0.968364,0.008587,-0.101014,-0.228002,153.147675,-11.053189,3.662414,5
15462,0.957901,-0.011553,-0.111467,-0.264307,148.909119,-12.688785,2.161225,5
15583,0.959646,0.006683,-0.104369,-0.261024,149.176147,-11.351417,3.936796,5
15703,0.95883,-0.00711,-0.110516,-0.261481,149.209183,-12.453725,2.592093,5
15823,0.963227,0.008841,-0.105564,-0.246909,150.838669,-11.478387,4.04683,5
15943,0.95431,0.003837,-0.112881,-0.276635,147.226517,-12.317182,4.095637,5
16063,0.965607,0.012856,-0.111225,-0.234643,152.206818,-12.050094,4.51723,5
16183,0.954948,0.009784,-0.12601,-0.2685,147.982803,-13.61597,5.097487,5
16303,0.962525,0.003049,-0.122968,-0.241676,151.350906,-13.606074,3.852671,5
16425,0.953453,0.010345,-0.120833,-0.276063,147.124985,-12.985607,5.089391,5
16545,0.956999,0.006738,-0.121999,-0.26309,148.727448,-13.294703,4.543286,5
16665,0.963767,0.018416,-0.116199,-0.239382,151.519058,-12.424982,5.354311,5
16785,0.956428,0.004821,-0.119025,-0.266545,148.367294,-13.009245,4.27755,5
16905,0.959583,0.009291,-0.118446,-0.255101,149.706024,-12.860504,4.604436,5
17025,0.94864,0.018679,-0.121031,-0.29168,145.126556,-12.634608,6.238912,5
17147,0.96126,0.008062,-0.122147,-0.246953,150.66098,-13.347051,4.469774,5
17267,0.956599,0.014434,-0.117246,-0.266372,148.299057,-12.51088,5.294067,5
17387,0.961499,0.00655,-0.119818,-0.24721,150.675293,-13.130579,4.230286,5
17507,0.9548,0.017694,-0.115481,-0.273311,147.445633,-12.172201,5.689746,5
17627,0.954194,0.01356,-0.117186,-0.274933,147.272629,-12.484791,5.307496,5
17747,0.963509,0.024857,-0.116622,-0.239632,151.410156,-12.287601,6.097849,5
17867,0.948785,0.026414,-0.112151,-0.294147,144.872452,-11.377647,6.80141,5
17987,0.96089,0.020885,-0.119666,-0.248849,150.309082,-12.684216,5.865226,5
18107,0.949117,0.026971,-0.120233,-0.289802,145.27623,-12.274668,7.106469,5
18227,0.959055,0.012919,-0.118762,-0.256775,149.457596,-12.777472,5.045572,5
18347,0.951204,0.018346,-0.120146,-0.283604,146.126266,-12.601018,6.061297,5
18467,0.954607,0.007701,-0.112668,-0.275615,147.310379,-12.172847,4.506737,5
18587,0.952028,0.066098,-0.128637,-0.269663,147.147919,-12.080375,11.516654,5
18713,0.931194,0.171837,-0.168226,-0.273938,144.398315,-12.659473,24.990288,5
18834,0.865632,0.369287,-0.234512,-0.243526,142.364822,-13.069917,50.677834,5
18954,0.827113,0.4368,-0.264566,-0.234703,140.44281,-13.451145,60.53336,5
19074,0.76688,0.522493,-0.294126,-0.228862,137.647873,-12.237281,73.290649,5
19194,0.703642,0.596069,-0.31003,-0.231219,135.240082,-9.244929,84.350319,5
19314,0.674667,0.621858,-0.32048,-0.235374,133.674225,-8.030246,88.774895,5
19434,0.742519,0.519828,-0.312757,-0.283936,130.733704,-9.744805,74.467216,5
19554,0.852313,0.279179,-0.25548,-0.36103,128.766464,-13.52759,42.782169,5
19675,0.886123,0.136992,-0.198896,-0.395539,128.825363,-14.129881,24.368893,5
19795,0.9,-0.011105,-0.131611,-0.415387,129.78833,-14.248403,5.289392,5
19915,0.89458,-0.118343,-0.074011,-0.424541,130.267059,-13.467879,-8.806868,5
20035,0.866979,-0.248617,0.006151,-0.431846,129.823227,-11.774614,-26.473518,5
20155,0.820314,-0.371172,0.078837,-0.427893,129.249985,-10.853683,-43.53088,5
20275,0.752234,-0.492657,0.151304,-0.410526,128.831909,-10.187193,-61.555695,5
20395,0.697666,-0.567807,0.200394,-0.38819,128.792313,-9.277534,-73.828079,5
20540,0.668692,-0.601831,0.229212,-0.371623,128.677887,-8.092017,-80.081947,5
20664,0.680552,-0.593656,0.219112,-0.369329,129.603943,-8.06374,-78.397797,5
20784,0.723382,-0.541658,0.179365,-0.388772,129.9272,-9.303532,-69.297173,5
20904,0.811014,-0.40249,0.08641,-0.415671,130.688553,-11.212456,-47.628479,5
21024,0.854937,-0.271345,0.000639,-0.442092,128.848404,-13.817327,-28.579264,5
21144,0.881416,-0.153861,-0.044067,-0.44439,127.986015,-12.38221,-13.744452,5
21266,0.894973,-0.075008,-0.072721,-0.433706,128.700943,-11.258081,-4.16202,5
21386,0.900424,-0.047092,-0.094114,-0.422081,129.803177,-12.077737,-0.31396,5
21506,0.909975,-0.050634,-0.099941,-0.39923,132.705414,-12.845192,-0.725948,5
21626,0.910306,-0.017126,-0.105058,-0.400005,132.236435,-11.827779,3.096351,5
21746,0.904283,0.079117,-0.133553,-0.397704,131.191864,-10.288777,14.678331,5
21866,0.907114,0.046659,-0.126386,-0.39873,131.484619,-11.074476,10.891862,5
21986,0.910964,-0.045669,-0.089163,-0.400125,132.644775,-11.478205,-0.692961,5
22108,0.908829,0.042522,-0.110622,-0.39997,131.676178,-9.616872,9.679922,5
22228,0.910475,-0.000694,-0.09524,-0.402436,131.923737,-10.019645,4.390885,5
22348,0.912259,-0.006787,-0.091097,-0.399288,132.419388,-9.882506,3.512988,5
22468,0.906861,0.00027,-0.094057,-0.41079,130.872543,-9.809368,4.52645,5
22588,0.921528,-0.024501,-0.085468,-0.377984,135.295868,-10.139471,1.132472,5
22708,0.919669,-0.020802,-0.081241,-0.383625,134.598572,-9.519876,1.39853,5
22828,0.914391,-0.026146,-0.086177,-0.394679,133.201584,-10.26708,1.176821,5
22954,0.928349,-0.023613,-0.07726,-0.362813,137.250397,-9.240735,0.709366,5
23074,0.920457,-0.023412,-0.085727,-0.380596,134.957428,-10.115688,1.28955,5
23194,0.925503,-0.029408,-0.087114,-0.367398,136.645569,-10.536222,0.558147,5
23315,0.929943,-0.018933,-0.087291,-0.356679,137.892151,-10.128523,1.574899,5
23436,0.928674,-0.013337,-0.090936,-0.359318,137.483292,-10.281453,2.363535,5
23556,0.933701,-0.018275,-0.09771,-0.343965,139.363449,-11.24684,1.933501,5
23679,0.927755,-0.008003,-0.103149,-0.35855,137.39595,-11.369363,3.457206,5
23800,0.923711,0.009811,-0.103295,-0.368759,135.965073,-10.579105,5.50528,5
23921,0.931636,-0.010164,-0.109573,-0.346318,138.860092,-12.192885,3.340582,5
24042,0.916206,0.003838,-0.114463,-0.38398,133.940918,-11.934675,5.568312,5
24163,0.923961,-0.013571,-0.116489,-0.364053,136.589142,-13.011287,3.515146,5
24283,0.919766,0.005539,-0.110006,-0.376682,134.912445,-11.430977,5.448324,5
24403,0.922574,-0.007233,-0.111706,-0.369213,135.943863,-12.207605,4.056524,5
24526,0.920713,0.008475,-0.114243,-0.373037,135.278458,-11.773696,5.912385,5
24647,0.923747,-0.004127,-0.112807,-0.365979,136.303955,-12.206229,4.39764,5
24768,0.932292,0.013273,-0.108372,-0.344822,138.837936,-11.122929,5.819236,5
24889,0.917387,0.019597,-0.115184,-0.380449,134.232681,-11.327995,7.241629,5
25010,0.929098,0.006814,-0.110318,-0.352919,137.865173,-11.547635,5.301644,5
25131,0.927319,0.020306,-0.108044,-0.357749,137.177658,-10.710891,6.719219,5
25252,0.921724,0.005607,-0.111049,-0.371553,135.539566,-11.568958,5.4388,5
25375,0.934724,0.006185,-0.110754,-0.337605,139.76387,-11.704986,5.058817,5
25495,0.923882,0.003269,-0.118586,-0.363815,136.416748,-12.517603,5.426832,5
25615,0.936571,0.00232,-0.11351,-0.331568,140.511032,-12.185766,4.672077,5
25735,0.920767,0.012214,-0.113558,-0.373008,135.258789,-11.537519,6.281889,5
25856,0.926536,-0.001868,-0.112242,-0.359056,137.156006,-12.083302,4.524627,5
25977,0.928022,0.001346,-0.099056,-0.3591,137.295868,-10.537855,4.295731,5
26098,0.926459,-0.009174,-0.104652,-0.361426,137.02948,-11.568647,3.432107,5
26221,0.931216,0.001645,-0.108622,-0.347889,138.562195,-11.604559,4.604755,5
26342,0.916477,0.011657,-0.119745,-0.381558,134.087387,-12.157032,6.62279,5
26463,0.92922,0.006228,-0.119877,-0.349474,138.15799,-12.616848,5.608029,5
26584,0.917063,0.021132,-0.124118,-0.378331,134.327057,-12.219576,7.801988,5
26705,0.925779,0.002003,-0.121959,-0.357837,137.125458,-12.966449,5.357653,5
26825,0.922229,0.001856,-0.120464,-0.367382,135.954239,-12.757597,5.408882,5
26945,0.920159,-0.004499,-0.124717,-0.371112,135.483322,-13.465419,4.972058,5
27068,0.93311,-0.008425,-0.117869,-0.339607,139.569214,-13.043616,3.786501,5
27189,0.915032,0.005391,-0.128024,-0.382476,133.888611,-13.307005,6.359832,5
27310,0.930143,-0.015608,-0.1204,-0.346535,138.751328,-13.579556,3.208849,5
27431,0.917182,0.004068,-0.118528,-0.380399,134.325592,-12.376062,5.736954,5
27552,0.93043,-0.002376,-0.115954,-0.347622,138.534592,-12.557891,4.477184,5
27673,0.920769,0.012876,-0.109896,-0.374075,135.17662,-11.113046,6.197439,5
27796,0.924249,-0.004686,-0.113779,-0.3644,136.493515,-12.341381,4.359699,5
27917,0.925829,0.004973,-0.11137,-0.361116,136.846039,-11.690675,5.252298,5
28038,0.92594,-0.003786,-0.119432,-0.358258,137.171616,-12.937449,4.623636,5
28158,0.926238,-0.000103,-0.1137,-0.35937,137.078934,-12.163418,4.784168,5
28278,0.918873,-0.003566,-0.118693,-0.37625,134.920746,-12.756719,4.867844,5
28399,0.935933,-0.00602,-0.108019,-0.335136,140.224258,-11.901616,3.581982,5
28520,0.92735,0.003367,-0.113951,-0.356396,137.412689,-12.060499,5.131522,5
28643,0.926359,-0.006862,-0.107518,-0.360892,137.038193,-11.779966,3.800805,5
28764,0.922817,-0.010082,-0.104069,-0.370766,135.87674,-11.510619,3.426284,5
28885,0.927738,-0.009309,-0.103361,-0.358501,137.41156,-11.446879,3.324466,5
29006,0.920642,-0.012752,-0.10883,-0.374705,135.345718,-12.119035,3.40554,5
29127,0.934572,-0.014936,-0.103702,-0.339984,139.761902,-11.770403,2.493839,5
29248,0.923245,-0.013378,-0.110156,-0.367826,136.198502,-12.312485,3.305499,5
29368,0.929206,-0.032369,-0.098542,-0.354696,138.155243,-11.893528,0.57091,5
29490,0.921786,-0.042577,-0.092645,-0.37404,135.882919,-11.69193,-0.537555,5
29610,0.925109,-0.043258,-0.09138,-0.365982,136.909912,-11.580007,-0.769092,5
29731,0.925479,-0.032581,-0.083161,-0.368107,136.615448,-10.248261,0.053449,5
29852,0.921338,-0.025371,-0.09452,-0.376231,135.435959,-11.143106,1.42335,5
29973,0.929494,-0.030855,-0.086016,-0.357325,137.921936,-10.483601,0.239634,5
