timestamp,filtered_x,filtered_y,filtered_z
3.49,0.0,0.0,0.0
3.65,0.0026691753648303415,0.02246117197400821,-0.005773806540986232
3.82,-0.009490621366903453,0.09380906152241658,0.0206372967462308
3.98,0.051331338330533494,0.20603288814907794,0.024567462204915777
4.14,0.09743937750314496,0.32712094800030517,-0.047146961300193066
4.31,0.05393426154207709,0.6211807033546399,0.061389272049471665
4.47,-0.31791619990038206,0.7776783262196723,0.16767300293590326
4.64,-0.49058640666669784,0.9248215961128561,0.14159283957803523
4.81,-0.9534134951006628,1.583830329868627,-0.6704440807283929
4.97,-1.2704578675347538,1.8069564542214198,-1.1910231079000493
5.13,-2.5623448401150464,1.9973389478249406,-1.6457986437060472
5.3,-5.277537050487892,2.504677563521317,-1.8729911976445563
5.46,-6.930470569078204,1.0192088124807401,-1.1125262135642093
5.62,-4.236308361171828,3.8838101324905105,-1.1488616672315244
5.79,-4.368027674606939,5.2122953822995814,0.9667860101623382
5.96,-3.465203388940769,6.297257795004889,1.0885810635043498
6.12,-1.6319487900228538,5.698387341604519,-1.615589879217327
6.28,-0.7766754889120646,4.894980169368015,-2.30340420456142
6.44,-1.8170333902049145,5.203651905927571,0.06010846338164111
6.61,0.5687650390240118,13.721677241960899,1.5710349133911228
6.77,2.968190727389142,5.785486557660933,2.522719219455965
6.94,4.349407780595689,3.3033192253047594,1.950872765687391
7.1,6.540678896904126,4.833543412058427,0.19381370179953317
7.26,5.661704890341372,4.861660909190999,-0.80679151151371
7.43,5.851556931495713,9.094355929791455,1.5638195582965269
7.59,11.550507002864748,16.301201798001394,-0.4026872491435045
7.75,11.485379741697319,17.823725057700784,-3.1217439219688132
7.91,10.985853003935746,9.848735691266903,-6.033536351947271
8.09,8.229069975772598,17.638420244192357,-0.8809271304265245
8.25,1.455869004739796,18.494461918106907,8.375024844214922
8.41,-7.86927110017968,-1.9187087527169133,11.328377534066732
8.57,-2.0063607918469506,-16.447369868023785,-3.869811232891591
8.74,-1.6789640815934583,-19.70069667869789,-3.1299700662252965
8.9,-3.3819291462568413,-7.614165983771851,1.3961254116744533
9.06,-6.523322339465491,-8.114954353678257,0.20988739805287837
9.23,-1.2026564537229802,-13.778973255570694,-6.836005902977859
9.4,-9.72041950590757,-21.243157857690072,3.9545373084354303
9.56,-10.226279492500003,-14.186470246607312,2.2010796058520135
9.72,-19.644224638447085,-13.023108263912329,4.386874162426228
9.88,-22.914441739225303,-9.549760082032279,9.758983906813956
10.04,-4.558866195227104,-4.336339765561966,1.4954738971206396
10.21,18.542256589865186,2.6472128090800555,-5.737086964241072
10.38,17.48974833328906,10.226983839294203,6.672493280219485
10.54,22.19485912471861,11.719720873743949,4.7526208366754785
10.7,21.11560252840902,7.534368987200702,4.030302380881991
10.87,17.966083973788837,-15.623843302260129,16.65102162586682
11.03,20.944616768594315,-28.41350079931612,24.930392640800115
11.19,-7.9390738367080225,-24.952922729802253,28.909666465459093
11.35,-46.678923201555,-56.246696514168875,22.510452970283364
11.52,-27.689970582611647,-30.867058436229108,-0.22061892575283082
11.69,-6.410514475067149,-39.49095338875273,4.2274506964769145
11.85,-46.2565165128655,-47.52735389752275,22.213808113604667
12.01,-40.848358655842006,-84.76985799333411,9.412664335026962
12.17,-40.22169523872512,-75.02129731835713,13.10741222709115
12.34,-42.149224358570876,-40.10401544542106,3.8254984646911563
12.5,-66.395080446696,-19.447753618828127,10.579255765494192
12.67,-68.2608354704105,-28.64082682595155,5.7642382589745225
12.83,-47.3434986883578,89.41693063065442,5.744147600399136
13.0,-60.40565603195757,74.21337017762815,42.82538537856131
13.16,-21.264593835210647,121.40615487400729,57.86420495516268
13.32,30.07391820869069,172.59885329091395,-34.95052008817453
13.48,67.81914433945093,142.6357220366151,-83.1650846081584
13.65,95.31273810256329,197.32082826610917,-4.071084918109392
13.82,110.3338878160758,182.43841433412751,-21.829299893083714
13.98,0.45290083334641906,129.734243877088,-26.39518908734861
14.14,-32.639604976604616,85.20318981374233,-92.6055720270598
14.31,-110.60138210758271,59.74139801405185,-94.14102336243788
14.47,-114.06255958282773,74.53118138267234,-51.94201197998512
14.63,-104.22224879238523,139.27175628185162,-26.030050317161745
14.79,-116.2140679794158,113.65556775931296,-26.62410920076029
14.96,-115.16919224989002,176.2680505657334,-91.02408735977511
15.13,-83.50298651544998,130.97397867793643,-40.06508898203578
15.29,-99.71127454142749,165.3713069765812,18.589909732442074
15.45,-32.384099929548114,161.2668575212831,-32.73508043146122
15.61,72.08791601632147,139.64029382691402,-22.327329640218025
15.78,64.90429526720825,191.84772450157422,-35.96190574647849
15.94,33.2228679317827,-22.68131633719824,11.885591001604986
16.11,-7.346909282980782,-69.98280871955623,-83.44005540694332
16.27,-33.4304559162951,-217.76370993653074,-60.17319150533971
16.43,-19.79979744576426,-221.76044329851433,-71.71291393360174
16.6,-83.11998251403557,-369.69313535750825,-124.57200302521876
16.76,-132.52355127581845,-503.20520030699856,-273.73731390986245
16.92,-246.85354871348494,-582.8403222742768,-276.9729079146906
17.08,-289.76384668272925,-611.0718649031675,-228.29218064103088
17.26,-119.8413728400478,-639.7965249947515,-55.59664924075571
17.42,-9.009423006129197,-596.1871248222022,-104.34143141629889
17.58,93.53548235804205,-456.15609623374075,-101.37883429023498
17.74,214.49172069230332,-317.8060655743993,27.28542137515427
17.91,205.42332527870397,-153.67212038232717,47.24588539118421
18.07,167.02845131360425,-156.00920781943918,124.21301936601407
18.23,315.57344937999443,-120.26758800228991,160.33247199757636
18.4,161.87238825432,258.4396557132999,89.91673574088907
18.56,76.7527702252002,36.080696542491296,72.981175316927
18.73,70.20012526071734,-120.34350276895395,-16.444129057888404
18.89,7.320048140953411,-169.6932610590933,4.208212613086431
19.05,9.934152644975349,-226.9717160359109,98.59874952551029
19.21,-13.507391348272298,-293.1559121424887,31.146447931266323
19.38,-136.91674532332047,-231.48297600732883,55.40590306264862
19.55,-107.67415451337082,-173.03148256022064,18.488815085939095
19.71,-189.33056016328544,-50.66739254753965,64.36331933950656
19.87,-274.0235478702989,-113.48965112909329,68.06640013662613
20.03,-281.3737646533089,-247.04551370522262,58.57253531923362
20.2,-365.35904629251934,-80.70521658252113,23.66644484965918
20.36,-207.51709142478816,-221.2188646754073,108.70171966785813
20.52,-207.90506710145775,-162.69618857483636,114.33330343750632
20.69,-181.28052177256387,-82.94699497241015,86.94569260527896
20.86,6.916612454153324,-1.387382586831066,123.70229195926282
21.02,47.03983775013769,-212.13567926587305,80.95511104197624
21.18,-61.31589136066593,-181.43528444669516,57.72507763231268
21.34,-267.3653295886548,-7.855526262318847,56.890819643304845
21.5,-234.06596436752474,220.6365266200317,-21.70985138109694
21.67,-54.31767229614957,596.0370831836628,-125.75171589713159
21.84,-60.42281594412851,457.8349935001819,-97.62483433638485
22.0,-155.05886402528847,412.1188424962835,-281.56502313575874
22.17,-211.48479165438715,812.179928041135,-30.376485205428196
22.33,-349.1343798456221,573.0560260728024,63.85622565948461
22.49,-521.1467790781676,389.21079861946305,49.33082525869875
22.65,-270.71949909537136,227.25686384502282,-29.544882661647904
22.81,-412.3942362527247,354.641639036529,-35.971521451882005
22.99,-857.2641340099062,499.22324645671296,101.1395291678053
23.15,-996.9957489217388,336.77838041364123,130.40000018042065
23.31,-752.6981472003995,423.7348493993362,-228.91573199474385
23.48,-504.34566349231784,493.53894247873524,-54.11069084131614
23.64,-503.2834860845232,507.5072090580509,-246.48219345084453
23.8,-372.5562774308433,490.75908371994433,-255.92499659097479
23.96,-642.609710113816,82.47214894357091,-158.3280233519563
24.13,-758.6039330502388,-234.1080585648607,-59.757149238602125
24.3,-685.2313471492264,-6.237933853109098,205.86797053979987
24.46,-570.2476995679187,103.85109962532206,176.7734302666669
24.62,-261.87416088782084,268.8941990292691,299.63020639521267
24.78,-307.05640765454586,131.37307827659836,93.63735632453682
24.95,-354.6487359399744,299.1141412571146,-291.36676174996177
25.11,-889.2355100957977,-26.870775083443448,-155.65701223728786
25.28,-1000.262394161216,560.908039763123,-248.1233085525073
25.44,-380.1638310546592,352.3249792245076,57.77793985512545
25.6,-254.5995983807332,497.1239402257485,-201.85470131158957
25.77,-434.06336519967726,288.9426581327259,-111.15371762478321
25.93,-95.61939258647863,23.55213716925948,-568.4171888100383
26.09,-345.40764497578766,-286.39589327183114,226.97249615841076
26.26,-8.76542448833078,-655.4209504048642,7.388243914696147
26.44,-484.86799950180637,-69.05614910124564,-114.50832534593636
26.6,-1043.5829235217534,-155.16538068146997,-223.642605172441
26.76,-645.4729740833159,183.18391720710648,96.8708172411109
26.93,-684.4521606463765,-357.55871370695394,59.57733028954091
27.09,-477.78552157995625,-270.8609444440692,-40.52942585894755
27.25,-255.7201024509413,33.63323926236842,93.57173875904752
27.42,-428.4511226090342,-308.1863095628519,-18.66206901824569
27.59,-471.03714499527723,-642.3687787840965,47.482196191109615
27.75,-517.6518468008045,-583.1402582752454,32.93800407739064
27.92,-575.1975607845296,-982.8677801686562,119.59048108609721
28.08,-331.8950929889572,-953.5089744141553,119.93890782856167
28.25,-284.1959555424567,-1041.2816823522867,72.15220191712821
28.41,-287.9042602751856,-1042.0540007862496,134.7726855575669
28.57,-603.4530905937577,-1139.8837014765436,48.80039805258721
28.74,-695.137852860659,-961.4655163395407,134.34296640372685
28.91,-860.8083924242019,-651.0947379661932,132.08467947239947
29.07,-1086.3706465207076,-609.124586967545,9.031225072354658
29.24,-891.8137462205154,-550.2376185248728,-234.86317338290397
29.4,-734.4122624513063,-333.2848027631674,-33.091027668361136
29.56,-748.873226236547,-272.56488847730617,-51.99613406091866
29.72,-703.4707148296919,-280.7003028486135,-55.177587009906524
29.9,-1401.318666880176,-332.9505846115111,50.77621582938868
30.06,-1369.1258364454502,-488.7049241764866,78.48794050091671
30.22,-1004.0105872640759,-548.3244460117214,204.33086639145654
30.39,-761.4496838351797,-166.1441842719227,-10.983848324445944
30.55,-896.2319680670181,-6.047616364512621,-30.755254355714396
30.71,-694.228775028767,607.0215705972545,21.19272643076806
30.88,-433.98744395370954,759.6185810772553,137.05822326280446
31.05,-771.7315587241808,382.970180278999,305.0469691550045
31.21,-843.0972819531158,197.28982153143423,326.92957729390463
31.38,-952.8498454567628,289.0857452913535,413.9848966261596
31.54,-431.28182366650503,360.0772779326187,130.34963653436012
31.7,-170.5045430427755,565.8856454806969,-231.12826857634715
31.87,-186.98967381449035,446.15768031766964,-210.22225132588
32.03,-650.8411019903009,707.1678747656276,-258.7232551067738
32.2,-290.1833956305022,802.9638233069363,-298.72874322281604
32.37,-60.982871862480124,209.50401727114274,-710.1730217097493
32.53,-120.18595916100055,170.66716170447523,-338.9549819831915
32.69,-287.71990181923627,360.04418747696445,-68.01706109973208
32.86,-555.0146152013306,-402.3824551944845,-849.2310044798359
33.02,-974.5934723125033,-1196.2281152769285,-502.9785801826643
33.18,-381.5744940645999,-489.8427596614224,-555.6253755298144
33.36,-679.3729550450616,-804.0834113347704,-283.6353733821309
33.52,290.64246569081763,-268.6018591394708,-659.6044468954797
33.68,-510.3355663401508,198.66285595375433,-451.26233090243977
33.85,626.8954162081678,594.5101739134523,-648.225331434128
34.01,275.7204636248758,495.6747533512954,-389.4449220078225
34.17,-551.9438023966823,342.67242133886066,-229.20119780976935
34.34,-734.3896770897502,-265.87349164655467,-632.5327900589148
34.51,-625.9010586505781,-242.19023734586744,-466.58356185715274
34.67,16.63370608758089,-309.7548333987969,-58.22844317101254
34.84,-269.8304072336159,-640.3361480500241,-370.8937747541547
35.0,-413.9659018695524,-1011.3576387618489,-473.61812965377953
35.16,-544.4412120901654,-961.7083846150338,-136.20758459886508
35.33,-168.11143869725748,-1949.5061116565726,271.0955498669675
35.49,308.50006428215613,-1680.5649180752512,415.3749948056137
35.66,323.1979487131743,-1661.284262494533,314.7254532509967
35.83,-75.13300271843525,-1099.6547495858108,86.68795880976768
36.0,-502.77085601745335,-1742.69665822481,-41.3294970866594
36.16,-477.7037415510538,-2300.4922990599507,-272.0269745696723
36.32,-772.2908669381652,-2182.82786847612,-305.425132476291
36.49,-895.7450384956861,-2228.596402496647,-515.4458205519356
36.65,-1216.6480250341995,-1909.0006199077873,-371.42748265752846
36.82,-1358.5724201116345,-1895.3593046260398,-563.862854200244
36.99,-767.6664780153642,-2215.165239569756,-321.37818811110833
37.15,-434.04013095749156,-1449.437900693992,92.25685150714946
37.31,-640.0676564269353,-888.6637871680074,80.27564097857437
37.47,-326.9816496712553,-1090.5919854102995,48.72230472961526
37.64,-190.5107819059571,-908.8953218090116,145.2385358381213
37.8,-289.15203106576587,-730.8234906881801,352.7142398962397
37.97,-567.6443379737775,-414.8912063345639,-122.31249832129913
38.14,-970.5450350946546,-398.333703413262,-549.9049472683407
38.3,-1222.1198470295108,-528.2670890410728,-353.4678207570442
38.46,-809.9540994118603,226.53928449971608,9.109981216612368
38.63,-1222.6746543005188,441.4356787225197,357.9116401584229
38.79,-1599.6520398134285,337.61132728339413,-164.2450198807138
38.95,-1036.6384726720169,516.960219538445,-643.7499108241243
39.13,-844.3298613126577,883.0994938089542,-386.80769822080754
39.29,-819.4522083723358,-21.949220261079745,-110.9879707569516
39.45,-1338.9394652964734,-1601.4948368174832,-948.206269539921
39.62,-1269.0521975114423,1093.717050675938,-1410.722519912367
39.78,-1326.9254990400375,2350.671726547591,-2306.079535691484
39.94,-1390.7166521728911,2115.186249649676,-2295.2074073065314
40.11,-1645.887079815562,1312.4388379127456,-2561.7680618478435
40.28,-732.8345988957519,1083.27409718088,-2553.4563120065263
40.44,-1410.7340339997766,-127.67178813850501,-1488.3084024466295
40.61,-1257.2697963954101,200.60619146505144,-1059.7593382435439
40.77,-252.4747492815303,129.98877544801448,-690.7034114600372
40.93,225.48620318574007,822.5204705336027,-696.8724176775795
41.1,770.0927351754815,2070.4905666414024,-651.8693441560154
41.26,1326.6742235439174,2353.121717240485,-185.50661769678857
41.43,3344.7331550136923,2059.010775559298,476.67586943225183
41.6,739.154813972134,223.12737883131945,643.1886239269318
41.76,1251.8848519729586,-163.3950358777062,748.3797700915306
41.92,179.78634891960655,299.61697250896447,824.1183477750966
42.08,31.045105634314524,-534.1527688534934,-266.4085432488803
42.25,251.44507241885023,-222.69317103807612,265.49576682103344
42.41,-311.3692748306781,-1047.1236909143752,561.3313691814437
42.58,-1011.0554554327714,-1501.6854273236627,-179.20646152658662
42.75,-1993.9039838506608,-1526.5721031276905,-996.1924699962514
42.91,-1078.9884338086927,-2146.679114808117,-1070.6248946494493
43.07,-1167.7411202313203,-2171.5193298674762,-309.00184494139785
43.24,-1546.7844210388846,-2689.3449893312413,-1923.105085266384
43.4,-1206.4171568542029,-3431.1821011648203,-1849.484851999866
43.56,-1809.0675394209547,-3377.484020236188,-2597.3757314508243
43.75,-2994.615873536278,-4420.216590017723,-3926.360016094287
43.92,-2436.2410600226067,-3575.2022018298812,-3299.2415281344365
44.08,-2539.5485830531807,-2901.9264233854938,-3449.9481564908233
44.24,-2557.1479786816576,-3257.6644508801496,-3495.0026416849423
44.41,-2052.849293804665,-3302.7172582610706,-2644.2708695370716
44.57,-3324.181044663267,-2357.7890606988003,-1537.5816868499403
44.73,-2493.8752817984823,-1391.3080164383746,-1058.957470450619
44.91,-2723.4697203204682,-1731.251810845286,-1287.0759420349195
45.07,-2204.5256902935357,-228.51783917301782,-897.8245846686864
45.23,-1356.4457787883935,330.65602143523125,-426.5138587215096
45.4,-968.6351330468278,417.3572046713487,-251.80007610910138
45.56,-887.7773187379471,-602.4145555034645,-583.3846851813951
45.72,24.51717644581072,100.06248873739048,-76.77414497071572
45.88,380.1657479913955,-1302.455557036063,167.22653481061158
46.06,-1092.565271729313,-1430.5558525161653,-918.1523397849428
46.22,-528.0945587302247,-1507.1993067096855,-1745.9378947322339
46.38,-788.3290007918004,-1459.5673758075402,-2761.203003936353
46.55,-2077.5268036098637,-1570.2437342294427,-3028.954943929824
46.71,-2565.163046582388,-1327.1275076263187,-2269.068998778687
46.88,-1936.0478348413176,-1127.25306770269,-1261.855458047721
47.04,-1676.2092968941356,-288.9836360287343,-1171.7238069805442
47.21,-2134.288984837845,-297.2485492867227,-1504.9195138462296
47.38,-2452.7769078586725,-585.6025860129957,-1360.120708203256
47.54,-2366.9741022041153,-493.5683070757297,-1358.878040142487
