Time(ms),AccelX,AccelY,AccelZ,GyroX,GyroY,GyroZ,MagX,MagY,MagZ,label
2785,0.17,-0.28,9.92,0.03,-0.07,-0.02,12.23,-21.38,-48.41,1
2922,0.39,-0.36,9.86,0.07,-0.04,-0.12,11.77,-21.54,-48.92,1
3060,0.17,-0.23,10.18,-0.02,-0.07,-0.01,12.63,-21.54,-48.71,1
3198,0.2,-0.15,10.48,-0.01,0.08,0.0,13.11,-22.13,-49.46,1
3335,0.08,-0.42,10.05,-0.05,-0.07,-0.03,12.89,-21.59,-48.09,1
3473,0.21,-0.57,9.64,0.02,-0.05,-0.04,12.45,-21.76,-48.95,1
3611,-0.06,-0.54,9.78,-0.05,-0.09,-0.02,12.77,-21.57,-50.15,1
3749,0.31,-0.28,10.46,-0.0,-0.08,-0.02,12.13,-21.48,-49.84,1
3893,0.03,-0.47,9.66,0.06,-0.07,-0.01,11.77,-20.68,-50.7,1
4031,0.35,-0.46,9.88,0.1,-0.12,-0.01,11.75,-22.2,-49.21,1
4168,0.4,-0.12,9.33,-0.0,0.06,0.07,12.53,-22.32,-48.85,1
4305,0.33,-0.3,9.88,0.04,-0.09,0.05,12.25,-21.59,-49.69,1
4442,0.21,-0.37,10.06,-0.03,-0.03,0.02,11.6,-21.81,-48.61,1
4579,0.23,-0.4,9.87,-0.07,-0.04,-0.0,11.87,-21.72,-49.66,1
4714,0.25,-0.53,9.99,0.13,0.03,-0.02,11.69,-21.48,-49.25,1
4850,0.1,-0.44,9.92,0.08,-0.02,0.05,12.96,-21.21,-49.58,1
4986,0.13,-0.52,9.74,0.1,-0.07,0.02,13.3,-21.43,-49.88,1
5126,-0.01,-0.29,10.08,0.09,0.01,0.03,12.79,-22.74,-49.69,1
5262,0.05,-0.1,9.89,0.11,-0.04,-0.0,12.32,-23.02,-49.34,1
5398,0.04,-0.24,9.74,-0.02,-0.03,0.06,13.48,-22.98,-48.77,1
5534,-0.01,-0.23,9.77,-0.08,-0.09,-0.01,12.76,-23.03,-49.23,1
5669,-0.05,-0.37,9.77,-0.12,-0.02,0.02,12.86,-22.01,-49.65,1
5805,-0.02,-0.4,9.89,0.06,-0.05,-0.02,13.64,-22.6,-49.96,1
5941,0.11,-0.37,9.81,-0.06,-0.09,-0.01,13.24,-21.82,-49.75,1
6077,0.08,-0.36,9.89,0.02,-0.04,0.02,13.3,-22.45,-49.02,1
6218,0.08,-0.39,9.95,-0.01,-0.03,0.01,12.28,-22.32,-48.54,1
6354,0.07,-0.42,9.99,-0.02,-0.02,-0.01,12.41,-22.39,-49.3,1
6490,0.07,-0.45,9.93,-0.02,-0.03,-0.01,12.44,-22.11,-48.96,1
6625,0.08,-0.47,9.94,-0.01,-0.03,0.0,12.91,-22.04,-48.42,1
6761,0.08,-0.49,9.83,0.02,-0.05,0.02,13.07,-22.01,-48.49,1
6897,0.04,-0.38,9.96,0.01,-0.03,0.0,13.37,-22.04,-49.53,1
7033,0.01,-0.47,9.88,0.03,-0.04,0.0,13.58,-21.91,-49.62,1
7168,-0.05,-0.55,9.87,-0.04,-0.04,0.01,13.36,-21.92,-49.91,1
7304,0.0,-0.52,9.85,-0.02,-0.04,-0.0,13.88,-22.89,-50.07,1
7445,0.03,-0.5,9.86,0.09,-0.09,-0.02,13.45,-21.82,-48.89,1
7581,0.02,-0.45,9.81,0.0,-0.04,-0.01,13.18,-22.46,-49.99,1
7716,-0.07,-0.42,9.92,0.02,-0.03,-0.01,13.83,-22.27,-50.34,1
7852,-0.15,-0.49,9.77,0.09,-0.04,-0.02,13.74,-22.67,-49.87,1
7988,0.04,-0.36,9.96,-0.06,-0.04,-0.02,13.81,-22.2,-49.62,1
8124,0.0,-0.38,9.86,0.03,-0.05,-0.01,13.29,-22.2,-48.83,1
8259,-0.01,-0.42,9.9,-0.01,-0.04,0.01,13.77,-22.38,-50.32,1
8395,0.02,-0.46,9.82,-0.01,-0.05,-0.02,13.74,-22.45,-50.2,1
8531,0.02,-0.43,9.87,0.03,-0.02,0.01,13.74,-22.95,-50.51,1
8671,-0.02,-0.42,9.91,0.0,-0.04,0.01,13.04,-22.1,-50.1,1
8807,-0.0,-0.43,9.95,0.01,-0.05,-0.01,13.64,-22.55,-49.77,1
8943,0.04,-0.47,9.96,0.02,-0.04,-0.02,12.39,-21.82,-50.19,1
9079,0.03,-0.43,9.92,0.02,-0.05,-0.02,12.77,-22.13,-49.24,1
9214,0.05,-0.45,9.85,0.02,-0.04,-0.02,12.23,-21.78,-49.53,1
9350,0.1,-0.44,9.99,-0.03,-0.04,-0.0,12.79,-21.75,-48.66,1
9486,0.09,-0.52,9.86,-0.03,-0.07,0.01,12.8,-21.28,-49.8,1
9622,0.08,-0.5,9.97,-0.02,-0.05,0.01,12.88,-21.31,-48.51,1
9762,0.03,-0.71,9.72,-0.04,-0.06,0.03,13.27,-21.22,-49.14,1
9898,-0.05,-0.61,10.01,-0.04,-0.0,0.01,13.26,-20.94,-49.59,1
10034,-0.02,-0.69,9.8,-0.02,-0.05,0.0,13.26,-20.48,-48.95,1
10169,-0.08,-0.64,10.02,0.04,-0.04,-0.01,13.05,-21.09,-49.78,1
10305,-0.11,-0.69,9.85,0.01,-0.04,-0.03,13.5,-20.61,-49.17,1
10441,-0.07,-0.7,9.95,0.01,-0.06,-0.03,13.56,-20.04,-48.36,1
10577,-0.06,-0.68,9.94,0.0,-0.01,-0.01,13.17,-19.92,-49.05,1
10712,-0.08,-0.73,9.86,0.03,-0.05,0.0,12.93,-20.81,-49.24,1
10848,-0.09,-0.7,9.98,0.01,-0.06,-0.0,13.93,-20.86,-49.18,1
10989,-0.07,-0.72,9.89,0.03,-0.04,-0.0,12.99,-21.25,-48.42,1
11125,-0.07,-0.62,9.9,0.02,-0.05,0.0,13.75,-21.19,-48.45,1
11260,-0.05,-0.6,9.94,0.02,-0.05,-0.0,13.39,-20.81,-49.44,1
11396,-0.08,-0.64,9.91,0.03,-0.04,-0.02,13.43,-20.67,-49.14,1
11532,-0.02,-0.52,9.96,0.04,-0.02,-0.01,13.59,-21.66,-48.95,1
11667,-0.01,-0.54,9.91,0.03,-0.03,-0.0,13.45,-21.37,-49.33,1
11803,-0.07,-0.57,9.98,0.01,-0.04,-0.0,13.24,-22.0,-48.92,1
11939,-0.01,-0.54,9.95,0.0,-0.03,-0.01,13.37,-21.47,-50.03,1
12080,-0.02,-0.54,9.91,-0.0,-0.04,-0.01,13.72,-21.28,-48.85,1
12215,-0.01,-0.55,9.94,0.02,-0.04,-0.01,13.36,-21.57,-49.53,1
12351,-0.05,-0.6,9.89,0.02,-0.05,-0.0,13.97,-21.03,-49.31,1
12487,-0.04,-0.59,9.97,-0.0,-0.05,0.01,13.93,-21.85,-49.02,1
12623,-0.02,-0.59,9.81,0.02,-0.05,0.0,13.77,-21.53,-48.86,1
12758,-0.03,-0.59,9.95,-0.01,-0.06,-0.01,14.13,-21.15,-48.77,1
12894,-0.04,-0.66,9.89,-0.0,-0.05,-0.0,14.0,-20.91,-47.71,1
13030,-0.04,-0.62,9.92,-0.02,-0.03,-0.01,13.78,-21.12,-49.68,1
13171,-0.06,-0.65,9.9,0.03,-0.05,-0.02,14.02,-20.91,-48.82,1
13307,-0.09,-0.66,9.9,0.03,-0.03,-0.0,14.0,-20.51,-49.11,1
13443,-0.08,-0.63,9.88,0.01,-0.02,0.01,14.38,-20.48,-48.98,1
13579,-0.14,-0.61,9.94,0.04,-0.02,-0.01,14.81,-20.97,-49.02,1
13714,-0.1,-0.62,9.85,-0.01,-0.05,-0.0,14.25,-20.91,-47.81,1
13850,-0.08,-0.61,9.92,0.02,-0.05,-0.01,14.43,-20.9,-48.42,1
13986,-0.08,-0.61,9.92,0.01,-0.04,-0.0,14.51,-21.19,-48.61,1
14122,-0.0,-0.62,9.81,0.03,-0.06,0.01,14.44,-21.81,-52.05,1
14257,-0.06,-0.52,9.91,-0.0,-0.05,-0.0,14.21,-20.68,-48.44,1
14399,-0.07,-0.54,9.91,0.02,-0.06,0.02,14.64,-21.6,-48.67,1
14535,-0.03,-0.54,9.89,-0.01,-0.05,-0.01,14.67,-20.94,-49.08,1
14670,-0.05,-0.57,9.93,0.02,-0.05,-0.01,13.87,-21.65,-48.93,1
14806,-0.03,-0.57,9.89,0.02,-0.05,-0.0,14.6,-21.65,-50.0,1
14942,-0.02,-0.56,9.88,0.01,-0.05,-0.0,14.64,-22.0,-49.47,1
15078,0.01,-0.59,9.82,0.02,-0.07,0.0,14.06,-21.62,-49.65,1
15213,0.02,-0.54,9.93,0.03,-0.08,0.02,13.43,-21.73,-52.37,1
15349,-0.01,-0.5,9.91,0.03,-0.05,0.01,13.23,-21.81,-49.81,1
15490,-0.01,-0.57,9.87,-0.02,-0.07,0.0,13.36,-21.65,-49.08,1
15625,-0.01,-0.53,9.9,0.03,-0.05,-0.01,13.91,-21.79,-49.55,1
15761,-0.01,-0.56,9.88,0.01,-0.05,-0.01,13.77,-22.2,-49.36,1
15897,0.0,-0.55,9.9,0.01,-0.04,0.01,12.86,-21.98,-49.94,1
16033,0.04,-0.53,9.9,0.02,-0.05,0.01,13.33,-22.26,-49.66,1
16168,0.03,-0.49,9.9,0.02,-0.04,-0.0,13.33,-21.44,-49.91,1
16304,0.02,-0.51,9.92,0.02,-0.05,0.01,13.07,-21.53,-50.01,1
16440,0.0,-0.52,9.86,0.03,-0.06,-0.01,13.33,-21.57,-49.66,1
16576,-0.02,-0.48,9.92,0.03,-0.05,-0.0,13.2,-21.75,-49.82,1
16716,-0.01,-0.42,9.95,0.03,-0.05,-0.0,13.34,-21.94,-49.01,1
16852,-0.01,-0.38,9.87,0.08,-0.07,0.0,13.2,-21.94,-51.11,1
16988,-0.01,-0.21,9.95,0.09,-0.03,-0.02,12.96,-22.6,-50.15,1
17124,0.02,-0.29,9.8,0.04,-0.05,0.0,12.92,-22.45,-49.49,1
17259,0.03,-0.23,9.94,0.02,-0.06,0.0,13.4,-21.98,-50.6,1
17395,0.07,-0.22,9.89,0.01,-0.05,-0.01,12.91,-22.7,-48.87,1
17531,0.09,-0.15,9.92,0.06,-0.05,-0.02,13.05,-22.68,-50.72,1
17666,0.1,-0.2,9.95,0.0,-0.04,-0.01,12.67,-22.61,-50.38,1
17807,0.12,-0.21,9.9,0.02,-0.05,-0.01,12.93,-22.7,-50.25,1
17943,0.09,-0.14,9.95,0.05,-0.02,-0.01,12.57,-22.6,-50.07,1
18079,0.12,-0.09,9.98,0.03,-0.04,0.0,12.73,-23.41,-49.15,1
18214,0.07,-0.13,9.98,0.03,-0.02,-0.0,13.24,-23.31,-50.42,1
18350,0.1,-0.12,9.91,0.02,-0.02,-0.01,12.48,-23.87,-49.78,1
18486,0.06,-0.12,9.89,0.02,-0.04,-0.01,12.89,-23.84,-49.88,1
18627,0.1,-0.1,9.98,0.0,-0.03,-0.0,12.31,-23.84,-51.32,1
18764,0.08,-0.07,9.98,0.01,-0.06,-0.02,13.05,-23.37,-50.45,1
18901,0.04,-0.09,9.88,0.02,-0.03,-0.02,12.73,-23.52,-50.53,1
19042,0.08,-0.06,9.95,0.05,-0.05,-0.0,13.24,-23.36,-49.74,1
19179,0.12,-0.04,9.94,0.01,-0.04,-0.02,13.17,-24.25,-50.37,1
19316,0.11,-0.08,9.92,0.0,-0.05,-0.01,13.04,-24.2,-49.81,1
19453,0.1,-0.12,9.82,-0.0,-0.05,-0.0,12.22,-23.52,-48.42,1
19589,0.09,-0.1,9.89,0.0,-0.05,-0.01,12.66,-23.18,-48.49,1
19726,0.15,-0.09,9.87,-0.0,-0.03,-0.0,12.63,-23.55,-50.22,1
19863,0.12,-0.09,9.94,0.0,-0.07,-0.01,12.48,-23.44,-50.03,1
20000,0.11,-0.14,9.87,-0.02,-0.05,0.01,12.28,-23.38,-48.96,1
20142,0.12,-0.18,9.82,0.04,-0.06,-0.0,13.15,-23.52,-49.17,1
20279,0.14,-0.11,9.87,0.04,-0.05,-0.0,12.67,-23.56,-50.19,1
20415,0.1,-0.0,9.95,0.02,-0.05,-0.0,13.08,-23.88,-49.71,1
20550,0.13,-0.04,9.95,0.02,-0.04,-0.01,12.47,-23.81,-49.24,1
20687,0.14,-0.04,9.97,0.01,-0.01,-0.02,12.69,-24.09,-49.23,1
20823,0.14,-0.08,9.88,0.03,-0.04,0.0,13.29,-24.04,-49.61,1
20959,0.11,-0.02,10.03,-0.01,-0.02,-0.01,12.98,-23.84,-49.75,1
21108,0.14,-0.07,9.88,0.0,-0.04,-0.01,12.38,-24.31,-49.61,1
21244,0.12,-0.07,9.91,0.01,-0.04,-0.0,12.96,-23.94,-47.97,1
21422,0.12,-0.06,9.86,0.02,-0.06,0.0,12.99,-24.14,-49.44,1
21562,0.12,-0.03,9.91,0.02,-0.06,-0.0,12.99,-23.68,-49.75,1
21702,0.17,0.04,10.03,0.03,-0.06,0.01,13.48,-24.29,-50.1,1
21841,0.11,-0.04,9.87,0.04,-0.01,0.03,12.74,-24.63,-48.95,1
21982,0.09,0.05,9.93,0.01,-0.05,-0.0,13.75,-24.17,-49.36,1
22122,0.11,0.02,9.83,-0.01,-0.06,0.0,13.3,-24.54,-50.03,1
22262,0.09,0.05,9.94,0.02,-0.05,0.0,13.49,-24.42,-50.0,1
22402,0.07,0.05,9.86,0.0,-0.04,0.01,13.48,-24.14,-49.15,1
22542,0.11,0.09,9.91,0.02,-0.04,0.0,13.45,-23.84,-50.16,1
22688,0.12,0.07,9.94,-0.0,-0.04,-0.02,13.65,-24.42,-48.99,1
22830,0.14,0.07,9.96,0.01,-0.04,-0.01,13.96,-24.13,-48.8,1
22969,0.14,0.07,9.86,0.02,-0.06,-0.01,12.91,-25.05,-48.98,1
23109,0.12,0.03,10.0,-0.0,-0.05,-0.02,13.77,-24.16,-48.48,1
23249,0.15,0.01,9.91,-0.02,-0.06,-0.01,13.55,-24.29,-48.85,1
23388,0.14,-0.01,9.96,-0.0,-0.05,-0.0,13.56,-24.16,-48.74,1
23528,0.19,0.01,9.95,-0.0,-0.07,0.01,13.12,-24.35,-48.1,1
23667,0.18,0.02,9.93,0.02,-0.04,-0.0,12.76,-24.32,-48.25,1
23813,0.15,-0.01,9.9,-0.01,-0.06,-0.02,13.39,-24.17,-48.82,1
23953,0.15,-0.01,9.93,0.01,-0.06,-0.0,13.5,-23.85,-48.61,1
24092,0.17,-0.04,9.89,0.01,-0.06,0.0,12.03,-24.07,-47.43,1
24232,0.16,-0.07,9.92,0.0,-0.06,-0.01,12.12,-24.22,-48.47,1
24372,0.24,-0.05,9.93,0.01,-0.06,-0.0,12.53,-23.72,-47.16,1
24511,0.21,-0.09,9.9,-0.0,-0.04,-0.01,12.63,-23.82,-48.45,1
24651,0.23,-0.11,9.91,0.02,-0.06,0.01,12.38,-23.94,-48.6,1
24791,0.25,-0.08,9.91,-0.0,-0.05,-0.01,12.39,-23.49,-48.51,1
24930,0.22,-0.1,9.91,0.0,-0.04,-0.02,11.94,-23.27,-47.24,1
25076,0.21,-0.12,9.92,-0.0,-0.05,0.0,12.45,-23.69,-48.06,1
25215,0.21,-0.14,9.89,0.01,-0.04,-0.0,12.35,-22.67,-47.47,1
25355,0.19,-0.06,9.92,0.02,-0.02,-0.02,12.0,-23.15,-48.87,1
25495,0.21,-0.12,9.85,0.02,-0.04,-0.01,12.45,-23.31,-49.05,1
25634,0.18,-0.11,9.96,0.03,-0.04,-0.0,12.88,-24.16,-47.78,1
25774,0.23,-0.05,9.88,0.03,-0.04,-0.01,12.42,-22.95,-47.95,1
25914,0.21,-0.04,9.93,0.02,-0.04,-0.01,12.28,-23.55,-48.67,1
26053,0.19,-0.04,10.0,-0.01,-0.03,0.01,12.23,-23.34,-48.3,1
26199,0.17,-0.07,9.94,0.01,-0.05,-0.01,11.68,-23.47,-48.71,1
26338,0.19,-0.15,9.86,0.02,-0.06,0.01,11.94,-23.74,-48.39,1
26478,0.22,-0.08,9.88,0.01,-0.04,0.0,12.04,-23.59,-48.04,1
26618,0.21,-0.08,9.92,0.0,-0.06,0.0,11.74,-23.91,-47.88,1
26757,0.2,-0.1,9.92,0.01,-0.03,-0.01,12.19,-23.25,-47.12,1
26897,0.2,-0.11,9.92,0.01,-0.05,-0.0,12.34,-24.14,-47.84,1
27037,0.18,-0.1,9.94,-0.04,-0.04,-0.02,12.55,-23.24,-46.74,1
27176,0.16,-0.12,9.99,-0.01,-0.02,-0.01,12.23,-22.96,-47.82,1
27316,0.18,-0.14,9.9,0.01,-0.05,0.01,12.51,-23.14,-47.98,1
27461,0.19,-0.12,9.95,-0.02,-0.05,-0.01,12.15,-22.6,-47.53,1
27601,0.2,-0.19,9.93,0.0,-0.04,-0.01,11.98,-22.6,-47.65,1
27741,0.2,-0.19,9.89,0.03,-0.04,-0.01,11.85,-22.77,-48.23,1
27880,0.21,-0.14,9.93,0.01,-0.04,-0.01,12.2,-23.11,-47.98,1
28059,0.17,-0.12,9.9,0.03,-0.02,-0.01,11.6,-23.27,-47.81,1
28199,0.19,-0.15,9.93,0.02,-0.03,-0.01,11.91,-23.3,-48.45,1
28338,0.18,-0.17,9.93,0.04,-0.03,-0.0,11.88,-23.21,-48.14,1
28485,0.17,-0.11,9.93,0.02,-0.05,-0.0,12.06,-23.55,-47.78,1
28630,0.2,-0.11,9.93,0.0,-0.05,-0.01,10.99,-23.93,-47.91,1
28770,0.19,-0.17,9.86,0.01,-0.05,0.01,11.81,-23.82,-47.62,1
28910,0.18,-0.11,9.97,0.01,-0.06,-0.02,11.2,-23.91,-48.83,1
29049,0.16,-0.16,10.01,0.02,-0.04,-0.0,12.53,-23.62,-47.98,1
29189,0.21,-0.12,9.88,0.0,-0.05,0.01,11.58,-23.82,-47.6,1
29329,0.18,-0.16,9.87,0.01,-0.07,-0.0,11.74,-23.49,-48.19,1
29468,0.23,-0.15,9.92,0.02,-0.05,-0.01,11.79,-23.74,-47.49,1
29608,0.23,-0.1,9.94,0.01,-0.05,-0.0,11.56,-23.18,-48.47,1
29748,0.19,-0.16,9.87,0.01,-0.03,0.0,11.62,-23.56,-48.17,1
29893,0.18,-0.14,9.87,0.03,-0.05,0.01,14.72,-23.75,-48.0,1
30033,0.21,-0.13,9.98,-0.01,-0.04,0.01,10.96,-23.91,-48.77,1
30172,0.16,-0.12,9.93,0.02,-0.04,0.01,11.58,-24.28,-49.72,1
30313,0.14,-0.19,9.87,0.01,-0.06,-0.01,11.72,-23.76,-48.57,1
30454,0.14,-0.16,9.88,0.04,-0.06,-0.02,11.25,-23.46,-49.59,1
30593,0.17,-0.11,9.99,0.03,-0.06,-0.0,11.78,-23.44,-49.25,1
30733,0.19,-0.08,9.98,0.0,-0.04,-0.02,12.55,-23.9,-49.81,1
30873,0.12,-0.18,9.92,0.01,-0.02,-0.01,11.93,-23.98,-49.36,1
31018,0.16,-0.06,10.01,0.01,-0.04,0.01,11.74,-23.88,-49.63,1
31158,0.13,-0.14,9.96,-0.02,-0.04,-0.01,11.31,-23.57,-49.53,1
31297,0.16,-0.17,9.95,0.02,-0.05,-0.0,11.12,-22.84,-49.33,1
31437,0.18,-0.15,9.94,-0.0,-0.04,-0.01,11.66,-23.19,-49.72,1
31577,0.18,-0.15,9.93,0.01,-0.05,0.0,12.44,-23.65,-48.9,1
31716,0.21,-0.15,9.89,0.01,-0.07,-0.0,11.46,-23.14,-49.34,1
31856,0.2,-0.12,9.96,0.01,-0.05,0.0,11.36,-23.46,-50.19,1
31996,0.19,-0.18,9.95,0.01,-0.04,0.0,11.41,-23.76,-49.44,1
32135,0.19,-0.16,9.92,0.01,-0.06,-0.01,11.49,-22.87,-48.42,1
32281,0.2,-0.18,9.87,0.02,-0.05,-0.01,11.63,-23.08,-48.8,1
32420,0.18,-0.17,9.92,0.02,-0.05,-0.0,11.14,-23.52,-48.98,1
32560,0.16,-0.14,9.91,0.02,-0.05,-0.0,11.66,-23.49,-49.87,1
32700,0.23,-0.14,9.88,0.03,-0.04,0.0,11.96,-23.72,-49.77,1
2664,-9.69,1.72,-0.55,0.03,-0.06,-0.01,45.64,-22.84,22.73,2
2800,-9.69,1.64,-0.47,0.02,-0.04,0.05,46.45,-22.71,22.99,2
2937,-9.57,1.67,-0.58,-0.01,-0.01,0.05,45.53,-22.89,22.46,2
3074,-9.62,1.47,-0.37,-0.06,-0.04,-0.07,46.1,-23.0,21.59,2
3210,-9.69,1.91,-0.12,0.03,-0.04,-0.06,45.92,-23.28,22.17,2
3347,-9.69,1.67,-0.4,0.06,-0.07,0.03,46.45,-23.36,21.53,2
3484,-9.56,1.84,-0.53,0.05,-0.01,-0.02,46.1,-23.11,22.01,2
3621,-9.75,1.72,-0.2,0.04,-0.04,-0.02,46.42,-23.5,22.07,2
3764,-9.72,1.52,-0.34,-0.02,-0.08,0.02,45.64,-23.03,22.6,2
3901,-9.55,1.64,-0.64,-0.02,-0.06,-0.02,45.75,-23.38,22.99,2
4038,-9.82,1.39,-0.26,0.05,0.0,0.01,45.69,-23.9,21.89,2
4174,-9.63,1.86,-0.28,0.04,-0.04,0.04,45.82,-23.75,22.41,2
4311,-9.62,1.64,-0.3,-0.0,-0.06,0.0,45.66,-23.59,22.27,2
4448,-9.66,1.46,-0.58,0.03,-0.06,0.03,46.04,-23.62,21.94,2
4583,-9.76,1.49,-0.54,0.03,-0.03,-0.03,45.75,-23.97,21.16,2
4719,-9.63,1.88,-0.4,-0.01,-0.05,-0.03,46.17,-23.19,21.44,2
4855,-9.61,1.76,-0.18,0.02,-0.05,0.01,45.29,-23.79,21.48,2
4997,-9.65,1.65,-0.35,0.02,-0.05,0.04,45.67,-24.03,21.65,2
5133,-9.65,1.6,-0.39,0.01,-0.04,0.02,45.48,-23.3,21.56,2
5269,-9.64,1.73,-0.47,0.01,-0.04,0.01,45.18,-22.92,21.31,2
5405,-9.62,1.75,-0.42,0.01,-0.02,-0.0,45.41,-22.86,22.64,2
5541,-9.6,1.69,-0.15,0.01,-0.03,-0.03,45.41,-24.03,21.89,2
5676,-9.62,1.77,-0.29,0.02,-0.04,0.02,45.48,-23.17,22.67,2
5812,-9.63,1.75,-0.32,0.02,-0.06,0.03,46.0,-23.78,22.38,2
5948,-9.6,1.59,-0.35,0.04,-0.05,0.0,45.03,-23.43,21.6,2
6083,-9.7,1.74,-0.49,0.03,-0.03,0.01,45.56,-23.5,20.61,2
6225,-9.56,1.98,-0.53,0.0,-0.03,-0.01,45.56,-23.17,22.64,2
6361,-9.65,1.61,-0.48,0.03,-0.04,0.0,45.02,-23.62,21.08,2
6497,-9.63,1.81,-0.38,0.02,-0.02,-0.02,45.19,-23.82,21.97,2
6632,-9.63,1.81,-0.41,0.0,-0.05,-0.01,45.48,-23.74,21.51,2
6768,-9.67,1.67,-0.45,0.02,-0.05,-0.01,45.51,-23.38,22.33,2
6904,-9.73,1.61,-0.4,0.04,-0.04,0.01,46.05,-23.18,22.89,2
7040,-9.65,1.6,-0.43,0.03,-0.09,0.01,45.69,-23.52,21.91,2
7175,-9.66,1.66,-0.54,0.02,-0.07,-0.01,44.88,-24.28,21.65,2
7316,-9.62,1.73,-0.07,0.01,-0.07,0.02,46.1,-24.22,21.73,2
7452,-9.67,1.39,-0.26,0.0,-0.09,-0.0,45.97,-23.46,20.7,2
7587,-9.66,1.72,-0.77,0.01,-0.02,-0.03,46.7,-23.25,21.34,2
7723,-9.62,1.85,-0.14,0.02,-0.02,0.02,46.19,-23.69,21.43,2
7859,-9.65,1.6,-0.17,-0.01,-0.02,0.02,45.97,-23.6,21.32,2
7995,-9.72,1.81,-0.65,-0.02,-0.04,-0.02,46.08,-23.6,20.96,2
8130,-9.68,1.61,-0.26,0.05,-0.03,0.01,45.73,-23.08,22.41,2
8266,-9.58,1.83,-0.16,-0.01,-0.07,-0.03,46.4,-22.9,21.56,2
8402,-9.66,1.69,-0.31,0.02,-0.06,0.01,46.08,-23.47,21.28,2
8542,-9.6,1.78,-0.25,0.02,-0.07,-0.0,46.04,-23.59,22.23,2
8679,-9.55,1.8,-0.64,0.01,-0.02,-0.0,46.0,-23.41,21.43,2
8815,-9.74,1.8,-0.1,0.01,0.01,-0.02,46.42,-23.69,21.47,2
8951,-9.61,1.92,-0.22,0.0,-0.08,-0.0,46.78,-24.09,21.41,2
9086,-9.57,1.85,-0.48,0.03,-0.06,0.03,46.27,-23.14,20.61,2
9222,-9.71,1.51,-0.51,-0.03,-0.02,-0.02,46.16,-23.68,21.69,2
9358,-9.68,1.8,-0.45,0.02,-0.02,0.02,46.59,-23.18,21.5,2
9494,-9.59,2.0,-0.39,0.02,-0.03,0.02,45.94,-24.03,21.82,2
9629,-9.6,1.89,-0.27,0.01,-0.05,0.02,46.36,-23.66,21.98,2
9770,-9.65,1.72,-0.48,0.0,-0.07,0.01,45.44,-24.03,22.51,2
9906,-9.6,1.83,-0.47,0.02,-0.05,-0.01,45.73,-23.55,21.94,2
10041,-9.65,1.91,-0.18,0.01,-0.02,0.01,46.14,-23.08,21.12,2
10177,-9.71,1.53,-0.39,0.01,-0.08,0.0,45.82,-23.19,22.11,2
10313,-9.62,1.75,-0.51,0.01,-0.03,-0.03,45.94,-23.06,21.43,2
10449,-9.58,1.91,-0.33,-0.01,-0.02,-0.02,46.16,-23.49,22.39,2
10584,-9.59,1.87,-0.23,-0.03,-0.02,-0.01,46.08,-23.72,22.41,2
10720,-9.64,1.77,-0.4,-0.0,-0.05,0.0,45.76,-23.17,22.3,2
10861,-9.6,1.86,-0.37,0.02,-0.04,-0.01,46.0,-23.55,22.22,2
10997,-9.63,1.81,-0.5,0.02,-0.04,-0.01,46.57,-24.04,22.6,2
11132,-9.61,2.02,-0.53,-0.0,-0.01,-0.01,46.46,-23.72,21.76,2
11268,-9.75,1.79,-0.21,0.0,-0.06,0.03,46.29,-24.09,21.85,2
11404,-9.65,1.6,-0.48,0.02,-0.08,0.02,46.2,-24.12,21.97,2
11540,-9.69,1.56,-0.62,0.02,-0.05,-0.0,46.29,-24.42,22.2,2
11675,-9.74,1.63,-0.25,0.01,-0.02,-0.01,46.51,-24.61,21.88,2
11811,-9.59,1.8,-0.28,0.02,-0.06,0.01,46.27,-24.13,22.58,2
11947,-9.65,1.8,-0.4,0.02,-0.05,-0.01,46.67,-24.22,22.57,2
12087,-9.62,1.87,-0.48,0.0,-0.07,-0.02,46.48,-24.52,21.75,2
12223,-9.56,1.6,-0.38,0.04,-0.05,0.01,45.91,-24.0,21.94,2
12359,-9.66,1.76,-0.31,0.06,-0.03,-0.0,46.1,-23.41,20.72,2
12495,-9.57,1.84,-0.29,0.02,-0.04,0.01,46.49,-23.74,22.07,2
12630,-9.58,1.85,-0.27,0.0,-0.04,-0.02,46.65,-23.25,21.86,2
12766,-9.58,1.91,-0.3,0.01,-0.05,-0.0,46.24,-24.19,21.6,2
12902,-9.65,1.76,-0.35,-0.0,-0.02,-0.01,46.43,-23.81,21.29,2
13038,-9.63,1.9,-0.44,0.01,-0.05,-0.02,46.08,-24.33,21.47,2
13173,-9.58,1.79,-0.38,0.01,-0.05,-0.01,45.98,-23.94,21.48,2
13315,-9.57,2.01,-0.24,0.0,-0.02,-0.0,45.76,-24.63,21.15,2
13451,-9.6,1.56,-0.29,0.03,-0.04,-0.01,46.48,-23.57,21.82,2
13586,-9.65,1.75,-0.35,0.01,-0.02,-0.01,45.16,-23.82,22.38,2
13722,-9.68,1.61,-0.26,0.05,-0.04,-0.01,45.97,-24.29,21.88,2
13858,-9.66,1.7,-0.45,0.03,-0.04,0.01,45.79,-23.94,20.96,2
13994,-9.68,1.61,-0.31,0.01,-0.02,0.01,46.02,-24.22,21.35,2
14129,-9.7,1.76,-0.31,0.0,-0.05,0.01,45.41,-23.41,21.86,2
14265,-9.7,1.6,-0.45,0.01,-0.06,-0.02,46.08,-24.44,21.47,2
14406,-9.63,1.89,-0.57,0.0,-0.02,-0.02,45.09,-24.07,20.91,2
14541,-9.65,1.73,-0.38,0.01,-0.03,0.01,45.66,-23.52,20.23,2
14677,-9.6,1.79,-0.31,-0.01,-0.03,0.01,45.7,-24.13,25.64,2
14813,-9.78,1.76,-0.25,-0.0,-0.06,-0.01,45.86,-25.08,21.21,2
14949,-9.72,1.63,-0.61,-0.0,-0.08,-0.01,45.57,-24.16,21.24,2
15084,-9.69,1.65,-0.41,0.01,-0.05,0.01,46.38,-24.33,20.75,2
15220,-9.71,1.67,-0.28,-0.04,-0.03,-0.01,45.54,-23.65,21.51,2
15356,-9.63,1.79,-0.2,-0.01,-0.04,-0.02,46.23,-24.09,22.27,2
15492,-9.7,1.68,-0.25,0.02,-0.07,0.01,46.1,-24.28,21.29,2
15632,-9.54,1.96,-0.5,-0.0,-0.05,-0.0,45.6,-23.91,21.62,2
15768,-9.6,1.95,-0.26,0.0,-0.04,0.01,46.02,-24.44,21.76,2
15904,-9.65,1.65,-0.39,0.02,-0.05,0.01,45.86,-24.31,22.35,2
16040,-9.64,1.61,-0.46,0.01,-0.06,-0.0,46.05,-23.76,22.45,2
16175,-9.6,1.83,-0.28,0.01,-0.03,-0.02,45.81,-24.19,22.51,2
16311,-9.63,1.68,-0.32,-0.0,-0.04,-0.02,45.89,-24.25,21.54,2
16447,-9.56,1.95,-0.49,0.01,-0.06,-0.01,45.62,-24.41,22.22,2
16583,-9.62,1.69,-0.34,0.0,-0.03,0.02,45.59,-24.86,22.03,2
16723,-9.65,1.7,-0.45,-0.01,-0.01,0.01,45.19,-24.66,22.64,2
16859,-9.68,1.62,-0.38,0.05,-0.05,0.0,46.0,-24.55,21.92,2
16995,-9.72,1.68,-0.35,-0.02,-0.04,-0.04,45.53,-24.25,22.26,2
17137,-9.7,1.94,-0.44,0.02,-0.03,0.04,45.75,-24.03,21.21,2
17273,-9.72,1.47,-0.29,-0.06,-0.08,0.01,46.54,-23.98,22.23,2
17409,-9.62,1.82,-0.65,-0.02,-0.04,-0.05,45.24,-24.82,22.19,2
17544,-9.64,1.97,-0.4,-0.0,-0.02,-0.03,46.45,-24.28,22.95,2
17680,-9.63,1.84,-0.16,0.03,-0.03,0.04,45.69,-24.9,21.95,2
17816,-9.6,1.72,-0.35,0.01,-0.07,-0.02,45.51,-24.66,22.42,2
17967,-9.59,1.98,-0.27,-0.0,-0.01,-0.03,46.11,-24.47,22.17,2
18113,-9.61,1.62,-0.3,0.04,-0.08,0.03,46.16,-24.33,22.16,2
18249,-9.63,1.88,-0.57,-0.01,-0.04,-0.04,45.83,-24.35,22.0,2
18384,-9.65,1.75,-0.21,0.0,-0.03,-0.01,45.86,-24.79,21.16,2
18520,-9.76,1.72,-0.38,0.01,-0.07,-0.01,45.64,-23.95,21.25,2
18656,-9.66,1.67,-0.46,-0.0,-0.04,-0.03,45.35,-24.22,21.05,2
18791,-9.65,1.89,-0.18,0.0,-0.04,-0.02,46.57,-24.31,22.1,2
18927,-9.69,1.67,-0.56,0.01,-0.06,0.04,46.62,-23.17,21.29,2
19069,-9.64,1.72,-0.34,-0.0,-0.03,-0.0,46.2,-24.31,20.89,2
19205,-9.65,1.77,-0.33,0.0,-0.05,-0.02,46.33,-24.92,20.29,2
19340,-9.65,1.77,-0.5,0.02,-0.05,0.0,46.39,-24.8,21.59,2
19476,-9.65,1.61,-0.4,0.02,-0.05,0.02,45.73,-24.14,20.75,2
19612,-9.66,1.52,-0.32,0.01,-0.03,-0.01,46.21,-24.82,21.09,2
19748,-9.65,1.81,-0.53,0.01,-0.02,-0.03,46.26,-24.06,22.22,2
19883,-9.66,1.83,-0.2,0.01,-0.03,-0.02,46.67,-23.81,20.59,2
20019,-9.69,1.69,-0.28,0.01,-0.07,0.01,46.21,-24.25,21.21,2
20155,-9.57,1.9,-0.44,0.03,-0.05,-0.0,45.88,-24.38,21.32,2
20295,-9.68,1.57,-0.1,0.01,-0.05,0.0,46.17,-24.73,20.8,2
20431,-9.65,1.58,-0.45,0.03,-0.06,-0.01,46.49,-24.83,21.46,2
20567,-9.61,1.84,-0.36,0.0,-0.02,-0.03,46.61,-24.38,21.63,2
20703,-9.7,1.63,-0.22,0.02,-0.04,0.01,47.08,-24.29,21.03,2
20838,-9.68,1.51,-0.39,-0.03,-0.05,-0.0,47.21,-24.36,21.47,2
20974,-9.67,1.73,-0.31,0.04,-0.04,-0.01,46.36,-23.93,21.84,2
21110,-9.61,1.81,-0.41,0.02,-0.04,-0.02,46.99,-24.09,22.08,2
21246,-9.62,1.97,-0.27,0.0,-0.03,-0.01,46.99,-24.13,21.95,2
21403,-9.59,1.45,-0.24,0.02,-0.07,0.06,47.03,-24.22,21.32,2
21542,-9.67,1.47,-0.6,0.02,-0.05,0.0,47.24,-24.9,20.07,2
21682,-9.62,1.85,-0.33,0.02,-0.01,-0.01,46.87,-23.88,21.85,2
21822,-9.61,2.05,-0.38,-0.02,-0.05,-0.06,45.82,-24.42,21.47,2
21961,-9.61,1.99,-0.16,-0.0,-0.04,0.02,46.13,-23.98,22.51,2
22101,-9.63,1.45,-0.49,0.01,-0.06,0.03,46.67,-23.66,20.96,2
22241,-9.6,1.63,-0.35,0.06,-0.03,-0.02,47.16,-24.22,21.76,2
22380,-9.65,1.89,-0.27,0.01,-0.01,-0.04,46.36,-24.2,21.88,2
22520,-9.64,1.7,-0.25,0.01,-0.06,-0.02,46.58,-24.51,21.51,2
22666,-9.65,1.77,-0.49,0.03,-0.06,0.02,46.55,-24.6,20.87,2
22805,-9.61,1.8,-0.37,0.0,-0.01,0.02,46.9,-24.25,21.62,2
22945,-9.61,1.76,-0.25,-0.02,-0.03,0.01,46.59,-24.32,21.48,2
23084,-9.63,1.82,-0.26,0.0,-0.03,-0.02,46.61,-24.29,21.78,2
23224,-9.62,1.73,-0.3,0.03,-0.04,-0.02,46.32,-23.91,21.19,2
23364,-9.57,1.99,-0.5,0.01,-0.03,-0.01,47.08,-24.67,21.53,2
23503,-9.61,1.7,-0.43,-0.01,-0.04,0.05,46.33,-24.31,22.64,2
23643,-9.67,1.66,-0.34,-0.01,-0.04,-0.01,46.51,-24.47,22.0,2
23788,-9.57,2.12,-0.41,0.0,-0.02,-0.04,46.17,-24.17,21.81,2
23928,-9.59,1.96,-0.3,0.0,-0.06,-0.01,46.48,-24.76,20.43,2
24068,-9.63,1.71,-0.5,-0.02,-0.06,0.01,46.01,-24.44,22.04,2
24208,-9.65,1.75,-0.58,0.03,-0.05,-0.01,46.21,-24.51,20.83,2
24347,-9.62,1.79,-0.34,0.03,-0.04,-0.02,46.39,-24.58,21.67,2
24487,-9.6,1.92,-0.27,0.01,-0.04,-0.01,45.94,-24.32,21.95,2
24626,-9.61,1.95,-0.16,-0.01,-0.04,0.01,45.73,-24.25,21.82,2
24766,-9.67,1.6,-0.46,0.0,-0.07,0.01,45.83,-24.66,21.69,2
24906,-9.63,1.78,-0.45,0.03,-0.02,-0.02,46.61,-24.73,22.86,2
25051,-9.66,1.84,-0.25,-0.01,-0.05,0.0,46.61,-24.55,22.64,2
25191,-9.66,1.78,-0.4,-0.02,-0.05,0.01,46.13,-23.94,21.29,2
25331,-9.58,1.69,-0.35,0.02,-0.07,-0.01,46.4,-24.88,22.16,2
25470,-9.62,1.84,-0.44,0.03,-0.02,-0.01,45.79,-24.92,21.98,2
25610,-9.52,1.79,-0.21,-0.01,-0.04,0.01,46.48,-24.45,21.5,2
25750,-9.67,1.7,-0.29,0.0,-0.04,0.0,45.94,-24.8,21.84,2
25889,-9.57,1.99,-0.53,0.02,-0.05,0.0,45.85,-24.19,21.86,2
26029,-9.66,1.87,-0.23,0.04,-0.05,0.02,46.45,-24.38,22.01,2
26168,-9.59,1.94,-0.79,0.05,-0.07,-0.0,45.98,-24.52,21.62,2
26313,-9.58,1.85,-0.37,0.02,-0.02,0.03,45.97,-24.01,22.01,2
26453,-9.7,1.69,-0.34,0.02,-0.03,0.0,46.55,-24.79,21.13,2
26592,-9.58,2.02,-0.33,0.04,-0.04,-0.02,46.16,-24.12,21.75,2
26732,-9.59,1.95,-0.16,0.02,-0.04,0.01,46.32,-24.41,21.5,2
26872,-9.66,1.75,-0.61,0.0,-0.04,-0.01,46.35,-23.93,20.26,2
27011,-9.61,1.99,-0.35,-0.01,-0.03,-0.0,46.21,-24.61,20.75,2
27151,-9.62,1.76,-0.42,0.03,-0.05,0.0,46.99,-24.1,21.38,2
27291,-9.61,1.97,-0.3,0.01,-0.04,-0.02,46.65,-24.39,21.13,2
27436,-9.64,1.8,-0.43,0.01,-0.06,0.0,46.7,-24.93,19.73,2
27576,-9.6,1.91,-0.33,0.03,-0.03,-0.0,46.45,-24.63,20.96,2
27715,-9.61,1.9,-0.26,0.02,-0.06,0.0,47.12,-24.33,21.44,2
27855,-9.63,1.74,-0.49,0.03,-0.05,0.01,46.73,-24.36,20.4,2
27995,-9.63,2.05,-0.42,0.02,-0.04,-0.0,46.93,-24.0,20.68,2
28134,-9.59,1.92,-0.12,0.0,-0.06,0.02,46.8,-23.82,21.5,2
28274,-9.65,1.69,-0.52,0.01,-0.08,-0.01,47.28,-24.32,21.79,2
28414,-9.55,2.01,-0.58,0.04,-0.03,0.01,46.84,-24.13,22.11,2
28553,-9.7,1.91,-0.17,0.03,-0.02,-0.01,46.89,-24.71,22.54,2
28698,-9.66,1.96,-0.32,0.01,-0.07,-0.01,46.55,-24.04,21.47,2
28837,-9.6,1.82,-0.53,0.01,-0.08,0.01,46.93,-23.94,20.75,2
28977,-9.59,1.81,-0.35,0.03,-0.03,0.0,45.79,-23.81,20.65,2
29117,-9.63,1.98,-0.31,-0.0,-0.04,-0.01,47.05,-24.09,19.7,2
29256,-9.66,1.77,-0.44,0.01,-0.07,0.01,46.8,-24.31,20.23,2
29396,-9.68,1.7,-0.48,0.03,-0.04,0.0,46.81,-23.75,20.83,2
29536,-9.51,1.96,-0.38,0.06,-0.04,0.0,46.77,-23.87,20.61,2
29675,-9.59,1.99,-0.2,0.04,-0.05,-0.0,47.06,-24.12,20.83,2
29820,-9.65,1.88,-0.44,0.01,-0.04,-0.02,46.84,-24.07,20.72,2
29960,-9.53,2.05,-0.3,0.04,-0.05,0.0,46.78,-23.91,21.48,2
30100,-9.59,1.97,-0.37,-0.02,-0.04,-0.01,46.83,-23.97,20.96,2
30240,-9.62,1.79,-0.31,0.01,-0.08,-0.01,46.83,-23.68,21.84,2
30379,-9.64,1.73,-0.48,0.02,-0.04,-0.0,47.28,-23.87,21.41,2
30519,-9.62,1.7,-0.29,0.01,-0.05,-0.03,46.65,-24.22,21.62,2
30659,-9.58,1.92,-0.25,0.03,-0.05,-0.02,46.95,-23.55,22.01,2
30798,-9.56,1.79,-0.28,-0.0,-0.01,0.01,46.81,-24.26,21.24,2
30938,-9.67,1.79,-0.22,-0.0,-0.05,-0.01,46.92,-24.07,21.38,2
31083,-9.67,1.73,-0.4,-0.02,-0.1,-0.02,47.08,-24.63,21.03,2
31222,-9.52,2.24,-0.44,0.0,-0.01,-0.03,47.06,-24.1,21.86,2
31362,-9.61,1.94,-0.16,-0.02,-0.04,0.0,47.47,-23.84,21.18,2
31501,-9.53,1.67,-0.13,0.1,-0.03,0.01,46.74,-23.5,21.92,2
31641,-9.73,1.6,-0.16,0.03,-0.03,0.03,46.95,-23.93,21.88,2
31781,-9.66,1.85,-0.36,0.01,-0.05,0.02,46.62,-24.06,21.94,2
31920,-9.75,1.49,-0.44,0.04,-0.07,0.0,46.58,-23.88,22.0,2
32060,-9.65,1.8,-0.36,-0.02,-0.03,-0.02,46.54,-23.56,21.66,2
32205,-9.71,1.7,-0.14,-0.04,-0.06,0.0,46.73,-24.23,21.12,2
32344,-9.62,1.61,-0.41,0.02,-0.06,0.0,47.12,-23.66,20.61,2
32484,-9.7,1.71,-0.25,0.04,-0.03,-0.03,46.46,-23.47,21.22,2
32624,-9.63,1.89,0.05,0.04,-0.08,0.02,46.71,-23.75,21.22,2
3161,0.05,0.17,9.87,0.01,-0.06,-0.02,32.99,-25.21,-49.71,3
3297,-0.02,-0.05,9.91,0.02,-0.07,-0.0,32.97,-24.57,-49.56,3
3434,0.06,0.25,9.77,-0.01,-0.07,-0.0,33.02,-25.08,-49.2,3
3571,0.04,0.15,10.03,-0.01,-0.02,-0.02,34.04,-24.42,-45.51,3
3708,-0.02,0.25,10.12,-0.01,-0.01,0.0,33.41,-24.54,-49.59,3
3844,-0.02,0.1,10.1,-0.02,-0.04,0.0,33.7,-24.44,-52.06,3
3981,-0.09,0.03,9.76,-0.01,-0.06,-0.01,33.48,-24.48,-48.25,3
4118,-0.02,-0.1,10.04,-0.01,-0.05,0.01,33.63,-24.52,-48.68,3
4261,-0.07,0.3,9.85,-0.01,-0.02,-0.02,33.79,-24.42,-48.41,3
4399,-0.09,0.04,10.07,0.02,-0.08,0.01,34.1,-24.69,-47.69,3
4536,-0.06,-0.02,10.08,0.03,-0.05,0.01,33.32,-24.33,-48.44,3
4672,-0.05,0.19,9.92,0.02,-0.1,0.02,33.56,-25.05,-49.04,3
4809,0.03,0.18,9.8,0.02,-0.08,-0.01,33.29,-24.44,-48.57,3
4946,0.06,0.02,9.75,-0.01,-0.07,0.01,32.93,-24.86,-48.57,3
5082,0.05,0.06,9.96,-0.0,-0.05,0.01,32.68,-24.22,-48.45,3
5217,0.02,0.06,9.78,-0.06,-0.03,0.01,33.59,-24.13,-48.52,3
5353,-0.08,0.13,10.04,0.01,-0.01,-0.01,33.47,-24.14,-49.17,3
5494,-0.02,-0.06,10.04,0.0,-0.07,-0.01,33.35,-24.35,-48.01,3
5630,0.16,0.14,10.24,-0.0,-0.16,0.03,32.72,-24.92,-50.04,3
5766,0.08,0.11,9.76,-0.02,-0.08,-0.0,33.24,-24.83,-48.99,3
5902,0.15,0.05,9.86,0.0,-0.03,0.0,32.62,-24.33,-49.77,3
6038,0.1,-0.02,10.21,0.0,-0.03,-0.0,32.8,-23.98,-49.66,3
6173,0.11,0.05,9.84,-0.01,-0.11,-0.03,32.55,-24.58,-49.46,3
6309,0.28,-0.04,9.89,0.0,-0.1,0.02,32.34,-24.7,-49.28,3
6445,0.22,-0.04,9.85,0.0,-0.02,0.02,31.94,-24.54,-44.96,3
6586,0.21,-0.23,10.16,0.0,-0.03,0.01,32.72,-24.98,-49.58,3
6722,0.25,-0.19,9.84,0.03,-0.05,-0.01,31.72,-24.5,-48.77,3
6858,0.26,-0.03,9.79,0.03,-0.07,0.0,31.73,-24.47,-48.7,3
6994,0.25,-0.06,9.62,0.01,-0.05,0.01,31.13,-24.28,-49.4,3
7129,0.36,-0.29,10.5,0.17,-0.08,-0.02,31.86,-24.71,-49.74,3
7265,0.32,0.18,9.27,-0.03,-0.07,0.05,30.91,-24.54,-48.82,3
7401,0.38,-0.21,10.22,0.05,-0.02,0.01,32.18,-24.57,-49.9,3
7537,0.36,-0.36,9.8,0.08,-0.05,-0.03,31.06,-24.8,-48.99,3
7672,0.31,0.11,9.67,0.01,-0.05,-0.0,31.18,-24.73,-49.39,3
7814,0.35,0.15,9.82,0.04,-0.05,0.04,31.07,-24.86,-49.93,3
7950,0.41,-0.12,9.97,0.02,-0.04,0.01,30.62,-25.36,-49.97,3
8085,0.48,0.18,10.12,0.01,-0.05,-0.0,31.0,-25.33,-49.96,3
8221,0.53,-0.15,9.81,0.06,-0.03,-0.0,31.42,-24.38,-50.28,3
8357,0.43,0.03,9.75,-0.01,-0.06,-0.03,30.36,-25.01,-49.09,3
8493,0.49,-0.05,9.9,0.02,-0.04,-0.0,30.93,-24.52,-49.44,3
8628,0.45,0.2,9.8,-0.02,-0.07,-0.03,31.28,-24.41,-50.06,3
8764,0.49,0.01,9.95,-0.03,-0.05,-0.01,30.28,-24.61,-49.15,3
8900,0.55,-0.11,10.11,-0.03,-0.03,0.03,30.49,-24.5,-48.8,3
9041,0.47,0.04,9.78,0.01,-0.04,-0.0,31.12,-24.16,-49.28,3
9176,0.5,-0.41,9.88,0.07,-0.01,0.04,31.07,-23.82,-49.66,3
9312,0.43,-0.28,9.95,0.01,-0.04,0.01,31.42,-24.74,-52.34,3
9448,0.46,-0.08,10.17,0.01,-0.08,0.03,30.49,-24.63,-50.19,3
9583,0.47,-0.38,9.71,-0.01,-0.08,0.02,31.45,-24.58,-50.09,3
9719,0.45,-0.16,9.74,0.04,-0.02,0.01,29.96,-24.22,-49.69,3
9855,0.59,-0.04,10.11,0.02,-0.08,0.02,30.55,-24.17,-49.85,3
9991,0.56,-0.06,10.12,-0.02,-0.04,-0.04,29.95,-24.33,-49.52,3
10126,0.46,-0.04,9.77,-0.02,-0.08,0.04,30.71,-23.75,-49.53,3
10267,0.58,-0.27,9.75,-0.0,-0.08,0.02,29.96,-24.14,-50.31,3
10403,0.56,-0.27,9.94,-0.03,-0.05,0.01,30.23,-24.33,-50.06,3
10539,0.54,-0.39,10.07,-0.05,-0.03,-0.02,30.27,-23.6,-49.88,3
10674,0.55,-0.25,9.97,0.01,-0.02,-0.01,30.69,-23.55,-49.01,3
10810,0.54,-0.15,9.95,0.01,-0.01,-0.03,30.52,-23.93,-49.93,3
10946,0.49,-0.2,9.88,0.0,-0.06,-0.02,30.46,-23.46,-49.43,3
11082,0.53,-0.1,10.1,0.03,-0.05,0.02,31.31,-23.21,-50.72,3
11217,0.48,-0.45,9.91,0.04,-0.06,0.02,31.32,-23.37,-49.56,3
11358,0.61,-0.21,10.0,0.03,-0.04,-0.02,31.0,-23.79,-49.71,3
11494,0.59,-0.11,10.01,0.03,-0.04,-0.01,30.88,-23.87,-50.34,3
11629,0.57,-0.02,9.81,0.02,-0.03,-0.0,30.37,-23.24,-50.03,3
11765,0.57,-0.16,10.04,0.01,-0.04,0.01,30.46,-23.68,-50.19,3
11901,0.59,-0.29,10.14,-0.0,-0.03,-0.02,30.33,-23.03,-50.34,3
12037,0.52,-0.28,9.94,0.01,-0.04,-0.01,31.1,-23.63,-50.32,3
12172,0.52,-0.42,9.93,0.0,-0.04,0.0,29.6,-23.08,-48.73,3
12308,0.51,-0.35,9.86,0.02,-0.05,-0.01,29.58,-23.75,-50.5,3
12444,0.54,-0.31,9.83,0.02,-0.07,-0.01,30.56,-23.59,-50.2,3
12585,0.59,-0.1,9.68,0.03,-0.07,-0.02,30.53,-23.38,-49.65,3
12721,0.6,-0.33,10.19,0.04,-0.03,-0.0,30.46,-23.72,-49.63,3
12857,0.58,-0.24,9.93,0.02,-0.04,-0.01,29.86,-23.15,-49.74,3
12993,0.51,-0.56,9.87,0.0,-0.04,-0.0,29.79,-23.75,-48.92,3
13128,0.56,-0.4,9.84,0.02,-0.03,-0.01,30.49,-23.85,-49.65,3
13264,0.46,-0.22,9.68,-0.01,-0.09,0.02,30.24,-23.59,-49.77,3
13400,0.58,-0.6,10.14,-0.0,-0.05,0.01,30.21,-24.26,-49.39,3
13536,0.56,-0.58,9.97,0.03,-0.05,-0.01,29.95,-23.84,-50.12,3
13676,0.57,0.12,9.9,0.02,-0.05,-0.05,29.17,-23.93,-50.13,3
13813,0.56,-0.35,10.06,0.04,-0.02,-0.03,29.73,-23.75,-49.46,3
13949,0.59,-0.34,9.96,0.01,-0.08,0.01,29.61,-24.42,-49.34,3
14084,0.67,-0.38,9.73,0.03,-0.05,-0.0,29.71,-24.31,-50.75,3
14220,0.57,-0.09,9.98,-0.04,-0.08,0.02,29.25,-24.51,-49.31,3
14356,0.6,-0.4,9.91,-0.01,-0.0,-0.0,29.03,-24.23,-49.25,3
14492,0.6,-0.52,9.82,0.03,-0.02,-0.02,28.63,-23.9,-49.3,3
14627,0.6,-0.32,9.93,-0.02,-0.03,-0.02,29.28,-23.79,-49.15,3
14763,0.5,-0.03,10.12,-0.0,-0.03,0.0,29.6,-23.31,-49.55,3
14904,0.53,-0.58,10.08,0.03,-0.09,0.01,29.82,-23.85,-48.83,3
15040,0.58,-0.55,9.53,0.05,-0.08,-0.0,28.84,-23.46,-49.66,3
15175,0.57,-0.37,9.73,0.0,-0.06,-0.02,29.55,-23.41,-49.46,3
15311,0.59,-0.31,9.85,0.02,-0.06,-0.01,29.87,-23.37,-49.69,3
15447,0.61,-0.29,9.93,0.01,-0.04,-0.0,29.22,-22.96,-49.04,3
15583,0.58,-0.55,9.95,0.02,-0.04,0.02,29.47,-22.84,-49.81,3
15718,0.54,-0.42,9.59,0.03,-0.05,0.02,29.23,-23.38,-48.57,3
15854,0.59,-0.47,9.96,-0.01,-0.03,0.0,29.33,-22.89,-49.96,3
15995,0.64,-0.7,9.93,0.01,-0.04,0.0,29.28,-23.09,-50.75,3
16130,0.53,-0.39,9.89,0.03,-0.06,-0.02,29.86,-22.96,-50.01,3
16266,0.59,-0.36,9.98,-0.02,-0.08,-0.02,29.83,-23.3,-50.15,3
16402,0.64,-0.68,9.91,0.0,-0.06,-0.01,29.67,-23.15,-50.69,3
16538,0.66,-0.52,9.91,0.02,-0.05,-0.02,28.92,-22.79,-50.77,3
16673,0.61,-0.44,9.9,0.02,-0.04,-0.0,30.3,-23.33,-50.31,3
16809,0.67,-0.25,9.9,0.04,-0.04,-0.03,29.1,-22.93,-50.58,3
16945,0.64,-0.4,9.76,0.02,-0.06,0.02,29.26,-23.78,-50.57,3
17081,0.68,-0.49,9.99,-0.03,-0.08,0.02,29.85,-22.98,-50.18,3
17221,0.7,-0.52,10.1,-0.01,-0.05,0.0,29.66,-23.56,-50.42,3
17357,0.62,-0.39,9.72,0.0,-0.05,-0.0,29.87,-23.28,-50.0,3
17493,0.62,-0.55,10.05,-0.01,-0.05,0.0,29.6,-23.0,-49.96,3
17628,0.67,-0.38,9.78,0.02,-0.06,0.0,29.98,-22.86,-51.53,3
17764,0.65,-0.34,9.82,0.02,-0.03,-0.01,29.25,-22.89,-49.84,3
17900,0.67,-0.57,9.92,0.01,-0.04,0.01,29.66,-23.37,-50.69,3
18036,0.66,-0.53,9.63,-0.03,-0.05,-0.03,29.52,-22.95,-50.32,3
18171,0.59,-0.52,9.8,-0.02,-0.06,-0.02,29.6,-22.8,-50.54,3
18312,0.63,-0.37,9.89,0.02,-0.01,-0.01,29.93,-23.53,-50.18,3
18448,0.65,-0.41,9.9,0.03,-0.05,0.01,29.66,-23.25,-49.42,3
18583,0.71,-0.51,9.99,0.02,-0.02,0.02,29.51,-23.09,-49.53,3
18719,0.67,-0.52,9.93,0.01,-0.04,0.02,30.14,-22.52,-50.38,3
18855,0.69,-0.63,9.83,0.01,-0.04,0.01,29.26,-22.48,-50.15,3
18998,0.71,-0.73,9.95,-0.06,-0.04,0.01,30.34,-22.9,-49.37,3
19133,0.7,-0.61,9.92,0.04,-0.04,-0.02,28.95,-23.05,-50.85,3
19269,0.71,-0.53,10.08,0.02,-0.03,-0.01,29.64,-22.65,-49.12,3
19411,0.75,-0.59,9.85,-0.0,-0.05,-0.01,29.04,-23.06,-50.28,3
19551,0.73,-0.57,10.19,0.03,-0.01,-0.02,29.19,-26.02,-49.68,3
19687,0.7,-0.65,9.87,0.0,-0.06,0.0,29.79,-22.65,-49.3,3
19823,0.71,-0.6,9.73,-0.01,-0.05,-0.01,29.3,-22.23,-49.3,3
19958,0.74,-0.74,9.9,0.01,-0.04,-0.0,29.26,-21.79,-50.01,3
20094,0.73,-0.45,9.85,0.01,-0.04,-0.02,29.23,-22.14,-49.93,3
20230,0.7,-0.52,10.06,-0.0,-0.05,-0.0,28.81,-22.62,-50.34,3
20366,0.75,-0.5,9.86,-0.0,-0.07,0.02,28.75,-22.36,-49.88,3
20501,0.7,-0.74,9.87,0.02,-0.04,-0.01,28.54,-22.27,-49.94,3
20643,0.73,-0.54,10.13,0.0,-0.05,0.01,29.09,-22.62,-49.65,3
20779,0.78,-0.62,9.81,-0.0,-0.06,0.01,28.57,-22.49,-50.69,3
20915,0.74,-0.77,9.89,-0.0,-0.04,-0.01,28.73,-21.89,-49.24,3
21050,0.7,-1.61,8.77,-0.08,-0.27,0.06,28.47,-21.5,-49.33,3
21186,0.84,-0.68,9.86,0.02,-0.02,-0.0,28.38,-21.89,-49.05,3
21322,0.81,-0.55,9.81,0.01,-0.04,-0.0,28.41,-22.1,-48.47,3
21458,0.78,-0.8,9.89,0.01,-0.03,-0.0,28.4,-21.86,-49.36,3
21593,0.73,-0.97,9.88,-0.0,-0.05,-0.01,28.66,-22.07,-49.63,3
21729,0.69,-0.45,9.54,0.01,-0.07,-0.02,28.41,-22.07,-48.68,3
21886,0.8,-0.64,9.85,0.01,-0.07,0.01,28.69,-22.22,-49.74,3
22026,0.75,-0.56,9.68,0.04,-0.04,-0.0,28.34,-22.45,-49.94,3
22166,0.85,-0.8,10.14,0.03,-0.04,0.01,28.12,-22.35,-49.47,3
22305,0.78,-0.66,9.7,0.03,-0.05,0.0,28.82,-22.58,-49.93,3
22445,0.84,-0.58,9.61,0.01,-0.05,-0.02,28.71,-22.71,-50.1,3
22584,0.84,-0.64,9.64,0.03,-0.04,-0.0,28.94,-22.6,-48.6,3
22724,0.87,-0.7,9.93,0.01,-0.03,-0.0,28.84,-22.04,-49.9,3
22864,0.88,-0.69,9.8,-0.02,-0.05,-0.03,28.63,-22.23,-49.72,3
23009,0.86,-0.56,9.82,0.01,-0.04,0.0,28.4,-21.95,-49.68,3
23149,0.79,-0.79,9.76,-0.03,-0.07,0.01,28.5,-22.32,-48.64,3
23289,0.86,-0.85,9.89,0.01,-0.08,-0.0,29.07,-22.33,-48.49,3
23428,0.86,-0.47,9.71,-0.01,-0.08,-0.04,29.48,-22.3,-49.27,3
23568,0.91,-0.7,9.89,0.01,-0.06,-0.01,28.73,-21.81,-49.09,3
23708,0.99,-0.7,9.85,0.04,-0.05,0.01,28.27,-22.57,-48.87,3
23847,0.92,-0.35,9.64,0.04,-0.02,-0.03,28.38,-22.35,-48.41,3
23987,0.85,-0.64,9.8,0.0,-0.04,-0.03,28.31,-22.2,-49.69,3
24126,0.96,-0.73,9.78,0.02,-0.08,0.02,27.99,-22.26,-48.87,3
24272,0.96,-0.68,9.76,-0.01,-0.06,-0.0,28.68,-22.27,-48.89,3
24412,0.92,-0.57,9.81,-0.0,-0.02,-0.03,28.78,-21.73,-49.17,3
24551,0.87,-0.32,9.87,0.02,-0.05,-0.0,29.2,-22.79,-48.85,3
24691,0.88,-0.72,9.71,0.02,-0.04,0.01,28.49,-21.53,-48.42,3
24831,0.82,-0.5,9.61,0.04,-0.06,-0.01,29.23,-22.32,-48.92,3
24970,0.95,-0.51,9.89,-0.01,-0.06,-0.0,28.73,-22.48,-49.25,3
25110,0.92,-0.62,9.88,-0.0,-0.05,0.0,28.62,-22.33,-48.49,3
25250,0.99,-0.72,10.01,0.03,-0.03,-0.01,28.5,-22.22,-49.09,3
25394,0.89,-0.55,9.59,0.01,-0.04,-0.02,27.89,-22.33,-49.27,3
25534,0.93,-0.65,9.73,0.02,-0.06,-0.01,28.11,-22.65,-49.75,3
25673,0.95,-0.73,9.9,0.02,-0.04,0.01,27.62,-21.7,-49.18,3
25813,0.95,-0.54,10.11,0.02,-0.02,-0.01,27.55,-22.04,-48.57,3
25953,0.96,-0.41,10.0,0.01,-0.02,-0.0,28.57,-22.86,-48.92,3
26092,0.94,-0.64,10.04,0.01,-0.04,-0.02,27.64,-22.41,-49.94,3
26232,0.95,-0.63,9.99,0.01,-0.04,0.01,28.4,-21.97,-48.96,3
26372,0.96,-0.66,9.9,0.02,-0.04,-0.02,28.03,-22.16,-48.76,3
26511,0.98,-0.61,9.8,0.0,-0.04,-0.03,28.3,-22.07,-49.59,3
26656,0.94,-0.6,9.9,0.01,-0.02,-0.01,28.02,-22.11,-48.93,3
26795,0.95,-0.71,9.9,0.01,-0.06,0.01,28.4,-21.69,-49.34,3
26935,0.97,-0.77,9.69,0.02,-0.05,0.0,28.05,-22.24,-50.26,3
27075,0.96,-0.68,9.95,0.02,-0.03,0.0,27.68,-21.51,-48.57,3
27214,0.91,-0.8,9.71,0.01,-0.04,0.01,27.64,-22.0,-48.99,3
27354,0.95,-0.68,9.71,-0.01,-0.04,-0.01,28.11,-21.59,-49.31,3
27494,0.93,-0.84,9.91,-0.0,-0.01,-0.01,28.19,-21.73,-49.31,3
27633,0.96,-0.52,9.8,0.04,-0.05,-0.01,28.06,-22.17,-48.96,3
27779,0.91,-0.65,9.88,0.03,-0.03,-0.0,27.8,-21.97,-48.67,3
27918,0.94,-0.82,9.95,0.02,-0.01,0.01,28.41,-22.73,-49.37,3
28058,0.86,-0.7,9.77,0.01,-0.06,-0.01,27.89,-22.65,-49.27,3
28198,0.99,-0.52,10.01,0.01,-0.07,-0.01,28.9,-22.14,-48.57,3
28337,0.99,-0.61,10.04,0.03,-0.03,-0.01,28.16,-23.12,-49.61,3
28477,0.95,-0.55,9.89,0.02,-0.04,-0.02,28.4,-22.68,-49.42,3
28617,0.91,-0.63,9.89,0.0,-0.03,-0.02,28.43,-22.43,-49.37,3
28756,0.88,-0.7,9.95,0.02,-0.03,0.0,29.52,-22.11,-49.33,3
28896,0.85,-0.65,9.97,0.02,-0.03,-0.0,29.06,-22.35,-49.52,3
29041,0.81,-0.7,9.76,-0.03,-0.07,-0.01,28.6,-22.11,-49.62,3
29181,0.84,-0.64,9.87,0.0,-0.06,-0.0,28.91,-22.2,-49.69,3
29321,0.85,-0.6,9.9,0.01,-0.08,0.01,28.91,-22.41,-50.42,3
29460,0.9,-0.71,9.77,0.02,-0.07,-0.0,28.75,-22.2,-49.18,3
29600,0.91,-0.64,9.72,0.01,-0.04,-0.01,28.75,-22.03,-50.72,3
29740,0.9,-0.73,9.97,0.01,-0.02,0.01,28.68,-21.85,-50.86,3
29879,0.89,-0.7,10.05,0.01,-0.01,0.0,29.16,-21.24,-50.13,3
30019,0.92,-0.72,10.06,-0.08,-0.08,-0.01,28.47,-21.09,-49.91,3
30164,0.87,-0.62,9.77,0.03,-0.02,0.01,28.69,-22.03,-50.26,3
30303,0.92,-0.64,9.9,0.03,-0.05,0.01,28.4,-21.94,-50.15,3
30443,0.91,-0.76,9.96,0.02,-0.03,0.01,28.94,-21.15,-49.71,3
30583,0.81,-0.56,9.98,0.05,-0.01,-0.02,29.3,-21.73,-50.72,3
30722,0.87,-0.95,9.77,0.06,-0.09,0.02,29.49,-22.9,-50.8,3
30862,0.97,-0.33,9.76,0.01,-0.04,-0.03,29.2,-23.11,-49.44,3
31001,0.89,-0.68,9.85,0.01,-0.04,0.0,28.22,-22.3,-50.92,3
31141,0.84,-0.44,9.83,0.01,-0.04,0.01,27.8,-22.41,-50.34,3
31281,0.88,-0.63,9.89,-0.01,-0.07,0.01,29.0,-22.62,-49.97,3
31426,0.82,-0.7,9.74,-0.03,-0.07,0.02,28.59,-22.36,-49.97,3
31566,0.8,-0.48,9.68,0.02,-0.06,0.02,29.6,-22.19,-49.65,3
31706,0.81,-0.48,9.67,0.04,-0.05,0.01,29.9,-22.39,-49.97,3
31845,0.92,-0.52,9.69,0.02,-0.05,-0.01,28.33,-22.67,-50.2,3
31985,0.82,-0.49,9.46,-0.02,-0.06,-0.05,29.8,-22.98,-49.37,3
32125,0.88,-0.57,9.8,-0.01,-0.02,0.06,29.44,-23.05,-49.81,3
32264,0.71,-0.83,10.22,0.02,-0.05,0.03,29.77,-22.49,-48.99,3
32404,0.68,-0.5,9.91,0.04,-0.09,-0.01,29.3,-23.03,-49.01,3
32543,0.83,-0.54,9.48,0.04,-0.09,0.0,29.3,-22.95,-50.38,3
32688,0.91,-0.64,10.01,0.04,-0.02,0.01,29.01,-23.4,-50.82,3
32828,0.9,-0.29,10.24,-0.0,-0.07,-0.02,29.0,-23.17,-50.82,3
32967,0.87,-0.3,9.72,0.04,-0.03,0.04,28.97,-22.84,-50.26,3
33107,0.9,-0.66,9.89,-0.0,-0.04,0.02,28.91,-23.05,-49.69,3
2739,9.69,0.88,0.31,0.03,-0.04,0.04,-23.82,-31.66,2.7,4
2875,9.68,1.07,0.66,-0.0,-0.01,0.0,-23.69,-31.29,3.19,4
3012,9.77,1.01,0.51,-0.01,-0.04,-0.01,-23.94,-31.31,2.28,4
3149,9.67,0.72,0.55,0.02,-0.02,0.01,-24.7,-32.02,2.81,4
3286,9.67,0.8,0.56,0.04,-0.02,-0.01,-24.39,-32.11,3.05,4
3422,9.64,0.79,0.58,0.02,-0.04,-0.01,-23.84,-31.45,3.05,4
3559,9.71,0.95,0.61,0.02,-0.06,0.01,-24.33,-31.51,2.48,4
3696,9.7,0.95,0.61,0.02,-0.04,0.0,-24.25,-31.64,2.75,4
3839,9.74,0.96,0.77,0.01,-0.03,0.0,-23.78,-32.21,1.97,4
3976,9.72,0.92,0.71,-0.01,-0.01,0.0,-24.38,-31.53,2.92,4
4114,9.67,0.92,0.59,0.01,-0.04,0.01,-24.04,-31.98,1.87,4
4250,9.69,0.85,0.71,0.02,-0.04,-0.0,-24.07,-31.32,2.35,4
4387,9.65,0.8,0.6,0.03,-0.05,0.01,-24.31,-31.8,2.66,4
4524,9.7,0.85,0.69,0.02,-0.05,-0.0,-23.91,-31.79,2.22,4
4660,9.74,0.92,0.8,0.01,-0.04,0.01,-23.38,-31.73,2.19,4
4795,9.71,0.8,0.8,0.0,-0.03,0.0,-24.22,-31.86,1.99,4
4931,9.68,0.8,0.75,0.01,-0.05,0.0,-24.2,-31.31,1.58,4
5067,9.7,0.76,0.81,0.01,-0.05,-0.01,-24.2,-31.57,2.1,4
5199,9.7,0.77,0.62,-0.01,-0.05,-0.02,-24.41,-31.31,1.96,4
5334,9.66,0.81,0.54,0.02,-0.06,0.01,-23.68,-31.63,1.81,4
5470,9.69,0.86,0.75,0.02,-0.05,-0.0,-24.2,-31.98,1.9,4
5606,9.75,0.95,0.75,0.02,-0.05,-0.01,-23.85,-31.22,1.78,4
5742,9.74,0.91,0.72,0.02,-0.03,0.0,-24.0,-31.32,3.08,4
5877,9.69,0.82,0.65,0.02,-0.04,0.0,-24.09,-30.97,1.97,4
6013,9.64,0.73,0.68,0.02,-0.06,0.0,-24.0,-31.22,2.03,4
6149,9.78,0.81,0.77,0.04,-0.09,-0.01,-24.22,-30.36,1.07,4
6285,9.71,0.78,0.84,0.03,-0.03,0.0,-24.67,-31.47,1.71,4
6426,9.69,0.96,0.68,0.0,0.01,-0.01,-24.92,-31.75,1.36,4
6562,9.59,0.72,0.57,0.02,-0.04,-0.02,-23.91,-31.91,0.2,4
6698,9.81,0.74,0.75,0.01,-0.03,-0.01,-24.32,-31.35,1.45,4
6833,9.66,0.8,0.81,0.01,-0.04,0.04,-23.41,-31.37,1.37,4
6969,9.7,0.84,0.65,-0.01,-0.05,-0.01,-24.09,-30.58,1.21,4
7105,9.68,0.69,0.87,0.02,-0.05,0.01,-23.94,-31.51,1.45,4
7241,9.72,0.81,0.83,0.02,-0.03,-0.01,-23.74,-31.1,0.69,4
7376,9.7,0.85,0.88,0.0,-0.04,-0.01,-24.06,-31.7,1.51,4
7512,9.71,0.86,0.88,0.0,-0.04,-0.01,-23.9,-31.09,1.29,4
7653,9.74,0.86,0.87,-0.0,-0.04,-0.01,-23.43,-31.63,2.06,4
7789,9.68,0.78,0.78,0.01,-0.04,-0.01,-23.84,-31.75,2.44,4
7924,9.68,0.76,0.76,0.03,-0.05,-0.0,-23.34,-32.04,1.07,4
8060,9.74,0.9,0.86,0.03,-0.04,-0.02,-23.3,-32.18,0.88,4
8196,9.73,0.8,0.94,-0.01,-0.03,0.01,-22.99,-31.7,1.1,4
8332,9.71,0.81,0.8,0.0,-0.04,0.01,-23.66,-31.58,0.77,4
8467,9.68,0.72,0.75,0.03,-0.07,0.01,-24.2,-31.44,0.42,4
8603,9.71,0.78,0.9,0.01,-0.03,-0.0,-23.62,-31.26,1.52,4
8739,9.64,0.71,0.73,0.01,-0.03,-0.01,-23.74,-31.2,1.39,4
8879,9.66,0.76,0.81,0.02,-0.06,-0.0,-23.75,-30.84,1.65,4
9015,9.68,0.8,0.87,0.02,-0.06,-0.0,-23.85,-31.34,0.15,4
9151,9.71,0.8,0.87,0.02,-0.06,-0.01,-23.4,-31.34,1.29,4
9287,9.71,0.78,0.85,0.02,-0.03,-0.0,-24.09,-30.65,0.32,4
9422,9.73,0.83,0.93,0.01,-0.04,-0.01,-23.62,-31.25,0.51,4
9558,9.75,0.79,0.93,0.01,-0.03,-0.0,-23.38,-31.04,0.42,4
9694,9.76,0.82,0.87,0.01,-0.04,-0.0,-23.88,-31.32,1.27,4
9830,9.66,0.67,0.85,0.01,-0.04,0.01,-24.36,-31.13,0.77,4
9965,9.69,0.77,0.9,0.01,-0.03,-0.01,-25.08,-31.34,-0.41,4
10106,9.72,0.85,0.97,0.0,-0.04,-0.0,-24.54,-31.12,0.56,4
10242,9.68,0.82,0.97,0.01,-0.03,-0.01,-24.58,-31.54,0.51,4
10377,9.66,0.67,0.7,0.02,-0.05,-0.03,-24.73,-31.29,0.61,4
10513,9.74,0.71,0.9,0.02,-0.06,0.0,-24.41,-31.04,0.7,4
10649,9.75,0.84,0.95,-0.0,-0.03,-0.01,-24.09,-31.07,1.1,4
10785,9.64,0.73,0.91,0.02,-0.04,-0.02,-24.86,-30.46,0.53,4
10920,9.72,0.86,0.83,0.02,-0.05,-0.03,-23.98,-31.76,0.39,4
11056,9.71,0.92,0.85,0.03,-0.09,0.0,-24.5,-30.85,0.64,4
11197,9.6,0.73,0.95,0.02,-0.02,-0.0,-25.14,-30.9,0.44,4
11333,9.73,0.97,1.0,0.01,-0.03,-0.02,-24.74,-30.8,0.5,4
11468,9.72,0.89,0.93,0.01,-0.07,-0.0,-24.95,-31.5,0.86,4
11604,9.63,0.69,0.89,0.01,-0.05,0.0,-24.42,-30.56,1.07,4
11740,9.66,0.94,0.69,0.03,-0.08,-0.01,-24.79,-30.69,0.58,4
11875,9.52,0.64,0.67,0.04,-0.06,0.01,-24.67,-30.66,1.14,4
12011,9.67,0.72,0.81,0.03,-0.08,0.01,-24.73,-30.94,1.11,4
12147,9.68,0.7,1.01,0.0,-0.04,-0.01,-25.33,-30.56,1.15,4
12283,9.76,0.89,0.94,0.03,-0.03,-0.01,-24.9,-30.74,0.99,4
12423,9.68,0.89,0.85,0.01,-0.02,-0.0,-24.69,-30.91,1.64,4
12559,9.56,0.56,0.91,0.0,-0.04,-0.01,-24.79,-30.59,0.63,4
12695,9.87,0.99,0.82,-0.01,-0.04,-0.02,-24.64,-31.03,1.11,4
12831,9.67,0.7,0.94,0.0,-0.01,0.03,-24.9,-30.68,1.15,4
12966,9.66,0.73,0.88,0.04,-0.03,-0.02,-24.25,-30.75,0.69,4
13102,9.71,0.85,0.96,0.03,-0.03,-0.01,-24.45,-30.52,1.24,4
13238,9.7,0.83,1.01,0.02,-0.05,0.01,-24.42,-30.49,0.1,4
13374,9.68,0.83,1.01,0.02,-0.05,0.01,-24.32,-30.53,-0.26,4
13509,9.62,0.98,0.54,0.26,-0.09,-0.02,-24.5,-30.09,-0.04,4
13650,9.66,0.78,0.89,0.03,-0.07,0.01,-24.74,-30.06,0.73,4
13786,9.68,0.78,1.01,0.03,-0.06,0.0,-25.12,-30.61,1.43,4
13921,9.62,0.71,0.79,0.03,-0.07,0.0,-25.11,-30.34,1.1,4
14057,9.69,0.71,1.01,0.02,-0.03,0.0,-25.12,-30.3,0.32,4
14193,9.71,0.76,0.99,0.02,-0.06,-0.01,-25.07,-29.93,0.91,4
14329,9.71,0.79,0.99,0.01,-0.06,0.0,-25.71,-29.71,0.99,4
14464,9.74,0.78,1.04,0.0,-0.04,-0.01,-25.86,-30.36,1.53,4
14600,9.68,0.72,1.02,-0.0,-0.01,0.0,-25.96,-30.43,0.57,4
14736,9.64,0.75,0.92,0.02,-0.05,-0.01,-25.14,-30.21,-0.66,4
14877,9.67,0.77,1.02,0.01,-0.06,0.01,-26.16,-30.74,0.25,4
15013,9.67,0.74,1.1,0.02,-0.04,-0.0,-24.86,-30.05,1.13,4
15149,9.74,0.82,1.11,0.0,-0.04,-0.01,-25.11,-30.43,-0.19,4
15285,9.69,0.77,1.04,-0.0,-0.03,-0.01,-24.98,-30.33,0.28,4
15420,9.65,0.72,0.96,-0.01,-0.02,-0.01,-24.8,-30.53,-0.01,4
15556,9.7,0.78,1.03,0.01,-0.04,0.01,-25.11,-30.88,0.76,4
15692,9.66,0.7,1.05,0.01,-0.05,0.01,-24.79,-30.15,1.11,4
15828,9.79,1.06,0.91,0.22,-0.1,-0.01,-25.12,-29.98,0.58,4
15963,9.73,0.69,1.17,0.0,-0.04,-0.01,-25.12,-30.24,-0.51,4
16104,9.73,0.76,1.11,0.0,-0.03,-0.01,-25.02,-30.39,-0.58,4
16240,9.68,0.79,1.04,-0.0,-0.02,-0.01,-24.33,-30.55,0.61,4
16375,9.68,0.74,0.93,0.02,-0.05,-0.01,-24.86,-30.56,0.44,4
16511,9.72,0.71,1.11,0.01,-0.03,-0.01,-24.45,-30.43,3.48,4
16647,9.64,0.76,0.89,0.02,-0.04,0.02,-24.25,-30.2,0.29,4
16783,9.62,0.75,0.91,0.02,-0.06,-0.01,-24.74,-29.52,0.47,4
16918,9.66,0.7,0.94,0.03,-0.07,-0.01,-24.74,-30.11,-0.75,4
17054,9.7,0.71,1.11,0.03,-0.05,0.0,-24.8,-30.2,-0.8,4
17190,9.66,0.73,1.05,0.01,-0.04,-0.01,-25.2,-29.55,-0.35,4
17331,9.75,0.82,1.1,0.0,-0.05,-0.01,-24.71,-29.98,0.09,4
17466,9.71,0.76,1.02,0.02,-0.04,0.01,-24.67,-29.67,0.18,4
17602,9.62,0.69,1.05,0.03,-0.04,0.0,-25.18,-29.93,-0.57,4
17738,9.65,0.73,1.06,0.02,-0.05,-0.02,-24.98,-29.77,-1.7,4
17874,9.71,0.78,1.13,0.02,-0.06,-0.02,-25.1,-30.2,-0.12,4
18009,9.71,0.78,1.09,0.02,-0.02,-0.01,-25.4,-29.83,0.44,4
18145,9.66,0.76,1.02,0.01,-0.03,-0.0,-25.04,-29.79,-0.56,4
18281,9.67,0.71,1.12,0.0,-0.04,-0.01,-25.01,-30.33,-0.66,4
18421,9.65,0.68,1.03,0.02,-0.05,0.01,-25.56,-29.96,-0.35,4
18557,9.69,0.64,1.13,0.03,-0.06,0.0,-25.12,-30.21,-1.34,4
18693,9.69,0.67,1.13,0.02,-0.05,-0.01,-25.52,-30.12,0.19,4
18829,9.76,0.74,1.24,0.06,-0.05,-0.01,-25.62,-30.39,-1.49,4
18964,9.67,0.78,1.08,-0.0,-0.04,0.0,-24.83,-31.07,-0.35,4
19106,9.63,0.74,1.0,0.02,-0.04,-0.02,-24.79,-31.06,0.25,4
19242,9.77,0.83,1.18,0.02,-0.07,-0.0,-24.96,-30.44,-3.58,4
19377,9.65,0.82,1.03,0.01,-0.04,0.01,-24.58,-30.72,0.66,4
19513,9.56,0.7,0.97,0.0,-0.03,0.0,-24.74,-31.18,-0.38,4
19654,9.66,0.73,1.02,0.02,-0.07,-0.02,-24.69,-30.44,-0.06,4
19790,9.71,0.83,1.25,0.04,-0.06,-0.02,-25.11,-30.66,1.2,4
19925,9.7,0.81,1.1,0.03,-0.04,-0.01,-25.52,-30.23,3.55,4
20061,9.66,0.75,1.09,0.01,-0.05,-0.01,-25.37,-30.53,0.53,4
20204,9.68,0.77,1.1,0.02,-0.06,-0.01,-24.98,-31.01,0.19,4
20339,9.7,0.86,1.08,0.0,-0.05,-0.0,-24.61,-30.75,0.34,4
20475,9.66,0.79,1.12,0.01,-0.06,-0.0,-24.42,-30.78,-0.28,4
20611,9.77,0.91,1.17,-0.0,-0.03,-0.02,-24.79,-30.61,-0.98,4
20747,9.7,0.83,0.98,0.01,-0.03,-0.01,-25.07,-30.96,0.51,4
20888,9.68,0.85,1.03,0.0,-0.03,0.0,-25.26,-30.06,-0.19,4
21024,9.61,0.75,1.09,0.02,-0.05,0.0,-25.5,-30.91,0.39,4
21160,9.7,0.82,1.1,0.02,-0.03,-0.0,-24.74,-30.44,0.67,4
21295,9.68,0.75,1.02,0.03,-0.05,0.0,-24.88,-30.24,0.73,4
21431,9.69,0.78,1.21,0.01,-0.05,0.0,-24.61,-29.93,1.08,4
21567,9.69,0.76,0.95,0.02,-0.04,-0.01,-24.25,-30.78,0.42,4
21703,9.61,0.74,0.89,0.02,-0.06,-0.0,-24.29,-30.96,1.11,4
21838,9.64,0.82,0.99,0.02,-0.05,-0.01,-24.13,-30.47,0.22,4
21974,9.71,0.9,1.05,0.03,-0.05,-0.01,-24.42,-30.71,1.94,4
22130,9.71,0.87,1.12,0.03,-0.04,-0.0,-24.61,-30.56,1.32,4
22270,9.66,0.79,1.08,0.02,-0.05,0.01,-24.51,-31.19,-0.29,4
22410,9.65,0.78,1.06,0.01,-0.05,0.0,-24.6,-30.62,0.7,4
22549,9.74,0.81,1.05,0.03,-0.06,-0.0,-24.42,-30.37,0.61,4
22689,9.72,0.8,1.29,0.01,-0.03,0.01,-24.77,-29.47,0.47,4
22829,9.72,0.73,1.32,-0.01,-0.02,-0.01,-24.92,-29.93,-0.67,4
22968,9.68,0.76,1.03,0.03,-0.01,-0.02,-25.31,-29.98,0.75,4
23108,9.73,0.86,1.22,0.03,-0.05,0.01,-25.68,-29.42,1.05,4
23248,9.67,0.74,1.27,0.0,-0.04,0.01,-26.25,-29.73,-0.15,4
23393,9.64,0.71,1.09,0.01,-0.04,-0.0,-25.88,-29.93,-0.37,4
23533,9.67,0.8,0.95,0.04,-0.05,-0.0,-26.03,-29.61,0.26,4
23672,9.64,0.74,1.12,0.03,-0.07,-0.02,-25.84,-30.04,-0.77,4
23812,9.74,0.79,1.21,0.03,-0.06,-0.02,-26.34,-30.81,-0.22,4
23952,9.75,0.83,1.24,0.02,-0.04,0.01,-26.32,-30.58,0.15,4
24091,9.65,0.79,1.19,0.02,-0.03,0.0,-26.35,-30.42,-0.98,4
24231,9.7,0.89,1.09,-0.01,-0.05,-0.0,-26.41,-30.8,-0.8,4
24371,9.58,0.69,0.93,0.01,-0.07,-0.0,-26.31,-29.83,3.13,4
24515,9.65,0.77,1.03,0.03,-0.06,0.01,-25.46,-29.77,0.42,4
24655,9.68,0.82,1.08,0.03,-0.06,-0.0,-25.8,-30.28,0.79,4
24794,9.69,0.78,1.23,0.03,-0.05,-0.01,-25.1,-30.36,-0.69,4
24934,9.74,0.82,1.19,0.01,-0.03,-0.01,-26.25,-29.82,-0.1,4
25074,9.68,0.76,1.11,0.02,-0.05,0.0,-25.26,-30.56,1.04,4
25213,9.69,0.75,1.11,0.01,-0.04,0.0,-25.08,-29.93,0.6,4
25353,9.73,0.76,1.22,0.02,-0.04,-0.0,-24.47,-30.43,0.15,4
25493,9.74,0.77,1.22,0.03,-0.03,-0.01,-26.12,-29.64,-0.64,4
25632,9.7,0.75,1.37,-0.04,-0.03,0.01,-25.81,-30.34,-0.56,4
25777,9.67,0.76,1.17,-0.02,-0.04,0.0,-25.05,-30.24,-0.5,4
25916,9.69,0.77,1.1,0.03,-0.04,-0.01,-24.6,-30.62,-0.34,4
26056,9.7,0.81,1.07,0.02,-0.05,0.02,-24.88,-31.06,-0.06,4
26196,9.59,0.57,1.03,0.01,-0.06,0.0,-24.96,-30.34,-0.64,4
26335,9.83,0.9,1.19,-0.07,0.03,0.02,-24.29,-30.27,-1.04,4
26475,9.53,0.44,0.95,0.01,-0.1,0.02,-25.15,-30.18,-0.06,4
26615,9.75,0.61,1.11,0.01,-0.11,0.0,-25.31,-30.53,1.34,4
26754,9.73,0.57,1.31,0.0,-0.06,0.02,-25.1,-30.59,0.88,4
26894,9.78,0.74,1.02,-0.02,-0.03,-0.0,-25.49,-29.64,1.3,4
27040,9.64,0.55,0.94,0.03,-0.06,0.02,-25.36,-30.27,1.4,4
27179,9.74,0.57,1.1,0.01,-0.02,-0.02,-25.33,-30.2,0.32,4
27319,9.69,0.52,0.78,0.01,-0.04,-0.01,-25.39,-29.74,-0.47,4
27458,9.59,0.43,0.96,0.05,-0.07,-0.0,-25.52,-30.06,-0.07,4
27598,9.77,0.76,1.21,0.06,-0.06,-0.05,-25.17,-30.08,0.37,4
27738,9.8,0.83,1.12,0.01,-0.03,-0.02,-25.55,-30.02,0.5,4
27877,9.67,0.72,1.12,0.01,-0.03,0.03,-25.02,-30.02,0.77,4
28017,9.69,0.66,0.99,0.01,-0.07,0.01,-24.9,-30.31,1.05,4
28157,9.76,0.6,1.14,-0.03,-0.0,0.02,-25.43,-30.46,0.64,4
28302,9.68,0.51,1.07,-0.01,-0.01,-0.0,-25.45,-29.58,0.76,4
28442,9.71,0.64,1.15,0.05,-0.0,-0.04,-25.33,-30.44,0.28,4
28582,9.75,0.69,1.17,0.02,-0.06,0.02,-25.12,-30.23,-0.7,4
28721,9.63,0.57,1.13,0.02,-0.05,0.01,-25.23,-30.53,-0.25,4
28861,9.71,0.66,1.13,0.04,-0.04,0.0,-26.07,-30.36,-0.7,4
29000,9.65,0.55,1.13,0.03,-0.04,-0.01,-25.59,-30.65,-0.13,4
29140,9.69,0.59,1.03,0.02,-0.06,-0.01,-26.56,-30.72,0.66,4
29280,9.64,0.55,1.06,0.02,-0.06,0.02,-26.24,-30.25,0.72,4
29419,9.68,0.71,1.2,0.02,-0.08,-0.01,-26.13,-29.61,-0.03,4
29565,9.66,0.77,1.04,0.07,-0.07,-0.01,-25.91,-30.36,0.6,4
29705,9.75,0.7,1.2,0.02,-0.04,-0.04,-26.09,-30.09,0.57,4
29844,9.74,0.68,1.21,-0.0,-0.05,0.01,-25.69,-30.23,-0.18,4
29984,9.59,0.56,0.91,-0.01,-0.04,0.01,-25.52,-29.85,0.45,4
30124,9.67,0.65,0.98,0.04,-0.07,-0.0,-26.35,-29.64,-0.42,4
30263,9.7,0.65,1.1,0.04,-0.05,-0.01,-26.19,-29.98,0.73,4
30403,9.75,0.71,1.23,0.02,-0.05,-0.01,-25.62,-29.42,0.18,4
30542,9.73,0.78,1.23,-0.0,-0.03,-0.01,-25.5,-30.37,1.1,4
30688,9.74,0.83,1.06,-0.0,-0.02,-0.02,-25.36,-30.17,0.69,4
30828,9.73,0.77,1.19,0.01,-0.04,-0.01,-25.33,-30.02,0.76,4
30967,9.66,0.51,0.7,0.03,-0.11,0.01,-24.92,-29.74,1.1,4
31108,9.61,0.39,0.94,0.06,-0.06,-0.02,-25.11,-30.14,1.72,4
31248,9.77,0.69,1.14,0.04,-0.03,-0.02,-25.52,-29.14,0.63,4
31387,9.75,0.9,1.13,-0.01,-0.0,-0.02,-25.12,-29.76,0.07,4
31527,9.87,1.0,1.01,-0.0,0.02,0.05,-24.55,-29.82,-0.01,4
31666,9.25,-0.04,1.4,0.03,-0.09,0.02,-25.23,-29.77,-0.19,4
31806,9.9,0.68,1.23,-0.02,-0.02,-0.07,-24.76,-30.62,-0.89,4
31951,9.72,0.92,1.27,-0.0,-0.0,-0.02,-25.58,-30.05,0.8,4
32090,9.63,0.83,1.02,0.02,-0.07,-0.01,-25.15,-29.49,-0.41,4
32230,9.64,0.68,1.25,0.03,-0.04,-0.01,-24.88,-30.21,0.48,4
32370,9.74,0.94,1.23,0.02,-0.03,-0.02,-25.72,-30.11,0.86,4
32509,9.75,0.98,1.2,-0.01,-0.04,-0.02,-25.17,-30.58,0.04,4
32649,9.6,0.63,0.73,0.02,-0.07,-0.01,-24.92,-30.28,0.38,4
2686,0.86,0.37,10.0,0.02,-0.04,-0.0,13.21,-30.04,-45.41,5
2822,0.85,0.3,9.8,0.02,-0.03,-0.0,12.44,-29.92,-44.4,5
2958,0.87,0.28,9.97,0.0,-0.06,-0.01,12.47,-30.15,-45.38,5
3093,0.9,0.36,9.92,0.0,-0.05,-0.01,12.26,-29.9,-45.1,5
3229,0.89,0.36,9.81,0.02,-0.04,-0.01,12.31,-30.05,-45.6,5
3365,0.85,0.24,9.92,0.02,-0.05,-0.01,12.04,-30.06,-45.12,5
3500,0.85,0.34,9.98,0.01,-0.05,-0.0,13.21,-30.12,-44.3,5
3636,0.92,0.4,9.93,-0.01,-0.06,-0.01,12.45,-30.06,-45.28,5
3777,0.92,0.32,9.96,0.02,-0.08,0.01,12.26,-30.4,-46.38,5
3913,0.9,0.32,9.95,0.02,-0.05,0.0,11.69,-30.01,-44.78,5
4048,0.93,0.41,10.01,0.01,-0.05,-0.0,12.19,-30.09,-46.08,5
4184,0.92,0.31,9.87,0.02,-0.05,-0.01,12.48,-29.22,-44.94,5
4320,0.94,0.34,9.8,0.01,-0.02,0.0,11.58,-30.44,-45.82,5
4456,0.9,0.29,9.9,0.01,-0.05,-0.0,12.7,-26.44,-45.18,5
4591,0.88,0.42,10.0,-0.02,-0.03,-0.0,12.66,-29.89,-45.67,5
4727,0.9,0.32,9.88,0.01,-0.03,0.01,12.23,-29.74,-45.81,5
4863,0.87,0.21,9.8,0.01,-0.05,-0.0,12.34,-29.23,-45.29,5
5004,0.93,0.35,9.87,0.02,-0.08,0.01,12.5,-29.6,-45.28,5
5140,0.98,0.25,9.89,0.0,-0.06,0.0,12.1,-29.2,-44.68,5
5276,0.93,0.25,9.91,0.02,-0.03,0.01,12.23,-29.79,-45.28,5
5427,0.98,0.31,10.0,-0.01,-0.03,0.0,12.26,-29.23,-45.25,5
5563,0.97,0.24,9.71,0.0,-0.06,0.0,11.96,-29.67,-44.87,5
5699,0.99,0.31,10.06,0.03,-0.04,-0.01,12.31,-29.87,-45.91,5
5834,0.9,0.29,9.97,0.01,-0.05,0.0,12.35,-28.62,-45.25,5
5970,0.91,0.22,9.78,0.01,-0.04,-0.01,11.91,-29.86,-44.88,5
6106,0.95,0.28,9.89,0.02,-0.04,-0.01,12.26,-29.35,-43.5,5
6248,0.91,0.26,9.82,0.03,-0.06,-0.01,11.55,-29.7,-45.79,5
6383,1.03,0.34,9.9,0.02,-0.1,0.02,11.85,-29.51,-45.37,5
6519,0.92,0.28,10.09,0.01,-0.02,0.01,11.56,-29.14,-45.07,5
6655,0.9,0.29,9.86,-0.0,0.0,-0.01,11.85,-29.85,-44.83,5
6791,1.02,0.37,9.87,0.02,-0.05,-0.04,11.72,-29.33,-45.22,5
6926,1.02,0.36,9.94,0.03,-0.06,0.01,12.04,-29.29,-45.81,5
7062,0.91,0.4,9.97,0.0,-0.01,0.0,12.22,-29.36,-44.3,5
7198,0.92,0.29,9.94,0.01,-0.03,-0.0,12.72,-29.11,-44.88,5
7333,0.9,0.36,9.97,0.01,-0.06,-0.01,11.88,-30.56,-44.56,5
7475,0.97,0.41,9.87,-0.02,-0.04,-0.01,12.13,-29.04,-44.65,5
7611,0.96,0.28,9.78,0.0,-0.04,-0.01,11.49,-29.58,-45.26,5
7747,0.97,0.34,9.81,-0.0,-0.04,-0.0,12.36,-29.16,-44.94,5
7882,0.99,0.31,9.88,-0.0,-0.07,0.01,11.62,-28.73,-45.06,5
8018,0.95,0.2,9.86,0.02,-0.04,-0.01,12.03,-28.98,-45.28,5
8154,1.04,0.38,9.76,0.0,-0.04,-0.02,11.08,-29.44,-44.59,5
8290,1.06,0.29,9.79,0.0,-0.05,0.01,11.94,-28.92,-44.53,5
8425,0.99,0.33,9.86,0.02,-0.05,0.01,12.15,-29.2,-45.85,5
8561,0.96,0.27,9.91,0.03,-0.04,-0.0,12.32,-29.54,-43.83,5
8703,0.99,0.37,9.88,0.0,-0.03,-0.01,12.57,-29.42,-44.27,5
8838,0.96,0.27,9.85,0.03,-0.03,0.0,12.34,-29.11,-44.34,5
8974,0.92,0.36,9.98,0.01,-0.04,0.0,11.91,-29.45,-44.42,5
9110,0.87,0.29,9.83,0.02,-0.04,-0.01,12.1,-29.98,-44.2,5
9246,0.98,0.32,9.75,0.01,-0.08,-0.01,11.68,-30.02,-44.33,5
9381,1.0,0.33,9.8,0.01,-0.04,-0.0,12.63,-30.17,-44.71,5
9517,0.97,0.34,9.94,0.0,-0.04,0.0,11.63,-30.28,-43.54,5
9653,0.99,0.31,9.82,-0.01,-0.05,-0.01,11.93,-30.11,-43.98,5
9794,1.01,0.33,9.87,0.03,-0.04,-0.01,12.67,-30.44,-44.31,5
9930,0.99,0.37,9.9,0.01,-0.04,0.0,12.57,-30.87,-44.33,5
10066,1.02,0.28,9.93,0.01,-0.02,-0.01,12.47,-30.42,-43.31,5
10202,0.98,0.27,9.69,0.02,-0.06,0.01,12.22,-29.86,-44.12,5
10337,0.99,0.4,9.95,0.02,-0.04,-0.02,12.41,-29.66,-44.05,5
10473,0.98,0.3,9.88,0.01,-0.05,0.0,12.47,-29.57,-44.12,5
10609,0.96,0.34,9.67,0.02,-0.09,0.0,12.55,-29.96,-45.35,5
10745,0.98,0.36,10.06,0.02,-0.03,-0.0,12.2,-29.3,-44.87,5
10880,0.95,0.39,9.89,0.0,-0.02,-0.01,11.98,-29.68,-45.18,5
11022,0.98,0.3,9.68,0.02,-0.06,-0.0,12.16,-30.04,-46.07,5
11158,0.99,0.39,9.88,0.03,-0.05,-0.01,12.64,-29.09,-45.24,5
11293,0.97,0.34,9.92,0.01,-0.05,0.0,11.93,-29.54,-45.43,5
11429,0.97,0.4,9.79,0.01,-0.05,-0.01,12.69,-29.32,-45.64,5
11565,0.95,0.32,9.87,0.0,-0.05,-0.01,12.1,-29.57,-45.92,5
11701,0.92,0.36,9.9,0.04,-0.05,-0.0,11.98,-29.01,-44.46,5
11836,0.95,0.39,9.81,-0.0,-0.03,-0.01,11.81,-29.85,-45.13,5
11972,0.91,0.35,9.91,0.02,-0.05,0.0,12.61,-29.74,-43.98,5
12108,0.94,0.46,9.9,0.02,-0.04,0.0,12.23,-26.28,-44.26,5
12250,0.94,0.39,9.84,0.02,-0.06,-0.0,12.48,-29.44,-45.67,5
12385,0.92,0.37,9.94,0.0,-0.06,-0.0,11.84,-30.12,-44.49,5
12521,0.92,0.45,9.93,0.02,-0.05,-0.0,11.08,-29.36,-44.18,5
12657,1.0,0.44,9.85,0.0,-0.02,-0.01,12.57,-29.55,-43.34,5
12792,0.93,0.36,9.87,0.01,-0.06,0.01,12.09,-29.38,-45.59,5
12928,0.94,0.39,9.84,0.0,-0.06,-0.0,12.36,-29.45,-44.31,5
13064,0.98,0.35,9.86,0.01,-0.03,-0.01,12.34,-29.86,-44.11,5
13200,0.96,0.39,9.84,0.01,-0.06,0.01,12.28,-29.54,-43.55,5
13335,0.9,0.3,9.74,0.02,-0.04,0.0,12.31,-29.23,-43.57,5
13477,0.91,0.43,9.86,0.01,-0.07,0.01,12.17,-29.48,-43.22,5
13613,0.91,0.31,9.97,0.02,-0.04,-0.01,12.91,-29.67,-43.5,5
13749,0.91,0.37,9.83,0.02,-0.05,-0.0,12.53,-29.71,-43.88,5
13884,0.95,0.4,9.94,0.01,-0.03,-0.0,12.45,-29.82,-43.77,5
14020,0.94,0.35,9.88,0.01,-0.04,-0.01,12.19,-30.15,-44.31,5
14156,0.94,0.4,9.85,0.03,-0.04,0.0,11.44,-29.58,-43.77,5
14291,0.98,0.38,9.85,0.01,-0.02,-0.02,12.32,-30.11,-45.16,5
14427,0.95,0.38,9.8,0.02,-0.05,0.01,11.74,-30.05,-44.15,5
14569,0.93,0.44,9.78,0.0,-0.05,-0.01,12.48,-30.82,-44.52,5
14705,0.91,0.36,9.94,0.02,-0.06,-0.0,11.69,-30.05,-44.34,5
14840,0.96,0.45,9.82,0.0,-0.03,-0.01,11.94,-29.63,-44.5,5
14976,0.93,0.44,9.86,0.02,-0.05,-0.01,12.53,-30.02,-44.65,5
15112,1.02,0.4,10.06,0.05,-0.07,-0.0,12.23,-30.25,-45.07,5
15248,1.01,0.52,9.38,0.0,-0.09,0.02,11.58,-29.83,-43.23,5
15383,0.86,0.46,9.81,0.04,-0.09,0.02,11.55,-30.24,-43.95,5
15519,1.16,0.5,9.64,0.01,-0.04,-0.03,11.27,-29.6,-43.55,5
15655,1.06,0.56,9.66,0.05,-0.09,0.05,11.59,-29.71,-43.85,5
15796,1.06,0.47,10.25,0.02,-0.01,-0.01,11.6,-29.82,-44.17,5
15932,1.11,0.58,9.94,0.0,-0.03,-0.01,11.49,-30.21,-44.42,5
16068,1.1,0.5,9.84,0.02,-0.13,0.14,11.49,-29.68,-44.67,5
16204,1.12,0.36,9.4,0.08,-0.06,0.04,11.22,-30.06,-43.31,5
16339,0.79,0.53,9.88,0.01,0.05,0.02,11.44,-29.85,-45.31,5
16475,0.93,0.62,10.09,0.05,0.0,-0.03,12.55,-30.43,-43.79,5
16611,0.75,0.64,9.86,0.02,0.03,-0.02,12.6,-29.82,-44.12,5
16747,0.4,0.76,9.9,-0.04,0.16,-0.01,13.46,-30.44,-43.98,5
16882,0.61,0.55,9.92,-0.02,0.09,0.01,13.75,-30.09,-43.72,5
17023,0.47,0.53,9.72,-0.01,-0.06,-0.05,14.28,-30.47,-44.2,5
17159,0.47,0.48,9.77,-0.01,-0.08,0.05,13.88,-30.44,-43.54,5
17294,0.7,0.49,10.08,-0.1,-0.05,0.02,13.4,-30.17,-43.34,5
17430,0.47,0.34,9.44,-0.04,0.01,0.08,13.65,-29.03,-44.04,5
17566,0.39,0.35,10.15,-0.01,-0.03,0.08,13.46,-29.38,-43.55,5
17702,0.43,0.3,10.09,0.03,-0.07,0.05,13.12,-29.52,-45.29,5
17837,0.42,0.22,9.76,-0.02,-0.01,-0.0,13.84,-28.71,-43.2,5
17973,0.44,0.4,9.86,0.0,-0.06,0.01,13.43,-28.76,-44.65,5
18109,0.46,0.31,10.0,0.01,-0.05,-0.02,14.28,-29.47,-44.56,5
18250,0.48,0.34,9.73,0.04,-0.04,-0.01,13.84,-29.01,-44.26,5
18385,0.45,0.46,9.84,0.02,-0.06,0.0,13.84,-29.68,-44.59,5
18521,0.45,0.37,9.86,0.01,-0.05,-0.0,13.99,-29.45,-45.03,5
18657,0.52,0.51,9.55,0.0,-0.09,0.01,12.99,-28.84,-44.53,5
18792,0.52,0.21,10.05,0.02,-0.03,-0.02,13.55,-28.41,-44.27,5
18928,0.57,0.66,9.92,0.01,-0.05,-0.03,13.53,-29.2,-45.31,5
19064,0.59,0.37,9.72,0.01,-0.03,0.0,13.5,-29.61,-44.8,5
19200,0.49,0.38,9.89,0.03,-0.05,0.01,13.52,-29.2,-44.72,5
19340,0.47,0.34,10.03,0.05,-0.05,-0.03,13.58,-29.86,-43.93,5
19476,0.52,0.59,10.01,0.02,-0.05,-0.03,13.36,-29.82,-44.15,5
19612,0.58,0.59,9.66,0.03,-0.06,-0.0,13.86,-29.58,-43.64,5
19748,0.57,0.47,10.1,0.02,-0.04,-0.01,13.52,-29.86,-44.9,5
19883,0.51,0.49,9.84,0.0,-0.04,0.01,14.09,-29.68,-43.77,5
20019,0.49,0.49,10.05,-0.02,-0.03,0.0,13.87,-29.49,-44.04,5
20155,0.55,0.49,9.98,0.01,-0.04,-0.01,14.06,-29.23,-43.29,5
20291,0.44,0.4,9.94,0.03,-0.02,0.01,13.84,-29.39,-43.86,5
20426,0.44,0.48,9.91,-0.0,-0.06,0.01,13.69,-29.13,-44.4,5
20567,0.44,0.28,9.65,0.02,-0.1,0.0,13.18,-29.23,-43.2,5
20703,0.48,0.74,9.88,0.0,-0.04,0.0,13.93,-28.59,-43.93,5
20838,0.53,0.77,10.07,-0.01,-0.09,0.02,13.43,-29.54,-44.08,5
20974,0.56,0.37,9.87,0.05,-0.03,0.01,13.74,-29.22,-44.72,5
21110,0.49,0.55,10.01,0.0,-0.04,0.02,13.61,-29.06,-44.11,5
21246,0.48,0.58,10.04,-0.03,-0.04,-0.02,13.69,-29.26,-44.55,5
21381,0.5,0.42,9.79,0.01,-0.06,-0.02,13.49,-29.44,-45.16,5
21517,0.55,0.37,9.86,0.07,-0.02,-0.05,13.81,-33.41,-44.53,5
21653,0.5,0.7,10.1,0.02,-0.04,0.0,13.55,-28.97,-43.88,5
21815,0.46,0.54,9.72,0.01,-0.05,0.01,13.5,-29.7,-44.12,5
21955,0.48,0.43,9.84,-0.01,-0.08,0.02,14.06,-29.96,-44.99,5
22094,0.52,0.54,9.82,0.02,-0.04,-0.0,14.1,-29.74,-44.21,5
22234,0.48,0.48,9.88,0.02,-0.05,0.0,14.7,-29.66,-44.17,5
22374,0.46,0.46,9.83,0.02,-0.04,-0.0,14.25,-29.77,-44.39,5
22513,0.46,0.48,9.94,0.02,-0.06,0.0,13.96,-29.41,-43.58,5
22653,0.48,0.56,9.9,0.02,-0.04,-0.01,14.29,-29.3,-44.17,5
22792,0.53,0.52,9.85,0.0,-0.02,-0.01,14.21,-29.83,-43.22,5
22938,0.49,0.5,9.79,0.01,-0.04,0.02,14.51,-29.47,-43.8,5
23078,0.43,0.5,9.91,0.02,-0.05,0.01,13.93,-29.82,-44.52,5
23217,0.45,0.44,9.89,0.02,-0.04,-0.01,14.48,-29.79,-44.2,5
23357,0.44,0.45,9.88,0.01,-0.03,-0.0,14.35,-29.63,-44.45,5
23497,0.46,0.63,9.92,0.0,-0.04,0.01,14.21,-33.54,-44.64,5
23636,0.42,0.44,9.78,0.01,-0.04,-0.0,14.25,-30.01,-44.14,5
23776,0.44,0.57,10.01,0.03,-0.07,-0.01,14.37,-30.55,-44.64,5
23916,0.45,0.49,9.88,0.01,-0.03,-0.0,14.25,-29.93,-43.98,5
24055,0.43,0.43,9.95,0.02,-0.05,0.0,14.48,-30.14,-44.61,5
24200,0.43,0.47,9.85,0.01,-0.04,-0.0,14.13,-30.24,-43.67,5
24339,0.44,0.54,9.98,0.01,-0.04,-0.0,14.06,-30.74,-43.19,5
24479,0.4,0.55,9.94,0.02,-0.05,0.01,14.19,-30.06,-43.39,5
24625,0.42,0.49,9.88,0.01,-0.03,-0.01,14.4,-30.3,-43.0,5
24764,0.41,0.48,9.82,0.01,-0.06,0.0,13.91,-30.47,-43.13,5
24904,0.39,0.54,10.02,0.01,-0.04,0.01,14.38,-29.64,-43.42,5
25043,0.39,0.49,9.88,0.02,-0.05,-0.0,14.25,-30.24,-42.91,5
25183,0.37,0.48,9.96,0.01,-0.04,-0.0,14.22,-30.47,-44.55,5
25323,0.4,0.52,9.92,0.01,-0.03,0.0,14.41,-30.09,-44.61,5
25467,0.35,0.53,9.91,0.01,-0.05,0.01,14.0,-30.66,-44.05,5
25607,0.4,0.53,9.95,0.01,-0.02,-0.01,14.25,-30.78,-43.96,5
25747,0.35,0.49,9.81,0.03,-0.05,0.01,14.7,-30.62,-44.91,5
25886,0.39,0.67,9.96,0.01,-0.06,0.0,14.12,-30.85,-43.8,5
26026,0.42,0.5,9.88,0.0,-0.12,0.02,14.03,-30.77,-48.25,5
26166,0.46,0.55,9.9,0.02,-0.04,0.01,13.9,-31.0,-43.61,5
26305,0.44,0.49,9.96,0.02,-0.04,-0.0,14.51,-30.33,-44.74,5
26445,0.46,0.59,9.74,0.03,-0.06,-0.02,14.29,-29.82,-43.13,5
26584,0.45,0.53,9.87,0.02,-0.07,-0.01,14.79,-30.68,-44.78,5
26730,0.44,0.6,10.06,0.02,-0.07,0.01,14.45,-30.36,-44.77,5
26871,0.4,0.51,9.92,0.02,-0.02,-0.01,14.31,-31.56,-43.98,5
27010,0.45,0.63,9.85,0.01,-0.04,-0.02,14.22,-31.1,-44.87,5
27150,0.45,0.6,9.98,0.03,-0.04,-0.01,14.6,-30.85,-44.15,5
27290,0.45,0.64,9.84,0.03,-0.07,-0.01,14.29,-31.45,-45.5,5
27429,0.48,0.59,10.1,0.01,-0.04,-0.03,14.92,-30.75,-43.85,5
27569,0.48,0.67,9.87,0.02,-0.05,-0.01,14.38,-31.2,-44.75,5
27708,0.5,0.69,9.96,0.01,-0.07,-0.0,14.28,-30.53,-42.6,5
27854,0.47,0.56,9.93,0.02,-0.02,-0.01,14.19,-31.01,-44.36,5
27994,0.41,0.68,10.05,-0.0,-0.02,0.0,14.38,-31.64,-44.75,5
28133,0.44,0.59,9.87,-0.0,-0.04,-0.01,14.19,-31.35,-44.39,5
28273,0.48,0.62,9.84,0.01,-0.05,0.0,14.81,-31.04,-44.29,5
28413,0.4,0.58,10.01,0.0,-0.04,0.01,14.53,-31.0,-44.56,5
28552,0.42,0.51,9.95,0.01,-0.02,-0.01,15.33,-30.81,-43.92,5
28692,0.42,0.61,9.74,-0.0,-0.05,0.0,14.44,-30.93,-44.46,5
28832,0.44,0.57,9.89,0.02,-0.06,0.0,14.78,-30.93,-44.68,5
28971,0.42,0.56,9.95,0.03,-0.07,-0.01,14.0,-31.35,-44.34,5
29116,0.46,0.6,10.19,-0.01,-0.02,-0.01,14.26,-30.66,-43.53,5
29255,0.4,0.34,9.79,-0.01,-0.08,0.03,14.19,-30.66,-44.04,5
29395,0.41,0.5,9.8,0.0,-0.06,-0.02,13.71,-30.14,-43.96,5
29535,0.48,0.56,10.0,0.01,-0.08,0.0,13.56,-30.21,-44.84,5
29674,0.51,0.63,9.83,0.02,-0.03,-0.02,13.75,-30.2,-44.01,5
29814,0.5,0.39,9.89,0.04,-0.06,-0.01,13.81,-30.17,-43.55,5
29954,0.48,0.27,9.95,0.03,-0.06,0.0,13.33,-29.9,-43.19,5
30093,0.52,0.63,9.95,0.0,-0.04,-0.01,13.99,-29.32,-43.47,5
30233,0.49,0.45,9.86,0.0,-0.01,-0.02,12.86,-30.23,-43.74,5
30378,0.42,0.54,9.84,0.01,-0.07,0.01,13.31,-29.7,-43.85,5
30518,0.46,0.32,9.82,0.05,-0.03,-0.03,13.93,-29.39,-43.51,5
30658,0.53,0.69,9.9,0.02,-0.04,0.0,14.45,-28.85,-43.38,5
30797,0.42,0.52,10.05,-0.01,-0.03,-0.0,13.86,-29.06,-44.01,5
30937,0.41,0.47,9.95,-0.03,-0.0,0.01,14.18,-29.89,-44.01,5
31077,0.4,0.5,10.01,0.02,-0.05,-0.02,14.95,-29.74,-44.45,5
31216,0.37,0.44,9.83,0.02,-0.05,-0.0,14.91,-29.76,-44.23,5
31356,0.37,0.51,9.97,0.0,-0.05,0.0,14.48,-29.76,-43.35,5
31501,0.35,0.53,9.99,0.01,-0.05,-0.0,14.66,-29.8,-43.47,5
31641,0.44,0.5,9.83,0.02,-0.04,-0.01,14.03,-30.43,-44.71,5
31781,0.4,0.45,9.92,0.03,-0.05,-0.0,14.24,-29.68,-44.31,5
31920,0.38,0.54,9.96,-0.01,-0.03,-0.01,13.39,-29.7,-43.86,5
32060,0.4,0.54,9.94,0.02,-0.05,-0.01,14.05,-29.47,-43.73,5
32200,0.33,0.46,9.89,0.02,-0.05,0.01,14.44,-29.87,-44.15,5
32339,0.41,0.47,9.81,0.01,-0.04,-0.01,13.99,-29.52,-44.2,5
32479,0.41,0.48,10.11,0.01,-0.04,-0.01,14.15,-30.15,-43.42,5
32619,0.42,0.47,9.87,0.01,-0.04,-0.0,13.81,-30.17,-43.53,5
