Timestamp,qw,qx,qy,qz,heading,pitch,roll
186,0.999881,-0.002709,-0.014724,-0.002460,179.722641,-1.688055,-0.306342
306,0.999538,-0.005764,-0.029462,-0.003772,179.586685,-3.379016,-0.648550
426,0.999023,-0.009351,-0.042938,-0.003649,179.626892,-4.925534,-1.056526
546,0.998382,-0.015762,-0.054349,-0.004786,179.547943,-6.238832,-1.784350
666,0.997766,-0.024311,-0.061443,-0.009358,179.094345,-7.069067,-2.735531
786,0.997630,-0.023642,-0.062204,-0.017247,178.182312,-7.176694,-2.601107
906,0.997662,-0.018841,-0.060678,-0.024996,177.251846,-7.008322,-1.995526
1026,0.997431,-0.022034,-0.061175,-0.029919,176.707870,-7.085745,-2.327131
1146,0.997136,-0.029477,-0.061303,-0.032926,176.414764,-7.134375,-3.162905
1266,0.997158,-0.024168,-0.060187,-0.038215,175.764648,-7.000528,-2.517598
1386,0.996754,-0.021447,-0.061637,-0.047055,174.728195,-7.174590,-2.134567
1506,0.996468,-0.022786,-0.060550,-0.053463,173.996735,-7.071602,-2.248565
1627,0.995949,-0.024169,-0.060826,-0.061590,173.069000,-7.130935,-2.347868
1747,0.995625,-0.020944,-0.061225,-0.067348,172.381409,-7.165435,-1.932426
1867,0.995092,-0.026219,-0.060410,-0.073804,171.672226,-7.128614,-2.498955
1987,0.994400,-0.024648,-0.060887,-0.082736,170.629150,-7.190662,-2.249605
2107,0.993941,-0.024492,-0.058315,-0.089851,169.802490,-6.910826,-2.205667
2227,0.993128,-0.029358,-0.059041,-0.096648,169.050537,-7.062079,-2.708702
2347,0.992477,-0.013679,-0.064355,-0.103212,168.178406,-7.502298,-0.801469
2468,0.990992,0.015438,-0.077422,-0.108133,167.338409,-8.633341,2.744593
2588,0.988769,-0.045537,-0.082961,-0.115634,167.022720,-10.054743,-4.127119
2708,0.989613,0.064828,-0.074422,-0.104477,167.385208,-7.686484,8.346771
2828,0.989725,0.006633,-0.085581,-0.114314,166.662384,-9.665017,1.900625
2948,0.987164,-0.076335,-0.076908,-0.117286,167.111359,-9.773151,-7.736858
3068,0.986548,0.082058,-0.083597,-0.113987,166.041473,-8.408990,10.540645
3188,0.986841,0.049849,-0.092875,-0.122577,165.229568,-9.850960,7.063477
3309,0.980701,-0.126183,-0.077783,-0.127454,166.444107,-10.645325,-13.394497
3429,0.989178,-0.039523,-0.069339,-0.123082,166.076340,-8.447697,-3.542697
3549,0.985667,0.075251,-0.077685,-0.129439,164.378815,-7.681228,9.786758
3669,0.984366,-0.085939,-0.072237,-0.135691,165.031525,-9.528436,-8.724301
3789,0.986742,-0.064801,-0.063602,-0.134488,164.939713,-8.218414,-6.426368
3909,0.984940,0.071306,-0.077050,-0.137344,163.499008,-7.596293,9.384598
4029,0.982128,-0.095867,-0.067126,-0.147376,163.726089,-9.213238,-9.829976
4150,0.987053,-0.075919,-0.058119,-0.128751,165.665298,-7.717145,-7.824560
4270,0.987397,0.055406,-0.070245,-0.130513,164.478821,-7.137892,7.397356
4390,0.986759,-0.014534,-0.073899,-0.143614,163.471207,-8.627863,-0.432158
4510,0.987034,-0.030520,-0.068459,-0.141907,163.808243,-8.268111,-2.363946
4630,0.984236,0.055019,-0.072196,-0.151760,161.993713,-7.204753,7.542025
4750,0.980756,-0.082195,-0.066038,-0.164290,161.621826,-9.006244,-8.121346
4870,0.985464,0.001905,-0.065282,-0.156805,161.828125,-7.358042,1.399868
4990,0.980054,0.090258,-0.079000,-0.158423,160.888596,-7.253006,11.746093
5110,0.975955,-0.126697,-0.060020,-0.166879,161.666519,-9.174423,-13.309646
5230,0.940239,-0.294391,-0.035972,-0.167278,162.691483,-9.563202,-33.311722
5350,0.891689,-0.422794,-0.012774,-0.161137,163.731979,-9.150966,-49.424835
5470,0.889034,-0.431383,-0.015949,-0.152528,164.882309,-9.204201,-50.543430
5590,0.935588,-0.313252,-0.053162,-0.153992,164.937210,-11.300292,-35.523922
5711,0.974802,-0.133624,-0.084581,-0.157299,163.121002,-11.942882,-13.832249
5831,0.982703,-0.029300,-0.090882,-0.158648,161.817734,-10.831182,-1.677341
5951,0.979768,0.082763,-0.105782,-0.148349,161.730698,-10.528644,11.354414
6071,0.966460,0.169627,-0.122657,-0.148759,160.425247,-10.755504,21.770123
6191,0.943413,0.265476,-0.139402,-0.141611,159.671936,-10.826681,33.379517
6311,0.883625,0.420719,-0.164000,-0.123682,158.722275,-10.705282,52.937191
6436,0.832370,0.507394,-0.183204,-0.127041,156.189697,-10.140807,64.874016
6557,0.783131,0.580446,-0.188504,-0.119353,155.742020,-9.014832,75.031418
6677,0.772088,0.593369,-0.192262,-0.121743,155.097458,-8.766534,77.025200
6797,0.786592,0.569359,-0.196565,-0.135854,153.712509,-8.889731,73.875648
6917,0.893812,0.355054,-0.194479,-0.192888,150.396103,-12.162389,46.554352
7037,0.948613,0.155340,-0.168725,-0.218003,151.209229,-14.618363,22.370962
7157,0.958210,0.066602,-0.146969,-0.236198,150.807571,-14.488793,11.743978
7277,0.960239,-0.005153,-0.119113,-0.252425,150.196045,-13.376889,2.960013
7399,0.958660,-0.063412,-0.093279,-0.261228,149.973587,-12.238207,-4.274889
7519,0.950512,-0.149929,-0.061622,-0.265032,150.329056,-11.339158,-14.914608
7639,0.935635,-0.231076,-0.032203,-0.264849,150.728485,-10.524837,-24.989670
7759,0.895774,-0.362051,0.011905,-0.257599,151.531723,-9.508872,-41.597172
7879,0.854872,-0.450833,0.042380,-0.253258,151.506958,-8.968690,-53.329601
7999,0.810750,-0.525838,0.065700,-0.248702,151.435623,-8.917996,-63.658443
8119,0.766925,-0.592553,0.087717,-0.230226,152.514633,-7.949317,-73.434303
8239,0.803096,-0.546988,0.060083,-0.228522,154.025589,-8.829402,-66.476746
8359,0.889372,-0.382636,-0.006880,-0.250102,153.319794,-11.749552,-43.761959
8479,0.941676,-0.209320,-0.062182,-0.256038,152.088577,-12.961661,-21.830154
8599,0.959126,-0.129857,-0.068699,-0.241838,152.950653,-11.220859,-12.713599
8719,0.962637,-0.111594,-0.076099,-0.234684,153.659058,-11.472099,-10.531847
8839,0.966223,-0.091300,-0.083983,-0.225866,154.523422,-11.743765,-8.132153
8960,0.964487,-0.093994,-0.089032,-0.230205,154.051819,-12.416541,-8.260975
9080,0.970939,-0.061002,-0.090287,-0.213064,155.723053,-11.614193,-4.683793
9200,0.965552,-0.060192,-0.096005,-0.234222,153.181747,-12.332995,-4.183267
9320,0.976475,-0.050051,-0.088487,-0.190140,158.325348,-11.060455,-3.744687
9440,0.968389,-0.036261,-0.099129,-0.225994,153.885010,-12.027425,-1.489523
9560,0.977706,-0.025575,-0.106046,-0.179394,159.282608,-12.505904,-0.702025
9680,0.973689,-0.008375,-0.111142,-0.198740,156.745712,-12.695224,1.636979
9818,0.972105,-0.016615,-0.111871,-0.205456,156.041092,-12.963404,0.803513
9938,0.977426,-0.008585,-0.110676,-0.179742,159.010345,-12.676177,1.351019
10058,0.973469,-0.014312,-0.115076,-0.197238,156.972321,-13.278936,1.032086
10178,0.980741,-0.016240,-0.107019,-0.162546,161.160278,-12.426953,0.172323
10298,0.970889,-0.002539,-0.112345,-0.211515,155.142029,-12.663460,2.502151
10418,0.977653,-0.003015,-0.114019,-0.176567,159.295975,-12.944462,2.020948
10538,0.967492,0.017225,-0.113462,-0.225345,153.246033,-12.226894,4.958025
10659,0.978577,0.013167,-0.118045,-0.168138,160.058914,-13.097235,3.853999
10779,0.972848,0.025869,-0.117763,-0.197535,156.412888,-12.645115,5.696946
10899,0.977289,0.025052,-0.118711,-0.173718,159.240479,-12.904500,5.310225
11019,0.977797,0.031606,-0.118342,-0.170000,159.602844,-12.749162,6.005571
11139,0.970185,0.031759,-0.107970,-0.214631,154.425552,-11.295459,6.321356
11259,0.977903,0.031346,-0.108642,-0.175814,159.021942,-11.622406,5.830777
11379,0.972118,0.019914,-0.111070,-0.205538,155.603409,-11.991066,4.948341
11500,0.980985,0.020559,-0.105720,-0.161433,160.867859,-11.582653,4.359666
11620,0.970666,0.023138,-0.110828,-0.212085,154.790222,-11.849421,5.389803
11740,0.973086,0.031003,-0.106738,-0.201843,155.966187,-11.257246,6.053359
11860,0.970107,0.018445,-0.117271,-0.211640,154.827377,-12.692729,5.023585
11980,0.965451,0.035983,-0.114171,-0.231441,152.298584,-11.759061,7.177824
12100,0.970427,0.018089,-0.118623,-0.209438,155.079697,-12.864894,4.989862
12220,0.960101,0.039007,-0.108802,-0.254635,149.564041,-10.897673,7.625920
12341,0.969381,0.025544,-0.115326,-0.215267,154.332672,-12.274314,5.825298
12461,0.961398,0.038121,-0.114107,-0.247452,150.360199,-11.568447,7.611914
12581,0.969035,0.020627,-0.114069,-0.218001,154.077637,-12.244254,5.267176
12701,0.962806,0.028084,-0.113835,-0.243410,150.956512,-11.860549,6.423962
12821,0.965052,0.027101,-0.112439,-0.235135,151.976318,-11.787054,6.168308
12941,0.963273,0.024913,-0.115663,-0.241035,151.253387,-12.170397,6.092778
13062,0.959989,0.034492,-0.112754,-0.253987,149.633087,-11.476432,7.239655
13182,0.964722,0.012342,-0.115438,-0.236274,151.971283,-12.526903,4.604346
13302,0.962667,0.014585,-0.114607,-0.244776,150.933609,-12.328549,4.943613
13422,0.957382,0.023405,-0.112062,-0.265153,148.414810,-11.663301,6.110104
13542,0.961205,0.015564,-0.110734,-0.252136,150.082596,-11.831099,5.026803
13662,0.964815,0.004225,-0.109177,-0.239136,151.785538,-12.043264,3.538999
13782,0.958133,0.008582,-0.104475,-0.266428,148.504272,-11.281476,4.217117
13902,0.955318,0.016233,-0.102192,-0.276861,147.195084,-10.734760,5.115402
14022,0.961436,0.003766,-0.102405,-0.255206,149.925842,-11.244115,3.478581
14142,0.962189,-0.008829,-0.101883,-0.252440,150.394516,-11.567286,2.015103
14262,0.955386,0.007631,-0.099115,-0.278112,147.159805,-10.669406,4.067849
14382,0.955005,0.020027,-0.104651,-0.276773,147.139908,-10.882735,5.620719
14502,0.962214,-0.000265,-0.105748,-0.250904,150.453842,-11.749763,3.077118
14622,0.959192,-0.002677,-0.100978,-0.264082,148.936447,-11.252275,2.816789
14742,0.955076,0.010266,-0.102907,-0.277716,147.141373,-11.003324,4.485414
14862,0.963696,-0.006913,-0.101100,-0.247006,151.033661,-11.436016,2.141224
14982,0.949856,0.005626,-0.100174,-0.296140,144.982391,-10.776018,4.087334
15102,0.963603,-0.005496,-0.098455,-0.248468,150.864822,-11.097257,2.238810
15222,0.950848,0.005561,-0.107006,-0.290513,145.590302,-11.552310,4.258330
15342,0.968364,0.008587,-0.101014,-0.228002,153.147675,-11.053189,3.662414
15462,0.957901,-0.011553,-0.111467,-0.264307,148.909119,-12.688785,2.161225
15583,0.959646,0.006683,-0.104369,-0.261024,149.176147,-11.351417,3.936796
15703,0.958830,-0.007110,-0.110516,-0.261481,149.209183,-12.453725,2.592093
15823,0.963227,0.008841,-0.105564,-0.246909,150.838669,-11.478387,4.046830
15943,0.954310,0.003837,-0.112881,-0.276635,147.226517,-12.317182,4.095637
16063,0.965607,0.012856,-0.111225,-0.234643,152.206818,-12.050094,4.517230
16183,0.954948,0.009784,-0.126010,-0.268500,147.982803,-13.615970,5.097487
16303,0.962525,0.003049,-0.122968,-0.241676,151.350906,-13.606074,3.852671
16425,0.953453,0.010345,-0.120833,-0.276063,147.124985,-12.985607,5.089391
16545,0.956999,0.006738,-0.121999,-0.263090,148.727448,-13.294703,4.543286
16665,0.963767,0.018416,-0.116199,-0.239382,151.519058,-12.424982,5.354311
16785,0.956428,0.004821,-0.119025,-0.266545,148.367294,-13.009245,4.277550
16905,0.959583,0.009291,-0.118446,-0.255101,149.706024,-12.860504,4.604436
17025,0.948640,0.018679,-0.121031,-0.291680,145.126556,-12.634608,6.238912
17147,0.961260,0.008062,-0.122147,-0.246953,150.660980,-13.347051,4.469774
17267,0.956599,0.014434,-0.117246,-0.266372,148.299057,-12.510880,5.294067
17387,0.961499,0.006550,-0.119818,-0.247210,150.675293,-13.130579,4.230286
17507,0.954800,0.017694,-0.115481,-0.273311,147.445633,-12.172201,5.689746
17627,0.954194,0.013560,-0.117186,-0.274933,147.272629,-12.484791,5.307496
17747,0.963509,0.024857,-0.116622,-0.239632,151.410156,-12.287601,6.097849
17867,0.948785,0.026414,-0.112151,-0.294147,144.872452,-11.377647,6.801410
17987,0.960890,0.020885,-0.119666,-0.248849,150.309082,-12.684216,5.865226
18107,0.949117,0.026971,-0.120233,-0.289802,145.276230,-12.274668,7.106469
18227,0.959055,0.012919,-0.118762,-0.256775,149.457596,-12.777472,5.045572
18347,0.951204,0.018346,-0.120146,-0.283604,146.126266,-12.601018,6.061297
18467,0.954607,0.007701,-0.112668,-0.275615,147.310379,-12.172847,4.506737
18587,0.952028,0.066098,-0.128637,-0.269663,147.147919,-12.080375,11.516654
18713,0.931194,0.171837,-0.168226,-0.273938,144.398315,-12.659473,24.990288
18834,0.865632,0.369287,-0.234512,-0.243526,142.364822,-13.069917,50.677834
18954,0.827113,0.436800,-0.264566,-0.234703,140.442810,-13.451145,60.533360
19074,0.766880,0.522493,-0.294126,-0.228862,137.647873,-12.237281,73.290649
19194,0.703642,0.596069,-0.310030,-0.231219,135.240082,-9.244929,84.350319
19314,0.674667,0.621858,-0.320480,-0.235374,133.674225,-8.030246,88.774895
19434,0.742519,0.519828,-0.312757,-0.283936,130.733704,-9.744805,74.467216
19554,0.852313,0.279179,-0.255480,-0.361030,128.766464,-13.527590,42.782169
19675,0.886123,0.136992,-0.198896,-0.395539,128.825363,-14.129881,24.368893
19795,0.900000,-0.011105,-0.131611,-0.415387,129.788330,-14.248403,5.289392
19915,0.894580,-0.118343,-0.074011,-0.424541,130.267059,-13.467879,-8.806868
20035,0.866979,-0.248617,0.006151,-0.431846,129.823227,-11.774614,-26.473518
20155,0.820314,-0.371172,0.078837,-0.427893,129.249985,-10.853683,-43.530880
20275,0.752234,-0.492657,0.151304,-0.410526,128.831909,-10.187193,-61.555695
20395,0.697666,-0.567807,0.200394,-0.388190,128.792313,-9.277534,-73.828079
20540,0.668692,-0.601831,0.229212,-0.371623,128.677887,-8.092017,-80.081947
20664,0.680552,-0.593656,0.219112,-0.369329,129.603943,-8.063740,-78.397797
20784,0.723382,-0.541658,0.179365,-0.388772,129.927200,-9.303532,-69.297173
20904,0.811014,-0.402490,0.086410,-0.415671,130.688553,-11.212456,-47.628479
21024,0.854937,-0.271345,0.000639,-0.442092,128.848404,-13.817327,-28.579264
21144,0.881416,-0.153861,-0.044067,-0.444390,127.986015,-12.382210,-13.744452
21266,0.894973,-0.075008,-0.072721,-0.433706,128.700943,-11.258081,-4.162020
21386,0.900424,-0.047092,-0.094114,-0.422081,129.803177,-12.077737,-0.313960
21506,0.909975,-0.050634,-0.099941,-0.399230,132.705414,-12.845192,-0.725948
21626,0.910306,-0.017126,-0.105058,-0.400005,132.236435,-11.827779,3.096351
21746,0.904283,0.079117,-0.133553,-0.397704,131.191864,-10.288777,14.678331
21866,0.907114,0.046659,-0.126386,-0.398730,131.484619,-11.074476,10.891862
21986,0.910964,-0.045669,-0.089163,-0.400125,132.644775,-11.478205,-0.692961
22108,0.908829,0.042522,-0.110622,-0.399970,131.676178,-9.616872,9.679922
22228,0.910475,-0.000694,-0.095240,-0.402436,131.923737,-10.019645,4.390885
22348,0.912259,-0.006787,-0.091097,-0.399288,132.419388,-9.882506,3.512988
22468,0.906861,0.000270,-0.094057,-0.410790,130.872543,-9.809368,4.526450
22588,0.921528,-0.024501,-0.085468,-0.377984,135.295868,-10.139471,1.132472
22708,0.919669,-0.020802,-0.081241,-0.383625,134.598572,-9.519876,1.398530
22828,0.914391,-0.026146,-0.086177,-0.394679,133.201584,-10.267080,1.176821
22954,0.928349,-0.023613,-0.077260,-0.362813,137.250397,-9.240735,0.709366
23074,0.920457,-0.023412,-0.085727,-0.380596,134.957428,-10.115688,1.289550
23194,0.925503,-0.029408,-0.087114,-0.367398,136.645569,-10.536222,0.558147
23315,0.929943,-0.018933,-0.087291,-0.356679,137.892151,-10.128523,1.574899
23436,0.928674,-0.013337,-0.090936,-0.359318,137.483292,-10.281453,2.363535
23556,0.933701,-0.018275,-0.097710,-0.343965,139.363449,-11.246840,1.933501
23679,0.927755,-0.008003,-0.103149,-0.358550,137.395950,-11.369363,3.457206
23800,0.923711,0.009811,-0.103295,-0.368759,135.965073,-10.579105,5.505280
23921,0.931636,-0.010164,-0.109573,-0.346318,138.860092,-12.192885,3.340582
24042,0.916206,0.003838,-0.114463,-0.383980,133.940918,-11.934675,5.568312
24163,0.923961,-0.013571,-0.116489,-0.364053,136.589142,-13.011287,3.515146
24283,0.919766,0.005539,-0.110006,-0.376682,134.912445,-11.430977,5.448324
24403,0.922574,-0.007233,-0.111706,-0.369213,135.943863,-12.207605,4.056524
24526,0.920713,0.008475,-0.114243,-0.373037,135.278458,-11.773696,5.912385
24647,0.923747,-0.004127,-0.112807,-0.365979,136.303955,-12.206229,4.397640
24768,0.932292,0.013273,-0.108372,-0.344822,138.837936,-11.122929,5.819236
24889,0.917387,0.019597,-0.115184,-0.380449,134.232681,-11.327995,7.241629
25010,0.929098,0.006814,-0.110318,-0.352919,137.865173,-11.547635,5.301644
25131,0.927319,0.020306,-0.108044,-0.357749,137.177658,-10.710891,6.719219
25252,0.921724,0.005607,-0.111049,-0.371553,135.539566,-11.568958,5.438800
25375,0.934724,0.006185,-0.110754,-0.337605,139.763870,-11.704986,5.058817
25495,0.923882,0.003269,-0.118586,-0.363815,136.416748,-12.517603,5.426832
25615,0.936571,0.002320,-0.113510,-0.331568,140.511032,-12.185766,4.672077
25735,0.920767,0.012214,-0.113558,-0.373008,135.258789,-11.537519,6.281889
25856,0.926536,-0.001868,-0.112242,-0.359056,137.156006,-12.083302,4.524627
25977,0.928022,0.001346,-0.099056,-0.359100,137.295868,-10.537855,4.295731
26098,0.926459,-0.009174,-0.104652,-0.361426,137.029480,-11.568647,3.432107
26221,0.931216,0.001645,-0.108622,-0.347889,138.562195,-11.604559,4.604755
26342,0.916477,0.011657,-0.119745,-0.381558,134.087387,-12.157032,6.622790
26463,0.929220,0.006228,-0.119877,-0.349474,138.157990,-12.616848,5.608029
26584,0.917063,0.021132,-0.124118,-0.378331,134.327057,-12.219576,7.801988
26705,0.925779,0.002003,-0.121959,-0.357837,137.125458,-12.966449,5.357653
26825,0.922229,0.001856,-0.120464,-0.367382,135.954239,-12.757597,5.408882
26945,0.920159,-0.004499,-0.124717,-0.371112,135.483322,-13.465419,4.972058
27068,0.933110,-0.008425,-0.117869,-0.339607,139.569214,-13.043616,3.786501
27189,0.915032,0.005391,-0.128024,-0.382476,133.888611,-13.307005,6.359832
27310,0.930143,-0.015608,-0.120400,-0.346535,138.751328,-13.579556,3.208849
27431,0.917182,0.004068,-0.118528,-0.380399,134.325592,-12.376062,5.736954
27552,0.930430,-0.002376,-0.115954,-0.347622,138.534592,-12.557891,4.477184
27673,0.920769,0.012876,-0.109896,-0.374075,135.176620,-11.113046,6.197439
27796,0.924249,-0.004686,-0.113779,-0.364400,136.493515,-12.341381,4.359699
27917,0.925829,0.004973,-0.111370,-0.361116,136.846039,-11.690675,5.252298
28038,0.925940,-0.003786,-0.119432,-0.358258,137.171616,-12.937449,4.623636
28158,0.926238,-0.000103,-0.113700,-0.359370,137.078934,-12.163418,4.784168
28278,0.918873,-0.003566,-0.118693,-0.376250,134.920746,-12.756719,4.867844
28399,0.935933,-0.006020,-0.108019,-0.335136,140.224258,-11.901616,3.581982
28520,0.927350,0.003367,-0.113951,-0.356396,137.412689,-12.060499,5.131522
28643,0.926359,-0.006862,-0.107518,-0.360892,137.038193,-11.779966,3.800805
28764,0.922817,-0.010082,-0.104069,-0.370766,135.876740,-11.510619,3.426284
28885,0.927738,-0.009309,-0.103361,-0.358501,137.411560,-11.446879,3.324466
29006,0.920642,-0.012752,-0.108830,-0.374705,135.345718,-12.119035,3.405540
29127,0.934572,-0.014936,-0.103702,-0.339984,139.761902,-11.770403,2.493839
29248,0.923245,-0.013378,-0.110156,-0.367826,136.198502,-12.312485,3.305499
29368,0.929206,-0.032369,-0.098542,-0.354696,138.155243,-11.893528,0.570910
29490,0.921786,-0.042577,-0.092645,-0.374040,135.882919,-11.691930,-0.537555
29610,0.925109,-0.043258,-0.091380,-0.365982,136.909912,-11.580007,-0.769092
29731,0.925479,-0.032581,-0.083161,-0.368107,136.615448,-10.248261,0.053449
29852,0.921338,-0.025371,-0.094520,-0.376231,135.435959,-11.143106,1.423350
29973,0.929494,-0.030855,-0.086016,-0.357325,137.921936,-10.483601,0.239634
