Time(ms),AccelX,AccelY,AccelZ,label
2784.968,0.156,-0.287,9.912,1
2921.971,0.356,-0.363,9.84,1
3060.031,0.139,-0.2,10.169,1
3198.001,0.192,-0.135,10.506,1
3334.981,0.079,-0.445,10.049,1
3473.028,0.236,-0.581,9.632,1
3610.984,-0.086,-0.529,9.77,1
3749.033,0.294,-0.249,10.482,1
3892.98,0.029,-0.462,9.646,1
4030.971,0.314,-0.47,9.882,1
4168.007,0.393,-0.141,9.336,1
4304.971,0.329,-0.321,9.882,1
4441.971,0.208,-0.378,10.064,1
4579.006,0.231,-0.422,9.868,1
4714.002,0.291,-0.515,9.957,1
4849.977,0.093,-0.446,9.921,1
4986.019,0.102,-0.534,9.733,1
5125.992,-0.018,-0.295,10.06,1
5261.989,0.071,-0.111,9.877,1
5397.987,0.057,-0.267,9.745,1
5533.998,-0.028,-0.222,9.792,1
5668.983,-0.035,-0.396,9.762,1
5805.004,-0.044,-0.367,9.868,1
5940.998,0.139,-0.339,9.813,1
6077.017,0.08,-0.368,9.881,1
6217.993,0.075,-0.384,9.985,1
6354.015,0.048,-0.444,10.002,1
6490.006,0.087,-0.441,9.951,1
6624.974,0.057,-0.513,9.957,1
6761.002,0.065,-0.451,9.814,1
6896.972,0.062,-0.383,9.982,1
7032.99,0.025,-0.475,9.869,1
7168.004,-0.092,-0.558,9.889,1
7303.976,0.029,-0.542,9.834,1
7445.028,0.042,-0.495,9.847,1
7580.973,-0.003,-0.44,9.822,1
7715.979,-0.086,-0.415,9.895,1
7851.969,-0.158,-0.488,9.805,1
7987.988,0.039,-0.381,9.963,1
8123.997,0.009,-0.357,9.861,1
8259.031,-0.013,-0.435,9.9,1
8395.04,0.016,-0.484,9.827,1
8530.965,0.013,-0.432,9.866,1
8670.999,-0.017,-0.408,9.931,1
8807.013,0.015,-0.414,9.936,1
8943.005,0.047,-0.485,9.939,1
9078.996,0.035,-0.433,9.92,1
9213.986,0.019,-0.466,9.85,1
9350.02,0.087,-0.452,10.007,1
9486.026,0.093,-0.529,9.862,1
9622.0,0.067,-0.501,9.976,1
9761.97,0.016,-0.737,9.733,1
9898.041,-0.051,-0.64,10.001,1
10033.999,-0.053,-0.699,9.806,1
10168.986,-0.127,-0.632,10.022,1
10305.029,-0.107,-0.689,9.853,1
10440.996,-0.093,-0.737,9.969,1
10577.032,-0.058,-0.677,9.917,1
10711.986,-0.061,-0.76,9.836,1
10848.011,-0.082,-0.695,9.988,1
10988.997,-0.068,-0.741,9.868,1
11125.01,-0.084,-0.607,9.882,1
11259.973,-0.025,-0.628,9.899,1
11395.978,-0.08,-0.659,9.89,1
11532.0,-0.019,-0.488,9.943,1
11666.999,-0.015,-0.585,9.906,1
11802.963,-0.037,-0.548,9.991,1
11939.048,-0.038,-0.579,9.925,1
12079.947,-0.018,-0.505,9.923,1
12214.972,-0.035,-0.544,9.953,1
12350.998,-0.049,-0.609,9.929,1
12487.025,-0.064,-0.596,9.959,1
12623.02,-0.051,-0.588,9.839,1
12758.017,-0.025,-0.57,9.935,1
12894.012,-0.033,-0.656,9.904,1
13029.971,-0.046,-0.62,9.92,1
13171.001,-0.073,-0.671,9.892,1
13307.009,-0.109,-0.633,9.881,1
13443.014,-0.04,-0.623,9.896,1
13579.036,-0.178,-0.632,9.967,1
13714.01,-0.123,-0.603,9.876,1
13850.004,-0.084,-0.591,9.93,1
13985.997,-0.043,-0.622,9.943,1
14122.028,-0.019,-0.609,9.798,1
14257.042,-0.08,-0.54,9.91,1
14398.978,-0.077,-0.54,9.91,1
14535.027,-0.045,-0.551,9.888,1
14670.003,-0.078,-0.573,9.934,1
14806.021,-0.018,-0.56,9.876,1
14942.006,-0.03,-0.516,9.866,1
15078.017,-0.021,-0.594,9.771,1
15212.977,0.006,-0.558,9.953,1
15348.993,0.006,-0.496,9.899,1
15489.971,-0.029,-0.544,9.863,1
15625.011,-0.008,-0.575,9.911,1
15760.992,-0.021,-0.556,9.888,1
15896.998,0.049,-0.544,9.896,1
16032.976,0.065,-0.55,9.82,1
16168.008,0.098,-0.491,9.925,1
16304.007,0.029,-0.527,9.908,1
16440.005,-0.027,-0.528,9.845,1
16575.982,-0.019,-0.465,9.907,1
16716.027,-0.025,-0.398,9.957,1
16851.996,0.0,-0.374,9.867,1
16988.01,-0.025,-0.198,9.96,1
17124.01,0.019,-0.262,9.818,1
17259.018,0.044,-0.231,9.934,1
17394.993,0.059,-0.213,9.858,1
17531.007,0.093,-0.123,9.939,1
17666.011,0.113,-0.189,9.959,1
17807.018,0.118,-0.226,9.915,1
17943.017,0.054,-0.153,9.972,1
18078.996,0.107,-0.115,9.992,1
18214.018,0.082,-0.15,10.01,1
18350.008,0.105,-0.107,9.911,1
18486.005,0.048,-0.093,9.877,1
18626.988,0.093,-0.101,9.956,1
18764.014,0.084,-0.08,9.982,1
18900.963,0.074,-0.098,9.858,1
19041.981,0.097,-0.025,9.952,1
19179.004,0.116,-0.05,9.955,1
19315.975,0.099,-0.094,9.917,1
19453.047,0.115,-0.128,9.815,1
19589.012,0.07,-0.124,9.939,1
19725.96,0.137,-0.084,9.885,1
19862.949,0.115,-0.116,9.952,1
19999.992,0.152,-0.137,9.893,1
20141.994,0.118,-0.139,9.826,1
20278.98,0.138,-0.14,9.846,1
20415.029,0.112,0.027,9.95,1
20549.972,0.121,-0.057,9.943,1
20686.973,0.178,-0.053,9.95,1
20823.013,0.157,-0.101,9.896,1
20959.04,0.047,-0.016,10.036,1
21108.012,0.171,-0.083,9.852,1
21244.016,0.091,-0.107,9.907,1
21421.997,0.095,-0.063,9.879,1
21562.016,0.129,-0.057,9.902,1
21701.999,0.182,0.038,10.03,1
21840.994,0.111,-0.039,9.863,1
21981.992,0.103,0.051,9.914,1
22121.978,0.126,0.041,9.784,1
22261.997,0.089,0.033,9.97,1
22402.035,0.073,0.036,9.841,1
22541.987,0.112,0.102,9.894,1
22687.985,0.108,0.086,9.957,1
22829.997,0.173,0.046,9.962,1
22969.02,0.161,0.064,9.846,1
23108.974,0.146,0.036,9.968,1
23248.991,0.161,0.009,9.928,1
23388.024,0.136,-0.003,9.941,1
23528.018,0.219,0.028,9.95,1
23667.01,0.185,0.028,9.905,1
23812.998,0.114,-0.007,9.878,1
23953.003,0.129,-0.036,9.942,1
24091.981,0.17,-0.027,9.874,1
24232.007,0.163,-0.026,9.894,1
24372.009,0.256,-0.031,9.941,1
24510.979,0.193,-0.079,9.905,1
24650.98,0.245,-0.116,9.936,1
24791.01,0.253,-0.07,9.884,1
24930.023,0.197,-0.091,9.89,1
25075.998,0.199,-0.112,9.919,1
25214.96,0.197,-0.126,9.904,1
25354.99,0.208,-0.053,9.911,1
25494.962,0.243,-0.096,9.856,1
25633.993,0.188,-0.094,9.939,1
25774.003,0.207,-0.049,9.866,1
25913.995,0.203,-0.003,9.93,1
26053.023,0.161,-0.065,9.985,1
26198.983,0.165,-0.038,9.953,1
26338.028,0.171,-0.144,9.86,1
26477.991,0.218,-0.059,9.896,1
26618.026,0.225,-0.085,9.927,1
26757.009,0.162,-0.109,9.885,1
26897.012,0.154,-0.083,9.909,1
27036.989,0.178,-0.108,9.944,1
27175.987,0.141,-0.105,9.978,1
27315.992,0.19,-0.142,9.917,1
27460.965,0.203,-0.134,9.951,1
27600.977,0.191,-0.222,9.914,1
27740.943,0.191,-0.18,9.904,1
27879.982,0.21,-0.101,9.941,1
28058.978,0.161,-0.13,9.897,1
28199.028,0.164,-0.124,9.934,1
28338.024,0.19,-0.188,9.937,1
28484.969,0.17,-0.102,9.939,1
28629.978,0.226,-0.081,9.94,1
28769.97,0.185,-0.16,9.845,1
28909.991,0.178,-0.13,9.95,1
29049.009,0.134,-0.161,10.021,1
29189.005,0.208,-0.111,9.883,1
29329.027,0.188,-0.172,9.856,1
29468.042,0.214,-0.145,9.899,1
29607.992,0.25,-0.076,9.959,1
29748.019,0.201,-0.13,9.893,1
29893.015,0.188,-0.174,9.869,1
30033.03,0.202,-0.119,9.983,1
30171.981,0.171,-0.105,9.926,1
30313.023,0.137,-0.153,9.83,1
30453.996,0.116,-0.132,9.866,1
30592.994,0.167,-0.154,9.989,1
30732.983,0.193,-0.078,9.953,1
30873.024,0.138,-0.181,9.925,1
31017.978,0.164,-0.04,9.971,1
31158.012,0.162,-0.142,9.958,1
31296.953,0.17,-0.164,9.957,1
31437.044,0.163,-0.175,9.967,1
31576.989,0.158,-0.174,9.897,1
31715.993,0.174,-0.161,9.91,1
31856.003,0.204,-0.143,9.966,1
31996.042,0.206,-0.207,9.966,1
32134.981,0.188,-0.157,9.919,1
32280.984,0.221,-0.175,9.862,1
32419.978,0.169,-0.123,9.873,1
32560.011,0.179,-0.144,9.898,1
32700.016,0.266,-0.175,9.889,1
2785.025,0.168,-0.334,9.938,1
2922.015,0.367,-0.343,9.845,1
3059.994,0.148,-0.202,10.188,1
3197.997,0.149,-0.171,10.474,1
3335.026,0.084,-0.397,10.055,1
3473.015,0.207,-0.557,9.633,1
3611.025,-0.043,-0.536,9.759,1
3748.966,0.309,-0.28,10.471,1
3892.987,0.029,-0.478,9.656,1
4031.009,0.338,-0.441,9.857,1
4168.002,0.399,-0.108,9.393,1
4304.98,0.332,-0.309,9.886,1
4442.027,0.22,-0.359,10.072,1
4579.02,0.16,-0.406,9.847,1
4714.017,0.228,-0.501,9.981,1
4850.054,0.084,-0.475,9.92,1
4985.939,0.107,-0.538,9.741,1
5126.004,-0.016,-0.285,10.067,1
5261.941,0.016,-0.1,9.894,1
5397.971,0.043,-0.253,9.721,1
5534.004,-0.034,-0.23,9.757,1
5669.03,-0.07,-0.366,9.76,1
5805.001,-0.019,-0.385,9.857,1
5940.981,0.095,-0.382,9.813,1
6076.999,0.081,-0.391,9.893,1
6218.014,0.107,-0.396,9.962,1
6353.974,0.073,-0.424,9.974,1
6489.994,0.068,-0.432,9.936,1
6624.99,0.088,-0.465,9.936,1
6760.977,0.076,-0.518,9.8,1
6896.979,0.059,-0.394,9.954,1
7033.023,-0.003,-0.456,9.896,1
7167.979,-0.048,-0.561,9.884,1
7304.017,0.018,-0.508,9.875,1
7444.997,0.067,-0.521,9.854,1
7580.982,0.029,-0.461,9.794,1
7716.034,-0.044,-0.377,9.91,1
7851.969,-0.15,-0.485,9.768,1
7988.01,0.062,-0.379,9.964,1
8124.006,0.048,-0.425,9.852,1
8258.98,-0.025,-0.396,9.915,1
8394.987,0.012,-0.478,9.855,1
8531.011,-0.002,-0.456,9.878,1
8671.037,-0.01,-0.413,9.945,1
8807.001,-0.029,-0.429,9.959,1
8942.977,0.038,-0.472,9.963,1
9079.02,-0.005,-0.432,9.915,1
9214.001,0.048,-0.446,9.85,1
9349.999,0.09,-0.439,9.999,1
9486.036,0.094,-0.509,9.846,1
9622.008,0.084,-0.539,9.966,1
9761.984,0.03,-0.728,9.732,1
9897.985,-0.066,-0.609,10.006,1
10034.029,-0.037,-0.659,9.787,1
10168.998,-0.077,-0.64,10.029,1
10304.985,-0.077,-0.668,9.874,1
10440.988,-0.064,-0.692,9.958,1
10577.011,-0.097,-0.666,9.942,1
10711.992,-0.056,-0.72,9.843,1
10848.015,-0.111,-0.714,9.99,1
10988.978,-0.083,-0.724,9.902,1
11125.011,-0.07,-0.615,9.876,1
11259.998,-0.052,-0.588,9.906,1
11396.009,-0.064,-0.635,9.925,1
11532.006,-0.039,-0.535,9.966,1
11666.996,-0.025,-0.501,9.899,1
11802.997,-0.082,-0.584,10.017,1
11938.977,-0.004,-0.514,9.938,1
12080.003,0.008,-0.527,9.861,1
12215.014,-0.024,-0.567,9.948,1
12351.024,-0.059,-0.595,9.891,1
12487.011,-0.038,-0.592,9.994,1
12622.972,-0.021,-0.59,9.815,1
12758.02,-0.024,-0.605,9.924,1
12893.998,-0.019,-0.632,9.878,1
13029.991,-0.079,-0.589,9.899,1
13170.987,-0.022,-0.671,9.898,1
13306.998,-0.097,-0.713,9.875,1
13442.989,-0.112,-0.649,9.853,1
13578.993,-0.185,-0.591,9.942,1
13713.966,-0.065,-0.612,9.832,1
13850.008,-0.05,-0.551,9.926,1
13985.976,-0.114,-0.635,9.921,1
14121.971,-0.004,-0.596,9.782,1
14257.001,-0.043,-0.508,9.88,1
14399.019,-0.032,-0.514,9.897,1
14534.979,-0.046,-0.534,9.903,1
14669.99,-0.039,-0.551,9.918,1
14805.978,-0.065,-0.559,9.903,1
14942.003,-0.011,-0.578,9.918,1
15078.013,0.013,-0.577,9.833,1
15213.009,0.036,-0.536,9.939,1
15349.036,-0.009,-0.52,9.908,1
15489.97,-0.03,-0.532,9.89,1
15624.995,-0.029,-0.541,9.909,1
15760.956,-0.03,-0.542,9.875,1
15896.995,-0.01,-0.547,9.908,1
16033.013,0.033,-0.525,9.871,1
16168.029,0.028,-0.475,9.917,1
16303.982,0.007,-0.503,9.901,1
16440.005,0.001,-0.501,9.864,1
16575.97,-0.002,-0.511,9.927,1
16715.99,0.022,-0.413,9.939,1
16851.975,-0.059,-0.434,9.872,1
16988.019,0.03,-0.214,9.952,1
17123.998,0.037,-0.268,9.798,1
17259.006,0.014,-0.266,9.927,1
17394.977,0.056,-0.258,9.91,1
17531.004,0.096,-0.117,9.92,1
17666.021,0.097,-0.184,9.963,1
17807.029,0.137,-0.194,9.893,1
17942.949,0.042,-0.146,9.969,1
18079.004,0.127,-0.068,9.988,1
18213.992,0.072,-0.153,9.979,1
18350.009,0.089,-0.128,9.916,1
18485.96,0.06,-0.099,9.907,1
18626.99,0.068,-0.079,9.952,1
18763.991,0.085,-0.082,10.007,1
18900.983,0.076,-0.068,9.891,1
19041.98,0.053,-0.076,9.941,1
19178.993,0.118,-0.01,9.93,1
19315.979,0.096,-0.092,9.885,1
19453.015,0.092,-0.133,9.829,1
19588.969,0.09,-0.093,9.895,1
19725.987,0.173,-0.08,9.879,1
19863.008,0.131,-0.102,9.926,1
20000.007,0.092,-0.138,9.851,1
20141.968,0.139,-0.19,9.78,1
20278.994,0.145,-0.074,9.863,1
20414.992,0.127,-0.022,9.959,1
20549.991,0.113,-0.007,9.93,1
20686.983,0.148,0.003,9.941,1
20822.979,0.151,-0.08,9.896,1
20959.053,0.086,-0.013,10.017,1
21108.014,0.114,-0.068,9.893,1
21243.994,0.122,-0.131,9.924,1
21422.021,0.178,-0.079,9.858,1
21561.994,0.107,-0.037,9.905,1
21701.976,0.175,0.06,9.992,1
21841.007,0.097,-0.046,9.917,1
21981.992,0.08,0.036,9.966,1
22122.01,0.111,0.041,9.825,1
22261.946,0.09,0.051,9.981,1
22402.001,0.059,0.081,9.898,1
22541.994,0.115,0.098,9.9,1
22687.985,0.104,0.036,9.935,1
22830.022,0.154,0.08,9.959,1
22969.047,0.142,0.069,9.869,1
23109.026,0.136,0.019,9.981,1
23248.993,0.152,0.005,9.925,1
23388.033,0.127,-0.033,9.945,1
23528.018,0.19,-0.056,9.931,1
23666.998,0.163,0.021,9.884,1
23812.991,0.157,0.002,9.912,1
23953.015,0.127,-0.012,9.938,1
24091.967,0.186,-0.057,9.913,1
24231.977,0.166,-0.083,9.868,1
24372.024,0.233,-0.041,9.959,1
24510.994,0.207,-0.077,9.89,1
24650.974,0.23,-0.069,9.958,1
24790.97,0.221,-0.102,9.921,1
24929.981,0.214,-0.101,9.926,1
25075.971,0.203,-0.136,9.933,1
25214.976,0.231,-0.127,9.895,1
25354.981,0.18,-0.049,9.908,1
25494.952,0.178,-0.115,9.83,1
25633.997,0.174,-0.105,9.958,1
25773.937,0.249,-0.056,9.893,1
25913.973,0.211,-0.034,9.933,1
26053.022,0.207,-0.027,9.979,1
26199.02,0.193,-0.066,9.974,1
26338.022,0.231,-0.16,9.847,1
26477.965,0.244,-0.071,9.863,1
26618.052,0.192,-0.078,9.908,1
26756.987,0.217,-0.122,9.942,1
26896.99,0.207,-0.12,9.927,1
27036.991,0.178,-0.09,9.95,1
27176.002,0.174,-0.117,9.942,1
27316.014,0.205,-0.145,9.925,1
27461.026,0.149,-0.136,9.951,1
27600.974,0.196,-0.201,9.914,1
27740.951,0.197,-0.22,9.877,1
27879.999,0.22,-0.14,9.934,1
28059.03,0.188,-0.12,9.903,1
28198.996,0.163,-0.127,9.946,1
28338.027,0.144,-0.197,9.944,1
28484.977,0.186,-0.093,9.919,1
28630.017,0.191,-0.152,9.888,1
28770.007,0.197,-0.212,9.895,1
28910.015,0.163,-0.127,10.004,1
29048.99,0.147,-0.164,10.0,1
29188.997,0.198,-0.153,9.904,1
29328.999,0.172,-0.165,9.876,1
29467.974,0.238,-0.136,9.926,1
29607.97,0.242,-0.086,9.942,1
29747.995,0.211,-0.192,9.868,1
29892.998,0.202,-0.128,9.887,1
30032.993,0.206,-0.145,9.972,1
30172.02,0.203,-0.152,9.93,1
30313.007,0.131,-0.189,9.857,1
30454.005,0.156,-0.196,9.895,1
30593.012,0.165,-0.082,10.019,1
30733.017,0.178,-0.086,9.99,1
30872.993,0.158,-0.184,9.933,1
31017.975,0.166,-0.063,9.979,1
31157.977,0.165,-0.143,9.967,1
31296.979,0.175,-0.166,9.978,1
31437.041,0.182,-0.129,9.969,1
31577.032,0.177,-0.151,9.915,1
31716.064,0.206,-0.123,9.899,1
31856.007,0.209,-0.117,9.971,1
31995.996,0.223,-0.174,9.956,1
32135.004,0.175,-0.187,9.953,1
32281.006,0.215,-0.187,9.896,1
32420.012,0.163,-0.154,9.923,1
32559.976,0.14,-0.153,9.929,1
32700.003,0.244,-0.133,9.895,1
2785.015,0.18,-0.308,9.942,1
2922.038,0.357,-0.371,9.832,1
3060.018,0.156,-0.239,10.179,1
3197.972,0.194,-0.114,10.474,1
3334.978,0.082,-0.448,10.052,1
3473.02,0.239,-0.578,9.626,1
3611.043,-0.08,-0.527,9.781,1
3748.994,0.287,-0.281,10.495,1
3892.968,0.048,-0.506,9.657,1
4030.981,0.37,-0.482,9.866,1
4167.962,0.385,-0.105,9.298,1
4304.984,0.322,-0.302,9.855,1
4442.0,0.22,-0.36,10.08,1
4579.002,0.225,-0.415,9.889,1
4714.013,0.246,-0.504,9.976,1
4849.988,0.106,-0.433,9.898,1
4985.998,0.106,-0.541,9.737,1
5125.988,-0.035,-0.302,10.145,1
5261.993,0.061,-0.116,9.842,1
5397.951,0.025,-0.23,9.772,1
5533.98,-0.037,-0.249,9.751,1
5669.021,-0.052,-0.359,9.753,1
5804.955,-0.002,-0.407,9.88,1
5940.998,0.133,-0.398,9.81,1
6077.023,0.069,-0.406,9.896,1
6218.007,0.051,-0.432,9.93,1
6354.007,0.036,-0.43,9.972,1
6489.995,0.059,-0.473,9.908,1
6625.013,0.068,-0.495,9.943,1
6760.973,0.077,-0.466,9.812,1
6897.008,0.037,-0.366,9.96,1
7032.984,-0.026,-0.42,9.82,1
7167.99,-0.045,-0.552,9.906,1
7303.999,0.015,-0.506,9.808,1
7444.948,0.059,-0.509,9.861,1
7581.03,0.016,-0.451,9.837,1
7715.941,-0.093,-0.469,9.958,1
7851.992,-0.152,-0.499,9.806,1
7988.019,0.029,-0.319,9.978,1
8124.022,-0.045,-0.369,9.871,1
8259.005,0.007,-0.403,9.912,1
8394.997,0.001,-0.472,9.818,1
8531.0,0.021,-0.427,9.842,1
8670.964,-0.026,-0.436,9.892,1
8806.987,-0.023,-0.442,9.951,1
8943.023,0.049,-0.489,9.93,1
9078.977,0.02,-0.426,9.904,1
9213.999,0.068,-0.454,9.836,1
9349.967,0.094,-0.416,10.011,1
9486.027,0.072,-0.532,9.827,1
9621.986,0.052,-0.502,9.965,1
9762.021,0.02,-0.683,9.725,1
9898.01,-0.07,-0.59,10.002,1
10034.009,-0.025,-0.723,9.817,1
10169.002,-0.044,-0.653,10.006,1
10304.975,-0.156,-0.671,9.867,1
10441.004,-0.043,-0.7,9.925,1
10576.992,-0.058,-0.677,9.952,1
10712.005,-0.119,-0.742,9.841,1
10848.011,-0.065,-0.678,9.997,1
10989.009,-0.101,-0.7,9.893,1
11125.022,-0.032,-0.614,9.894,1
11259.964,-0.048,-0.604,9.937,1
11395.967,-0.037,-0.641,9.891,1
11532.002,-0.073,-0.517,9.947,1
11666.997,0.009,-0.549,9.891,1
2663.995,-9.717,1.737,-0.55,2
2800.004,-9.663,1.651,-0.488,2
2936.958,-9.558,1.649,-0.604,2
3074.012,-9.606,1.476,-0.326,2
3209.975,-9.688,1.888,-0.128,2
3347.013,-9.693,1.701,-0.387,2
3484.004,-9.565,1.829,-0.502,2
3621.026,-9.727,1.733,-0.2,2
3764.015,-9.704,1.506,-0.335,2
3900.963,-9.549,1.605,-0.644,2
4038.033,-9.823,1.416,-0.232,2
4173.992,-9.621,1.841,-0.272,2
4310.969,-9.611,1.629,-0.278,2
4448.024,-9.695,1.485,-0.577,2
4582.97,-9.776,1.492,-0.492,2
4719.014,-9.596,1.908,-0.429,2
4854.976,-9.579,1.751,-0.183,2
4997.009,-9.643,1.653,-0.349,2
5133.015,-9.655,1.596,-0.351,2
5269.008,-9.645,1.729,-0.442,2
5405.016,-9.627,1.771,-0.425,2
5540.994,-9.573,1.689,-0.148,2
5676.014,-9.65,1.786,-0.312,2
5811.973,-9.667,1.753,-0.301,2
5947.985,-9.605,1.582,-0.308,2
6083.013,-9.704,1.74,-0.474,2
6225.017,-9.518,1.976,-0.548,2
6361.007,-9.652,1.594,-0.442,2
6497.004,-9.623,1.837,-0.388,2
6631.981,-9.629,1.858,-0.411,2
6768.011,-9.667,1.687,-0.448,2
6904.015,-9.738,1.583,-0.387,2
7039.97,-9.623,1.606,-0.444,2
7175.034,-9.655,1.643,-0.541,2
7315.998,-9.615,1.729,-0.045,2
7451.999,-9.663,1.414,-0.24,2
7587.037,-9.654,1.718,-0.787,2
7722.973,-9.634,1.85,-0.144,2
7859.015,-9.641,1.595,-0.145,2
7994.983,-9.708,1.796,-0.679,2
8129.978,-9.691,1.606,-0.222,2
8265.949,-9.559,1.861,-0.149,2
8401.952,-9.636,1.674,-0.271,2
8541.994,-9.61,1.781,-0.264,2
8679.009,-9.585,1.78,-0.614,2
8815.002,-9.714,1.824,-0.093,2
8951.019,-9.604,1.912,-0.221,2
9086.005,-9.583,1.901,-0.502,2
9222.013,-9.708,1.473,-0.536,2
9358.015,-9.71,1.844,-0.46,2
9493.988,-9.597,2.004,-0.377,2
9629.027,-9.602,1.897,-0.275,2
9770.02,-9.65,1.739,-0.491,2
9906.036,-9.603,1.827,-0.461,2
10040.971,-9.609,1.882,-0.17,2
10176.989,-9.704,1.553,-0.371,2
10312.978,-9.625,1.734,-0.486,2
10448.993,-9.592,1.892,-0.331,2
10583.964,-9.564,1.872,-0.233,2
10719.995,-9.649,1.793,-0.407,2
10861.004,-9.606,1.862,-0.378,2
10997.011,-9.621,1.831,-0.483,2
11131.994,-9.628,2.035,-0.534,2
11268.019,-9.76,1.775,-0.23,2
11403.989,-9.646,1.574,-0.47,2
11539.985,-9.711,1.554,-0.596,2
11675.007,-9.741,1.632,-0.267,2
11810.982,-9.587,1.819,-0.274,2
11946.999,-9.652,1.827,-0.411,2
12087.016,-9.616,1.839,-0.473,2
12222.985,-9.555,1.629,-0.409,2
12358.982,-9.721,1.765,-0.36,2
12494.972,-9.561,1.853,-0.309,2
12630.026,-9.6,1.839,-0.276,2
12766.054,-9.563,1.922,-0.309,2
12901.972,-9.631,1.754,-0.353,2
13037.995,-9.636,1.892,-0.425,2
13172.991,-9.572,1.78,-0.402,2
13314.984,-9.59,1.989,-0.238,2
13451.022,-9.587,1.578,-0.253,2
13585.977,-9.692,1.748,-0.341,2
13722.031,-9.733,1.578,-0.228,2
13857.999,-9.646,1.681,-0.442,2
13993.98,-9.652,1.616,-0.321,2
14129.043,-9.679,1.748,-0.298,2
14264.972,-9.667,1.607,-0.463,2
14406.006,-9.625,1.877,-0.563,2
14541.002,-9.679,1.754,-0.391,2
14676.945,-9.631,1.779,-0.323,2
14812.987,-9.762,1.797,-0.251,2
14948.968,-9.718,1.623,-0.591,2
15083.992,-9.698,1.664,-0.397,2
15220.039,-9.696,1.662,-0.286,2
15355.98,-9.606,1.823,-0.195,2
15492.011,-9.721,1.683,-0.235,2
15632.013,-9.521,1.984,-0.524,2
15767.995,-9.599,1.958,-0.25,2
15904.023,-9.657,1.648,-0.394,2
16040.012,-9.626,1.606,-0.432,2
16175.035,-9.59,1.84,-0.296,2
16311.036,-9.643,1.72,-0.326,2
16447.0,-9.556,1.938,-0.503,2
16582.99,-9.639,1.705,-0.333,2
16722.993,-9.625,1.716,-0.406,2
16858.975,-9.691,1.594,-0.356,2
16995.033,-9.725,1.692,-0.341,2
17136.99,-9.706,1.921,-0.427,2
17272.998,-9.71,1.506,-0.287,2
17409.013,-9.624,1.774,-0.637,2
17544.001,-9.635,1.979,-0.449,2
17680.008,-9.631,1.836,-0.143,2
17815.959,-9.587,1.743,-0.35,2
17966.997,-9.616,1.984,-0.284,2
18113.008,-9.611,1.645,-0.32,2
18249.003,-9.644,1.903,-0.566,2
18384.002,-9.606,1.737,-0.201,2
18520.016,-9.75,1.752,-0.363,2
18655.994,-9.641,1.697,-0.471,2
18790.986,-9.629,1.906,-0.178,2
18926.995,-9.688,1.676,-0.558,2
19068.983,-9.621,1.725,-0.368,2
19204.978,-9.646,1.755,-0.348,2
19340.002,-9.642,1.771,-0.469,2
19475.969,-9.654,1.645,-0.414,2
19612.02,-9.643,1.52,-0.318,2
19747.987,-9.601,1.802,-0.524,2
19883.021,-9.682,1.822,-0.196,2
20019.009,-9.717,1.689,-0.294,2
20155.006,-9.599,1.909,-0.43,2
20295.02,-9.651,1.567,-0.082,2
20431.001,-9.682,1.57,-0.508,2
20567.016,-9.594,1.828,-0.366,2
20702.99,-9.71,1.64,-0.226,2
20837.99,-9.69,1.539,-0.384,2
20974.032,-9.671,1.748,-0.302,2
21109.996,-9.622,1.823,-0.44,2
21246.004,-9.609,1.981,-0.271,2
21403.012,-9.626,1.438,-0.231,2
21541.989,-9.661,1.437,-0.595,2
21681.987,-9.603,1.849,-0.31,2
21821.943,-9.636,2.058,-0.358,2
21960.974,-9.572,2.009,-0.172,2
22100.976,-9.625,1.428,-0.488,2
22240.991,-9.613,1.601,-0.351,2
22379.962,-9.655,1.934,-0.254,2
22519.977,-9.61,1.692,-0.224,2
22666.006,-9.669,1.78,-0.48,2
22804.995,-9.585,1.788,-0.353,2
22945.006,-9.614,1.745,-0.26,2
23083.99,-9.599,1.833,-0.283,2
23223.996,-9.617,1.777,-0.302,2
23363.985,-9.551,1.972,-0.469,2
23502.978,-9.602,1.701,-0.424,2
23642.992,-9.67,1.66,-0.325,2
23788.033,-9.587,2.104,-0.408,2
23927.993,-9.597,1.962,-0.292,2
24067.98,-9.667,1.708,-0.474,2
24208.021,-9.675,1.74,-0.588,2
24347.013,-9.593,1.809,-0.337,2
24487.003,-9.615,1.969,-0.257,2
24626.006,-9.611,1.938,-0.152,2
24766.014,-9.688,1.642,-0.434,2
24905.978,-9.633,1.78,-0.495,2
25051.043,-9.675,1.824,-0.211,2
25191.017,-9.671,1.796,-0.398,2
25330.974,-9.566,1.656,-0.35,2
25470.004,-9.628,1.871,-0.419,2
25609.996,-9.515,1.813,-0.174,2
25749.997,-9.678,1.7,-0.238,2
25889.016,-9.606,2.0,-0.499,2
26029.016,-9.653,1.85,-0.227,2
26168.031,-9.606,1.936,-0.814,2
26313.015,-9.56,1.831,-0.369,2
26452.975,-9.701,1.659,-0.343,2
26592.002,-9.586,2.025,-0.302,2
26732.01,-9.561,1.944,-0.172,2
26872.001,-9.676,1.742,-0.592,2
27010.988,-9.578,1.979,-0.331,2
27150.99,-9.594,1.757,-0.463,2
27291.023,-9.609,1.975,-0.329,2
27436.012,-9.631,1.799,-0.435,2
27575.98,-9.586,1.938,-0.35,2
27715.028,-9.634,1.908,-0.268,2
27854.987,-9.651,1.762,-0.506,2
27994.978,-9.607,2.067,-0.433,2
28134.028,-9.606,1.946,-0.139,2
28274.032,-9.676,1.661,-0.519,2
28413.982,-9.578,2.0,-0.58,2
28553.003,-9.694,1.918,-0.185,2
28698.002,-9.607,1.948,-0.304,2
28837.007,-9.607,1.864,-0.544,2
28976.997,-9.571,1.8,-0.339,2
29117.006,-9.644,1.982,-0.327,2
29255.996,-9.671,1.791,-0.404,2
29395.998,-9.678,1.742,-0.484,2
29535.987,-9.492,1.965,-0.397,2
29674.969,-9.613,2.001,-0.203,2
29820.002,-9.659,1.912,-0.434,2
29960.009,-9.508,2.054,-0.299,2
30099.997,-9.593,1.985,-0.329,2
30240.031,-9.599,1.77,-0.329,2
30379.007,-9.628,1.72,-0.477,2
30519.001,-9.628,1.679,-0.263,2
30659.025,-9.585,1.954,-0.237,2
30797.995,-9.581,1.797,-0.255,2
30937.998,-9.706,1.799,-0.225,2
31082.993,-9.672,1.736,-0.371,2
31221.984,-9.546,2.245,-0.413,2
31361.989,-9.641,1.929,-0.137,2
31501.001,-9.534,1.648,-0.171,2
31640.958,-9.726,1.594,-0.161,2
31781.015,-9.667,1.83,-0.374,2
31919.988,-9.732,1.459,-0.465,2
32059.969,-9.6,1.808,-0.366,2
32204.991,-9.696,1.697,-0.147,2
32344.02,-9.607,1.625,-0.409,2
32484.023,-9.715,1.694,-0.265,2
32624.01,-9.617,1.892,0.059,2
2663.994,-9.686,1.698,-0.548,2
2799.988,-9.703,1.662,-0.468,2
2936.992,-9.562,1.669,-0.564,2
3073.998,-9.62,1.439,-0.38,2
3209.991,-9.712,1.934,-0.141,2
3347.013,-9.713,1.63,-0.396,2
3483.984,-9.568,1.798,-0.532,2
3621.018,-9.771,1.746,-0.194,2
3763.98,-9.701,1.492,-0.319,2
3901.001,-9.548,1.616,-0.654,2
4037.966,-9.828,1.405,-0.251,2
4174.014,-9.603,1.826,-0.268,2
4310.984,-9.623,1.629,-0.297,2
4448.018,-9.677,1.462,-0.549,2
4583.013,-9.771,1.472,-0.531,2
4719.02,-9.626,1.89,-0.36,2
4855.012,-9.625,1.771,-0.153,2
4996.97,-9.649,1.673,-0.385,2
5132.977,-9.673,1.612,-0.393,2
5269.005,-9.62,1.705,-0.472,2
5405.002,-9.631,1.753,-0.386,2
5540.978,-9.61,1.668,-0.128,2
5676.002,-9.615,1.743,-0.322,2
5811.99,-9.626,1.746,-0.319,2
5947.992,-9.578,1.601,-0.352,2
6082.994,-9.694,1.753,-0.544,2
6224.98,-9.576,2.003,-0.534,2
6361.005,-9.655,1.637,-0.451,2
6497.031,-9.667,1.848,-0.381,2
6631.978,-9.627,1.811,-0.423,2
6767.988,-9.668,1.698,-0.443,2
6904.012,-9.731,1.597,-0.412,2
7040.005,-9.635,1.597,-0.462,2
7174.994,-9.691,1.624,-0.557,2
7315.971,-9.625,1.732,-0.103,2
7452.014,-9.681,1.409,-0.275,2
7587.011,-9.619,1.761,-0.782,2
7723.02,-9.592,1.874,-0.128,2
7858.994,-9.666,1.591,-0.176,2
7994.981,-9.7,1.803,-0.651,2
8130.026,-9.697,1.653,-0.276,2
8266.024,-9.61,1.829,-0.14,2
8402.029,-9.664,1.668,-0.316,2
8541.993,-9.586,1.749,-0.221,2
8679.011,-9.551,1.799,-0.599,2
8815.002,-9.73,1.81,-0.119,2
8951.01,-9.563,1.896,-0.252,2
9086.029,-9.606,1.818,-0.502,2
9222.03,-9.691,1.538,-0.522,2
9358.067,-9.652,1.807,-0.438,2
9493.995,-9.596,2.005,-0.342,2
9628.998,-9.617,1.898,-0.258,2
9769.997,-9.67,1.711,-0.463,2
9905.99,-9.608,1.836,-0.446,2
10041.012,-9.638,1.933,-0.179,2
10177.008,-9.719,1.525,-0.341,2
10313.014,-9.614,1.758,-0.482,2
10449.009,-9.581,1.928,-0.28,2
10583.979,-9.576,1.883,-0.241,2
10720.003,-9.662,1.772,-0.4,2
10860.997,-9.609,1.872,-0.363,2
10997.006,-9.63,1.789,-0.485,2
11132.023,-9.611,1.996,-0.511,2
11268.005,-9.756,1.759,-0.212,2
11404.014,-9.642,1.598,-0.496,2
11540.003,-9.69,1.536,-0.609,2
11675.005,-9.738,1.621,-0.284,2
11810.977,-9.598,1.783,-0.298,2
11947.002,-9.661,1.835,-0.397,2
12086.999,-9.664,1.879,-0.507,2
12223.003,-9.576,1.597,-0.381,2
12358.986,-9.663,1.751,-0.311,2
12495.009,-9.542,1.824,-0.285,2
12629.977,-9.552,1.848,-0.276,2
12765.982,-9.576,1.926,-0.285,2
12902.018,-9.656,1.774,-0.359,2
13037.981,-9.617,1.901,-0.449,2
13172.967,-9.575,1.77,-0.378,2
13315.013,-9.55,2.028,-0.2,2
13451.02,-9.606,1.558,-0.299,2
13585.995,-9.623,1.745,-0.38,2
13722.011,-9.667,1.594,-0.262,2
13858.028,-9.664,1.697,-0.415,2
13994.012,-9.676,1.612,-0.31,2
14129.024,-9.721,1.768,-0.313,2
14264.998,-9.691,1.625,-0.438,2
14406.026,-9.625,1.866,-0.587,2
14540.993,-9.656,1.746,-0.383,2
14677.003,-9.595,1.769,-0.292,2
14813.024,-9.782,1.759,-0.239,2
14949.001,-9.713,1.622,-0.649,2
15083.975,-9.673,1.613,-0.425,2
15220.022,-9.692,1.702,-0.282,2
15356.03,-9.593,1.821,-0.155,2
15492.018,-9.679,1.716,-0.257,2
15631.994,-9.547,1.974,-0.497,2
15768.02,-9.612,1.95,-0.274,2
15904.019,-9.647,1.632,-0.388,2
16039.976,-9.598,1.638,-0.463,2
16174.98,-9.601,1.868,-0.308,2
16310.994,-9.605,1.673,-0.309,2
16446.995,-9.589,1.939,-0.464,2
16582.987,-9.616,1.682,-0.348,2
16722.988,-9.633,1.685,-0.455,2
16858.995,-9.655,1.59,-0.435,2
16995.007,-9.705,1.714,-0.352,2
17136.988,-9.694,1.931,-0.375,2
17272.996,-9.746,1.479,-0.272,2
17409.014,-9.619,1.804,-0.657,2
17544.011,-9.598,1.956,-0.387,2
17679.971,-9.631,1.82,-0.121,2
17815.955,-9.586,1.691,-0.323,2
17967.005,-9.588,1.983,-0.259,2
18113.008,-9.646,1.658,-0.312,2
18248.994,-9.596,1.859,-0.561,2
18384.055,-9.644,1.744,-0.255,2
18519.986,-9.771,1.735,-0.332,2
18656.004,-9.663,1.666,-0.469,2
18791.021,-9.656,1.891,-0.187,2
18927.012,-9.696,1.659,-0.521,2
19068.993,-9.657,1.711,-0.334,2
19205.005,-9.626,1.76,-0.342,2
19340.034,-9.62,1.777,-0.506,2
19475.985,-9.652,1.608,-0.362,2
19611.974,-9.67,1.529,-0.337,2
19748.001,-9.651,1.783,-0.551,2
19882.967,-9.663,1.849,-0.186,2
20018.977,-9.682,1.704,-0.258,2
20154.961,-9.566,1.888,-0.452,2
20295.002,-9.691,1.536,-0.09,2
20430.993,-9.693,1.585,-0.463,2
20566.981,-9.61,1.879,-0.36,2
20702.996,-9.715,1.651,-0.202,2
20837.99,-9.656,1.545,-0.376,2
20974.012,-9.623,1.728,-0.295,2
21109.989,-9.584,1.805,-0.423,2
21246.002,-9.591,1.981,-0.265,2
21403.0,-9.598,1.465,-0.229,2
21542.038,-9.661,1.485,-0.585,2
21682.001,-9.603,1.831,-0.326,2
21821.993,-9.602,2.055,-0.378,2
21961.02,-9.608,1.951,-0.157,2
22101.028,-9.596,1.453,-0.506,2
22240.987,-9.617,1.619,-0.365,2
22380.019,-9.675,1.899,-0.286,2
22520.009,-9.652,1.739,-0.246,2
22666.016,-9.638,1.755,-0.511,2
22804.98,-9.648,1.811,-0.385,2
22944.993,-9.628,1.777,-0.244,2
23084.008,-9.63,1.803,-0.232,2
23223.999,-9.626,1.715,-0.303,2
23363.99,-9.578,1.969,-0.498,2
23502.995,-9.603,1.735,-0.446,2
23643.019,-9.666,1.638,-0.318,2
23787.974,-9.555,2.058,-0.405,2
23928.008,-9.601,1.959,-0.312,2
24068.032,-9.637,1.736,-0.522,2
24208.009,-9.654,1.715,-0.585,2
24346.992,-9.638,1.802,-0.348,2
24486.978,-9.593,1.91,-0.289,2
24626.003,-9.608,1.987,-0.144,2
24765.974,-9.694,1.61,-0.495,2
24905.991,-9.588,1.761,-0.454,2
25051.011,-9.643,1.804,-0.267,2
25190.982,-9.633,1.781,-0.384,2
25330.997,-9.604,1.702,-0.347,2
25469.971,-9.627,1.843,-0.446,2
25610.024,-9.516,1.816,-0.213,2
25750.013,-9.696,1.689,-0.31,2
25888.986,-9.583,1.962,-0.527,2
26028.99,-9.684,1.871,-0.192,2
26168.01,-9.569,1.961,-0.789,2
26313.0,-9.588,1.862,-0.32,2
26453.019,-9.72,1.697,-0.343,2
26592.004,-9.604,2.012,-0.349,2
26731.959,-9.56,1.935,-0.139,2
26871.97,-9.638,1.757,-0.609,2
27010.974,-9.594,1.979,-0.356,2
27151.014,-9.599,1.772,-0.433,2
27291.01,-9.599,1.976,-0.325,2
27436.006,-9.646,1.805,-0.47,2
27575.98,-9.558,1.945,-0.301,2
27714.987,-9.577,1.881,-0.267,2
27854.995,-9.634,1.768,-0.479,2
27995.021,-9.595,2.076,-0.423,2
28134.026,-9.586,1.94,-0.118,2
28274.044,-9.615,1.719,-0.542,2
28413.986,-9.526,2.014,-0.619,2
28553.004,-9.699,1.849,-0.197,2
28698.047,-9.653,1.97,-0.319,2
28837.015,-9.606,1.83,-0.535,2
28977.01,-9.59,1.842,-0.349,2
29116.987,-9.635,1.999,-0.324,2
29255.989,-9.673,1.79,-0.412,2
29395.977,-9.654,1.703,-0.462,2
29536.014,-9.523,1.989,-0.348,2
29675.008,-9.6,2.01,-0.181,2
29820.032,-9.622,1.893,-0.444,2
29960.009,-9.535,2.053,-0.298,2
30100.024,-9.577,1.964,-0.373,2
30239.979,-9.63,1.777,-0.315,2
30378.993,-9.6,1.732,-0.499,2
30519.001,-9.626,1.676,-0.262,2
30658.993,-9.588,1.899,-0.23,2
30797.999,-9.569,1.809,-0.285,2
30938.006,-9.668,1.793,-0.212,2
31083.021,-9.711,1.748,-0.446,2
31222.001,-9.546,2.251,-0.433,2
31362.057,-9.629,1.945,-0.156,2
31501.047,-9.544,1.685,-0.109,2
31640.956,-9.708,1.597,-0.156,2
31781.007,-9.658,1.836,-0.342,2
31920.046,-9.734,1.492,-0.447,2
32060.002,-9.624,1.79,-0.368,2
32205.015,-9.743,1.701,-0.126,2
32344.008,-9.613,1.582,-0.424,2
32483.971,-9.677,1.707,-0.24,2
32624.016,-9.669,1.91,0.035,2
2664.024,-9.698,1.699,-0.549,2
2800.002,-9.69,1.611,-0.498,2
2937.006,-9.558,1.672,-0.56,2
3073.99,-9.627,1.473,-0.38,2
3210.026,-9.706,1.944,-0.098,2
3347.018,-9.696,1.676,-0.425,2
3484.009,-9.55,1.831,-0.531,2
3620.976,-9.743,1.739,-0.21,2
3763.983,-9.734,1.513,-0.335,2
3900.956,-9.596,1.635,-0.688,2
4037.985,-9.86,1.374,-0.253,2
4174.013,-9.612,1.859,-0.266,2
4310.992,-9.615,1.665,-0.304,2
4447.99,-9.663,1.464,-0.598,2
4582.989,-9.788,1.52,-0.563,2
4719.018,-9.636,1.886,-0.398,2
4855.01,-9.602,1.773,-0.194,2
4997.021,-9.63,1.642,-0.338,2
5133.045,-9.639,1.592,-0.356,2
5269.015,-9.616,1.702,-0.483,2
5405.022,-9.654,1.771,-0.433,2
5540.995,-9.598,1.67,-0.146,2
5676.008,-9.636,1.797,-0.292,2
5811.99,-9.586,1.728,-0.302,2
5948.001,-9.565,1.588,-0.352,2
6082.985,-9.691,1.753,-0.458,2
6225.012,-9.536,1.962,-0.511,2
6360.999,-9.659,1.628,-0.477,2
6497.004,-9.602,1.814,-0.398,2
6632.011,-9.657,1.807,-0.409,2
6767.983,-9.642,1.677,-0.412,2
6904.037,-9.715,1.606,-0.397,2
7039.97,-9.657,1.584,-0.397,2
7175.026,-9.622,1.641,-0.502,2
7316.029,-9.618,1.716,-0.093,2
7452.034,-9.685,1.408,-0.248,2
7587.003,-9.678,1.751,-0.767,2
7722.979,-9.633,1.817,-0.146,2
7859.02,-9.661,1.605,-0.173,2
7995.013,-9.721,1.807,-0.636,2
8129.996,-9.667,1.623,-0.282,2
8266.018,-9.601,1.833,-0.187,2
8401.994,-9.65,1.689,-0.313,2
8541.971,-9.58,1.801,-0.263,2
8679.045,-9.529,1.82,-0.646,2
8815.008,-9.733,1.825,-0.125,2
8950.993,-9.62,1.956,-0.221,2
9085.997,-9.561,1.85,-0.454,2
9221.982,-9.714,1.525,-0.495,2
9357.982,-9.681,1.782,-0.461,2
9493.978,-9.603,1.99,-0.402,2
9629.0,-9.598,1.913,-0.257,2
9770.018,-9.686,1.684,-0.472,2
9906.019,-9.59,1.831,-0.45,2
10040.996,-9.625,1.911,-0.205,2
10177.029,-9.701,1.495,-0.385,2
10312.973,-9.622,1.722,-0.506,2
10449.017,-9.575,1.92,-0.362,2
10584.008,-9.586,1.867,-0.24,2
10720.0,-9.65,1.756,-0.396,2
10861.003,-9.624,1.845,-0.365,2
10996.984,-9.617,1.828,-0.548,2
11131.999,-9.611,2.038,-0.542,2
11268.01,-9.718,1.767,-0.157,2
3160.976,0.057,0.144,9.892,3
3296.997,-0.025,-0.041,9.896,3
3434.03,0.067,0.264,9.741,3
3570.988,0.053,0.157,10.021,3
3708.017,-0.014,0.22,10.137,3
3843.966,-0.023,0.106,10.112,3
3981.001,-0.082,0.07,9.758,3
4117.983,-0.036,-0.116,10.045,3
4260.995,-0.064,0.333,9.875,3
4398.97,-0.065,0.047,10.081,3
4535.981,-0.081,-0.023,10.101,3
4671.951,-0.043,0.176,9.938,3
4809.001,0.038,0.143,9.817,3
4945.956,0.093,-0.013,9.75,3
5082.001,0.072,0.078,9.965,3
5217.002,0.054,0.051,9.788,3
5353.012,-0.104,0.148,10.069,3
5493.999,0.002,-0.046,10.068,3
5630.007,0.14,0.141,10.254,3
5765.994,0.08,0.108,9.733,3
5902.041,0.15,0.038,9.847,3
6038.014,0.079,-0.007,10.261,3
6173.003,0.108,0.04,9.872,3
6308.993,0.27,-0.018,9.899,3
6445.007,0.243,-0.066,9.837,3
6585.957,0.2,-0.213,10.17,3
6721.996,0.245,-0.223,9.841,3
6857.969,0.245,-0.013,9.778,3
6994.014,0.27,-0.054,9.625,3
7128.957,0.37,-0.299,10.515,3
7264.988,0.352,0.202,9.255,3
7401.011,0.38,-0.213,10.228,3
7536.984,0.307,-0.336,9.779,3
7671.977,0.339,0.096,9.709,3
7813.985,0.331,0.142,9.799,3
7950.024,0.411,-0.147,9.982,3
8085.008,0.465,0.2,10.14,3
8220.995,0.534,-0.138,9.802,3
8356.981,0.43,0.024,9.741,3
8492.991,0.49,-0.048,9.878,3
8628.016,0.447,0.202,9.803,3
8764.011,0.508,0.005,9.93,3
8900.004,0.552,-0.121,10.098,3
9041.008,0.469,0.011,9.811,3
9176.006,0.496,-0.419,9.901,3
9312.006,0.45,-0.332,9.947,3
9448.008,0.468,-0.06,10.165,3
9582.975,0.47,-0.365,9.686,3
9719.019,0.424,-0.169,9.737,3
9854.997,0.595,-0.031,10.11,3
9991.011,0.567,-0.071,10.121,3
10126.013,0.482,-0.044,9.763,3
10267.033,0.582,-0.3,9.729,3
10403.031,0.538,-0.283,9.959,3
10538.975,0.582,-0.353,10.078,3
10673.991,0.596,-0.261,10.005,3
10809.999,0.54,-0.167,9.955,3
10946.007,0.497,-0.178,9.931,3
11081.995,0.536,-0.097,10.1,3
11217.013,0.463,-0.493,9.912,3
11357.995,0.596,-0.16,9.988,3
11493.998,0.59,-0.149,10.002,3
11629.002,0.587,-0.065,9.808,3
11765.007,0.568,-0.168,10.011,3
11900.997,0.56,-0.283,10.153,3
12037.008,0.487,-0.279,9.953,3
12172.012,0.52,-0.432,9.887,3
12307.999,0.501,-0.366,9.888,3
12443.979,0.55,-0.34,9.817,3
12585.018,0.58,-0.104,9.683,3
12720.991,0.632,-0.335,10.209,3
12857.019,0.589,-0.242,9.953,3
12993.014,0.514,-0.557,9.877,3
13127.984,0.564,-0.389,9.847,3
13263.995,0.435,-0.174,9.701,3
13399.995,0.58,-0.602,10.144,3
13536.027,0.555,-0.584,9.988,3
13675.966,0.547,0.131,9.925,3
13813.016,0.577,-0.351,10.048,3
13949.0,0.574,-0.369,9.964,3
14084.001,0.681,-0.363,9.755,3
14220.022,0.575,-0.079,9.98,3
14356.034,0.555,-0.465,9.901,3
14492.009,0.593,-0.453,9.833,3
14626.986,0.606,-0.319,9.919,3
14762.991,0.483,-0.043,10.111,3
14904.007,0.53,-0.58,10.082,3
15039.988,0.566,-0.573,9.529,3
15175.009,0.579,-0.39,9.717,3
15310.981,0.589,-0.309,9.827,3
15447.007,0.624,-0.305,9.919,3
15582.991,0.583,-0.589,9.92,3
15718.018,0.533,-0.44,9.627,3
15853.994,0.573,-0.506,9.965,3
15994.998,0.645,-0.693,9.92,3
16130.027,0.542,-0.378,9.853,3
16265.979,0.598,-0.383,9.993,3
16402.028,0.65,-0.681,9.884,3
16537.992,0.671,-0.524,9.89,3
16673.021,0.625,-0.475,9.922,3
16808.991,0.703,-0.286,9.943,3
16944.999,0.638,-0.364,9.737,3
17080.987,0.682,-0.472,9.987,3
17221.018,0.695,-0.492,10.06,3
17357.019,0.63,-0.379,9.731,3
17492.991,0.613,-0.547,10.057,3
17628.006,0.673,-0.361,9.788,3
17763.994,0.65,-0.309,9.81,3
17899.994,0.655,-0.558,9.911,3
18035.956,0.657,-0.488,9.635,3
18170.998,0.563,-0.532,9.757,3
18312.009,0.62,-0.344,9.853,3
18447.987,0.656,-0.38,9.874,3
18582.963,0.706,-0.521,10.006,3
18719.005,0.647,-0.529,9.965,3
18855.013,0.68,-0.667,9.836,3
18998.01,0.722,-0.702,9.952,3
19132.98,0.748,-0.569,9.91,3
19269.011,0.745,-0.557,10.06,3
19410.989,0.763,-0.575,9.828,3
19550.96,0.707,-0.592,10.159,3
19686.986,0.703,-0.637,9.844,3
19823.007,0.68,-0.595,9.749,3
19957.973,0.759,-0.726,9.883,3
20093.99,0.765,-0.42,9.891,3
20230.005,0.691,-0.498,10.045,3
20365.997,0.769,-0.482,9.856,3
20500.996,0.706,-0.737,9.875,3
20643.019,0.763,-0.522,10.143,3
20779.016,0.765,-0.634,9.81,3
20914.966,0.762,-0.782,9.872,3
21049.985,0.692,-1.647,8.802,3
21185.968,0.837,-0.665,9.855,3
21322.023,0.798,-0.54,9.804,3
21457.976,0.767,-0.831,9.856,3
21593.034,0.736,-0.96,9.838,3
21729.012,0.69,-0.434,9.527,3
21886.016,0.845,-0.61,9.841,3
22025.987,0.719,-0.592,9.67,3
22165.979,0.855,-0.795,10.147,3
22305.004,0.791,-0.653,9.733,3
22444.992,0.833,-0.541,9.606,3
22583.994,0.829,-0.626,9.656,3
22723.991,0.865,-0.704,9.939,3
22863.993,0.887,-0.735,9.828,3
23008.999,0.87,-0.588,9.851,3
23148.996,0.79,-0.777,9.738,3
23289.016,0.866,-0.853,9.891,3
23428.006,0.899,-0.469,9.709,3
23567.995,0.916,-0.683,9.901,3
23707.966,0.986,-0.709,9.855,3
23847.004,0.916,-0.344,9.617,3
23987.008,0.866,-0.63,9.818,3
24126.0,0.994,-0.751,9.735,3
24272.006,0.94,-0.718,9.779,3
24412.003,0.92,-0.52,9.829,3
24551.013,0.847,-0.318,9.923,3
24691.002,0.887,-0.687,9.703,3
24830.991,0.802,-0.52,9.631,3
24969.979,0.936,-0.511,9.882,3
25110.01,0.93,-0.615,9.894,3
25250.011,1.017,-0.739,9.994,3
25393.994,0.865,-0.58,9.612,3
25534.013,0.941,-0.661,9.72,3
25672.998,0.938,-0.703,9.917,3
25812.989,0.951,-0.512,10.099,3
25952.964,0.957,-0.392,10.005,3
26092.005,0.923,-0.641,9.983,3
26231.992,0.928,-0.605,9.983,3
26372.001,0.96,-0.694,9.899,3
26510.963,0.986,-0.605,9.814,3
26656.028,0.954,-0.586,9.855,3
26795.01,0.96,-0.687,9.924,3
26935.021,0.96,-0.759,9.718,3
27075.017,0.961,-0.663,9.961,3
27213.991,0.901,-0.796,9.711,3
27353.998,0.979,-0.689,9.742,3
27494.021,0.926,-0.848,9.899,3
27633.024,0.998,-0.503,9.847,3
27778.966,0.943,-0.648,9.891,3
27918.029,0.93,-0.811,9.941,3
28057.975,0.839,-0.698,9.78,3
28197.998,1.004,-0.506,9.994,3
28336.99,1.006,-0.627,10.074,3
28476.981,0.954,-0.555,9.878,3
28617.007,0.927,-0.629,9.898,3
28756.033,0.913,-0.703,9.952,3
28896.014,0.831,-0.647,9.956,3
29041.025,0.811,-0.693,9.786,3
29180.982,0.827,-0.626,9.859,3
29320.98,0.838,-0.591,9.851,3
29460.011,0.911,-0.674,9.784,3
29600.004,0.908,-0.641,9.717,3
29739.983,0.914,-0.7,9.976,3
29878.996,0.897,-0.677,10.052,3
30018.993,0.923,-0.71,10.075,3
30163.992,0.877,-0.627,9.782,3
30302.977,0.921,-0.621,9.885,3
30443.008,0.946,-0.731,9.97,3
30583.032,0.837,-0.534,9.996,3
30722.005,0.897,-0.963,9.783,3
30862.006,0.955,-0.306,9.758,3
31001.01,0.873,-0.682,9.81,3
31141.002,0.853,-0.424,9.844,3
31280.996,0.845,-0.633,9.875,3
31426.018,0.802,-0.655,9.743,3
31565.986,0.813,-0.48,9.649,3
31706.005,0.801,-0.481,9.698,3
31844.998,0.892,-0.505,9.685,3
31984.981,0.819,-0.502,9.474,3
32124.979,0.89,-0.587,9.799,3
32263.984,0.7,-0.785,10.231,3
32404.005,0.696,-0.489,9.911,3
32542.991,0.8,-0.526,9.464,3
32688.008,0.941,-0.672,10.007,3
32827.997,0.911,-0.276,10.207,3
32967.011,0.868,-0.273,9.72,3
33106.998,0.884,-0.673,9.878,3
3160.986,0.029,0.16,9.864,3
3297.027,-0.027,-0.056,9.903,3
3434.045,0.057,0.261,9.767,3
3571.018,0.039,0.15,10.033,3
3708.002,-0.013,0.242,10.145,3
3844.008,-0.039,0.093,10.105,3
3981.002,-0.068,0.003,9.736,3
4118.004,-0.015,-0.068,10.013,3
4261.024,-0.07,0.324,9.834,3
4398.999,-0.056,0.059,10.115,3
4536.011,-0.076,-0.011,10.035,3
4672.015,-0.075,0.16,9.912,3
4808.974,0.027,0.207,9.791,3
4945.98,0.029,0.003,9.701,3
5081.996,0.054,0.056,9.948,3
5217.016,0.028,0.099,9.74,3
5352.999,-0.088,0.129,10.072,3
5494.006,0.004,-0.057,9.999,3
5630.009,0.154,0.133,10.241,3
5765.995,0.086,0.102,9.795,3
5902.012,0.178,0.049,9.847,3
6037.979,0.068,-0.037,10.199,3
6173.014,0.125,0.062,9.854,3
6308.976,0.298,-0.041,9.924,3
6445.009,0.244,-0.028,9.794,3
6586.011,0.224,-0.219,10.175,3
6722.001,0.283,-0.176,9.849,3
6858.013,0.239,-0.028,9.777,3
6993.993,0.26,-0.032,9.607,3
7128.94,0.361,-0.29,10.496,3
7265.015,0.252,0.158,9.283,3
7401.013,0.398,-0.2,10.194,3
7536.994,0.327,-0.303,9.802,3
7672.015,0.327,0.095,9.661,3
7813.972,0.37,0.179,9.814,3
7950.017,0.417,-0.109,9.99,3
8085.014,0.472,0.2,10.1,3
8221.007,0.51,-0.152,9.801,3
8357.013,0.466,0.054,9.768,3
8492.998,0.491,-0.038,9.879,3
8628.015,0.416,0.212,9.804,3
8764.061,0.506,0.015,9.918,3
8900.018,0.536,-0.105,10.119,3
9040.989,0.476,0.046,9.786,3
9176.017,0.503,-0.407,9.892,3
9311.994,0.437,-0.27,9.903,3
9447.978,0.443,-0.078,10.168,3
9583.003,0.472,-0.41,9.69,3
9719.021,0.475,-0.189,9.786,3
9855.002,0.574,-0.04,10.075,3
9990.999,0.555,-0.041,10.146,3
10125.973,0.454,-0.06,9.777,3
10266.974,0.583,-0.256,9.763,3
10403.005,0.557,-0.252,9.957,3
10539.0,0.539,-0.38,10.104,3
10674.032,0.55,-0.247,9.984,3
10809.984,0.541,-0.153,9.936,3
10945.983,0.474,-0.204,9.862,3
11081.983,0.546,-0.085,10.1,3
11217.033,0.514,-0.457,9.899,3
11358.004,0.589,-0.181,9.978,3
11494.007,0.626,-0.137,9.985,3
11628.966,0.566,0.0,9.802,3
11764.98,0.569,-0.161,10.024,3
11900.981,0.591,-0.279,10.153,3
12036.993,0.54,-0.29,9.984,3
12171.999,0.479,-0.396,9.939,3
12308.007,0.5,-0.334,9.828,3
12444.009,0.545,-0.32,9.845,3
12584.999,0.585,-0.07,9.67,3
12721.023,0.609,-0.317,10.209,3
12856.991,0.592,-0.27,9.936,3
12992.985,0.52,-0.58,9.881,3
13127.989,0.549,-0.405,9.82,3
13263.981,0.482,-0.234,9.699,3
13400.01,0.531,-0.562,10.121,3
13535.97,0.599,-0.543,9.957,3
13675.963,0.581,0.12,9.9,3
13812.979,0.542,-0.32,10.053,3
13948.979,0.586,-0.349,9.947,3
14083.995,0.634,-0.372,9.718,3
14220.004,0.549,-0.069,10.02,3
14356.008,0.628,-0.408,9.935,3
14492.021,0.61,-0.494,9.822,3
14627.005,0.613,-0.316,9.945,3
14762.996,0.474,-0.021,10.127,3
14903.991,0.519,-0.595,10.108,3
15040.007,0.559,-0.569,9.518,3
15175.02,0.563,-0.345,9.746,3
15311.012,0.615,-0.313,9.832,3
15447.0,0.599,-0.296,9.901,3
15583.017,0.597,-0.563,9.958,3
15718.012,0.553,-0.407,9.583,3
15853.995,0.601,-0.461,9.947,3
15994.969,0.622,-0.691,9.938,3
16129.985,0.574,-0.396,9.899,3
16265.957,0.606,-0.373,9.985,3
16402.003,0.656,-0.672,9.923,3
16537.973,0.66,-0.521,9.938,3
16672.993,0.608,-0.458,9.848,3
16809.003,0.676,-0.26,9.886,3
16944.988,0.65,-0.366,9.737,3
17080.995,0.692,-0.509,9.98,3
17221.035,0.72,-0.533,10.089,3
17356.986,0.628,-0.386,9.737,3
17492.997,0.622,-0.517,10.014,3
17627.996,0.713,-0.362,9.746,3
17763.983,0.655,-0.309,9.818,3
17899.999,0.679,-0.551,9.925,3
18036.002,0.634,-0.55,9.565,3
18171.012,0.567,-0.56,9.776,3
18312.017,0.656,-0.381,9.868,3
18447.985,0.706,-0.413,9.907,3
18583.038,0.711,-0.479,9.995,3
18718.993,0.684,-0.517,9.924,3
18855.029,0.706,-0.642,9.805,3
18998.003,0.7,-0.743,9.95,3
19132.974,0.701,-0.589,9.866,3
19268.994,0.689,-0.513,10.065,3
19410.991,0.747,-0.601,9.9,3
19550.99,0.726,-0.568,10.211,3
19687.003,0.694,-0.689,9.854,3
19823.019,0.677,-0.613,9.741,3
19958.008,0.744,-0.738,9.881,3
20094.029,0.708,-0.468,9.86,3
20230.031,0.699,-0.52,10.043,3
20365.995,0.771,-0.497,9.9,3
20501.008,0.706,-0.754,9.845,3
20642.991,0.72,-0.518,10.115,3
20779.014,0.783,-0.66,9.808,3
20915.011,0.705,-0.781,9.864,3
21049.976,0.718,-1.615,8.782,3
21186.022,0.82,-0.689,9.88,3
21322.016,0.801,-0.521,9.833,3
21458.0,0.752,-0.801,9.88,3
21593.053,0.753,-0.978,9.909,3
21729.006,0.691,-0.469,9.491,3
21885.981,0.82,-0.652,9.84,3
22026.012,0.774,-0.529,9.68,3
22166.01,0.849,-0.774,10.159,3
22305.016,0.786,-0.642,9.696,3
22445.011,0.828,-0.587,9.624,3
22583.996,0.814,-0.614,9.627,3
22723.984,0.876,-0.691,9.925,3
22864.023,0.869,-0.688,9.78,3
23008.989,0.848,-0.573,9.851,3
23148.975,0.798,-0.799,9.795,3
23289.003,0.852,-0.843,9.898,3
23428.018,0.876,-0.46,9.75,3
23568.009,0.934,-0.666,9.888,3
23707.965,0.979,-0.702,9.838,3
23846.989,0.957,-0.381,9.66,3
23987.006,0.863,-0.598,9.778,3
24125.995,0.986,-0.702,9.764,3
24272.031,0.971,-0.702,9.773,3
24412.018,0.917,-0.559,9.814,3
24550.962,0.928,-0.351,9.869,3
24690.98,0.86,-0.734,9.719,3
24831.045,0.807,-0.521,9.602,3
24970.001,0.951,-0.53,9.889,3
25109.983,0.893,-0.629,9.856,3
25250.005,0.999,-0.719,10.005,3
25394.03,0.899,-0.542,9.608,3
25533.993,0.89,-0.667,9.716,3
25673.014,0.937,-0.717,9.894,3
25812.994,0.963,-0.549,10.116,3
25952.999,0.936,-0.389,10.034,3
26092.006,0.919,-0.634,10.1,3
26231.976,0.939,-0.626,9.975,3
26372.014,0.978,-0.661,9.942,3
26511.021,0.981,-0.616,9.799,3
26655.995,0.949,-0.603,9.923,3
26795.033,0.908,-0.732,9.91,3
26935.032,1.0,-0.719,9.693,3
27075.0,0.971,-0.693,9.933,3
27214.011,0.908,-0.79,9.719,3
27354.006,0.956,-0.677,9.713,3
27493.997,0.911,-0.868,9.915,3
27632.988,0.966,-0.53,9.804,3
27779.029,0.918,-0.686,9.908,3
27918.032,0.949,-0.851,9.948,3
28058.0,0.893,-0.67,9.737,3
28197.989,1.016,-0.551,10.003,3
28336.987,0.982,-0.611,10.037,3
28477.044,0.961,-0.546,9.886,3
28617.039,0.895,-0.619,9.877,3
28756.014,0.857,-0.68,9.959,3
28896.017,0.879,-0.652,9.961,3
29040.994,0.762,-0.649,9.792,3
29180.956,0.815,-0.678,9.869,3
29320.952,0.879,-0.625,9.92,3
29460.038,0.895,-0.718,9.774,3
29599.975,0.904,-0.641,9.733,3
29739.999,0.909,-0.718,9.941,3
29879.02,0.923,-0.727,10.046,3
30018.982,0.956,-0.721,10.079,3
30164.03,0.872,-0.644,9.816,3
30303.007,0.93,-0.597,9.896,3
30442.983,0.914,-0.742,9.969,3
30582.968,0.821,-0.563,10.004,3
30721.986,0.902,-0.964,9.722,3
30862.007,0.992,-0.331,9.718,3
31000.964,0.857,-0.641,9.822,3
31141.028,0.832,-0.469,9.843,3
31280.995,0.856,-0.628,9.893,3
31425.998,0.825,-0.666,9.743,3
31566.004,0.812,-0.462,9.646,3
31706.017,0.809,-0.474,9.676,3
31845.011,0.931,-0.473,9.707,3
31985.02,0.819,-0.509,9.43,3
32125.01,0.859,-0.591,9.79,3
32263.986,0.764,-0.825,10.253,3
32403.971,0.668,-0.51,9.918,3
32542.999,0.834,-0.557,9.464,3
32688.023,0.906,-0.661,9.987,3
32828.013,0.923,-0.271,10.23,3
32966.976,0.886,-0.301,9.726,3
33107.003,0.918,-0.653,9.894,3
3161.011,0.076,0.151,9.904,3
3297.019,-0.004,-0.07,9.913,3
3433.992,0.036,0.278,9.782,3
3570.974,0.042,0.136,10.011,3
3708.02,-0.029,0.271,10.107,3
3843.981,0.013,0.083,10.112,3
3981.055,-0.112,-0.006,9.727,3
4118.009,-0.037,-0.108,10.025,3
4261.013,-0.058,0.283,9.861,3
4399.004,-0.094,0.054,10.07,3
4536.03,-0.07,-0.063,10.096,3
4672.009,-0.09,0.151,9.891,3
4809.014,-0.012,0.161,9.784,3
4945.999,0.029,0.022,9.776,3
5081.986,0.033,0.061,9.962,3
5217.014,0.016,0.026,9.801,3
5353.017,-0.055,0.119,10.046,3
5493.976,-0.034,-0.077,10.053,3
5630.018,0.131,0.144,10.261,3
5766.011,0.104,0.118,9.764,3
5901.984,0.144,0.071,9.894,3
6038.035,0.041,-0.034,10.216,3
6172.982,0.07,0.065,9.828,3
6308.999,0.313,-0.059,9.837,3
6445.005,0.219,-0.065,9.824,3
6586.004,0.197,-0.206,10.173,3
6722.001,0.271,-0.167,9.841,3
6857.999,0.248,-0.007,9.773,3
6994.002,0.272,-0.056,9.612,3
7129.009,0.365,-0.314,10.493,3
7264.987,0.332,0.158,9.255,3
7400.997,0.35,-0.226,10.192,3
7536.987,0.339,-0.369,9.819,3
7672.001,0.289,0.111,9.661,3
7813.977,0.345,0.147,9.848,3
7950.019,0.434,-0.126,10.003,3
8085.011,0.44,0.218,10.097,3
8221.015,0.522,-0.162,9.847,3
8357.013,0.439,0.046,9.744,3
8493.009,0.485,-0.028,9.884,3
8627.995,0.458,0.194,9.768,3
8764.004,0.451,0.004,9.949,3
8899.986,0.526,-0.084,10.111,3
9040.995,0.464,0.062,9.814,3
9175.999,0.476,-0.417,9.876,3
9312.003,0.442,-0.261,9.953,3
9447.998,0.478,-0.065,10.192,3
9583.01,0.463,-0.35,9.739,3
9719.033,0.439,-0.153,9.733,3
9855.006,0.592,-0.065,10.087,3
9990.997,0.577,-0.071,10.119,3
10126.042,0.432,-0.06,9.729,3
10266.989,0.601,-0.259,9.746,3
10403.003,0.564,-0.245,9.958,3
10539.0,0.518,-0.371,10.076,3
10674.024,0.546,-0.27,9.93,3
10809.968,0.54,-0.17,9.945,3
10945.998,0.496,-0.186,9.874,3
11082.023,0.56,-0.109,10.116,3
11216.966,0.437,-0.429,9.94,3
11357.98,0.616,-0.205,10.014,3
11494.027,0.632,-0.101,9.991,3
11629.016,0.582,-0.01,9.803,3
11765.004,0.559,-0.145,10.056,3
2739.002,9.7,0.914,0.307,4
2874.961,9.672,1.049,0.692,4
3012.035,9.773,1.001,0.522,4
3148.987,9.678,0.737,0.518,4
3285.99,9.684,0.82,0.555,4
3421.992,9.65,0.805,0.559,4
3559.017,9.71,0.956,0.593,4
3695.995,9.716,0.967,0.632,4
3838.96,9.714,0.971,0.754,4
3975.977,9.723,0.91,0.752,4
4113.979,9.709,0.892,0.605,4
4249.956,9.683,0.848,0.725,4
4387.013,9.663,0.822,0.623,4
4524.0,9.703,0.861,0.67,4
4659.978,9.75,0.949,0.806,4
4794.981,9.729,0.822,0.802,4
4931.042,9.699,0.802,0.756,4
5066.988,9.71,0.773,0.824,4
5198.981,9.657,0.749,0.582,4
5334.018,9.631,0.839,0.548,4
5469.978,9.697,0.851,0.73,4
5605.975,9.775,0.972,0.752,4
5742.01,9.751,0.927,0.695,4
5877.031,9.689,0.812,0.643,4
6012.998,9.631,0.753,0.701,4
6149.027,9.76,0.822,0.748,4
6284.985,9.683,0.766,0.842,4
6426.019,9.663,0.937,0.672,4
6562.015,9.56,0.671,0.559,4
6697.999,9.792,0.712,0.76,4
6833.007,9.627,0.815,0.813,4
6968.986,9.69,0.812,0.669,4
7104.994,9.671,0.681,0.89,4
7240.999,9.719,0.807,0.842,4
7375.998,9.68,0.85,0.907,4
7511.979,9.671,0.884,0.865,4
7653.013,9.743,0.863,0.905,4
7789.004,9.669,0.803,0.76,4
7924.023,9.715,0.771,0.784,4
8060.019,9.768,0.897,0.856,4
8196.036,9.748,0.793,0.939,4
8331.994,9.739,0.857,0.82,4
8467.024,9.682,0.727,0.821,4
8602.987,9.707,0.784,0.909,4
8738.999,9.625,0.702,0.726,4
8879.003,9.663,0.774,0.83,4
9014.98,9.671,0.749,0.873,4
9150.987,9.741,0.817,0.894,4
9286.963,9.74,0.794,0.841,4
9421.995,9.725,0.824,0.901,4
9558.015,9.749,0.787,0.919,4
9694.007,9.755,0.809,0.858,4
9830.027,9.661,0.658,0.878,4
9964.988,9.655,0.79,0.901,4
10106.005,9.71,0.82,0.969,4
10241.998,9.688,0.819,0.947,4
10377.027,9.652,0.686,0.682,4
10512.988,9.71,0.707,0.886,4
10649.004,9.794,0.843,0.948,4
10785.02,9.66,0.731,0.949,4
10920.054,9.723,0.845,0.847,4
11055.995,9.685,0.938,0.873,4
11197.013,9.597,0.777,0.925,4
11332.999,9.715,1.014,0.995,4
11468.014,9.709,0.916,0.947,4
11603.984,9.605,0.703,0.892,4
11740.004,9.672,0.961,0.673,4
11874.993,9.511,0.621,0.654,4
12010.971,9.648,0.738,0.794,4
12147.024,9.646,0.713,1.008,4
12283.015,9.754,0.865,0.932,4
12422.961,9.7,0.883,0.862,4
12559.011,9.555,0.531,0.91,4
12695.025,9.904,0.958,0.8,4
12831.015,9.67,0.702,0.95,4
12966.019,9.633,0.699,0.862,4
13101.963,9.725,0.839,0.922,4
13237.974,9.672,0.83,1.038,4
13374.017,9.664,0.809,1.016,4
13508.998,9.622,0.958,0.546,4
13650.021,9.689,0.804,0.895,4
13785.991,9.68,0.785,1.012,4
13921.029,9.604,0.716,0.778,4
14056.989,9.662,0.708,1.023,4
14193.02,9.7,0.732,0.995,4
14329.041,9.701,0.806,0.967,4
14464.019,9.752,0.786,1.033,4
14600.007,9.681,0.712,0.997,4
14735.984,9.679,0.756,0.909,4
14877.024,9.65,0.767,1.02,4
15013.008,9.661,0.704,1.085,4
15149.017,9.766,0.8,1.092,4
15284.998,9.698,0.772,1.054,4
15419.99,9.614,0.698,0.961,4
15556.0,9.717,0.773,1.04,4
15691.979,9.651,0.708,1.047,4
15828.016,9.818,1.047,0.892,4
15962.995,9.753,0.682,1.154,4
16104.028,9.731,0.774,1.131,4
16240.027,9.666,0.827,1.014,4
16374.999,9.657,0.734,0.904,4
16511.016,9.715,0.695,1.1,4
16646.997,9.676,0.755,0.899,4
16782.991,9.614,0.748,0.929,4
16917.988,9.661,0.729,0.924,4
17054.037,9.689,0.688,1.12,4
17189.999,9.657,0.704,1.074,4
17331.036,9.735,0.836,1.09,4
17466.02,9.713,0.769,1.055,4
17602.01,9.614,0.72,1.068,4
17738.01,9.659,0.698,1.107,4
17873.993,9.695,0.792,1.138,4
18009.026,9.702,0.774,1.096,4
18145.026,9.668,0.755,1.019,4
18280.998,9.666,0.732,1.095,4
18421.002,9.65,0.695,1.031,4
18557.007,9.693,0.629,1.132,4
18692.992,9.683,0.67,1.113,4
18828.982,9.785,0.717,1.245,4
18964.0,9.668,0.773,1.059,4
19105.987,9.62,0.744,0.97,4
19241.991,9.781,0.873,1.16,4
19377.008,9.656,0.826,1.062,4
19513.01,9.565,0.679,0.998,4
19654.048,9.688,0.758,1.014,4
19790.015,9.697,0.848,1.276,4
19924.983,9.715,0.824,1.089,4
20061.031,9.673,0.744,1.085,4
20204.0,9.684,0.774,1.081,4
20338.99,9.728,0.88,1.108,4
20474.975,9.668,0.754,1.121,4
20611.017,9.734,0.93,1.148,4
20746.956,9.686,0.81,0.991,4
20888.015,9.662,0.832,1.03,4
21023.983,9.595,0.764,1.082,4
21159.999,9.693,0.773,1.079,4
21294.992,9.683,0.751,1.035,4
21430.998,9.728,0.773,1.214,4
21566.97,9.679,0.797,0.941,4
21703.001,9.606,0.745,0.842,4
21837.997,9.676,0.816,0.985,4
21974.013,9.708,0.928,1.05,4
22130.01,9.706,0.855,1.12,4
22269.982,9.641,0.807,1.09,4
22409.985,9.644,0.816,1.069,4
22549.001,9.713,0.796,1.045,4
22689.024,9.716,0.785,1.303,4
22829.011,9.743,0.707,1.308,4
22967.975,9.695,0.759,1.042,4
23108.011,9.71,0.858,1.209,4
23248.021,9.674,0.747,1.266,4
23392.958,9.623,0.709,1.098,4
23532.986,9.649,0.783,0.97,4
23671.98,9.665,0.758,1.126,4
23811.968,9.731,0.768,1.227,4
23952.013,9.751,0.827,1.248,4
24091.002,9.634,0.778,1.181,4
24231.012,9.726,0.897,1.088,4
24371.005,9.602,0.675,0.918,4
24515.004,9.683,0.81,0.977,4
24655.013,9.693,0.827,1.065,4
24793.982,9.7,0.773,1.238,4
24933.994,9.714,0.813,1.15,4
25073.981,9.677,0.759,1.118,4
25212.977,9.643,0.76,1.084,4
25352.972,9.698,0.749,1.238,4
25493.066,9.716,0.792,1.2,4
25631.998,9.723,0.776,1.332,4
25777.017,9.659,0.77,1.156,4
25915.994,9.741,0.758,1.112,4
26056.011,9.726,0.815,1.068,4
26195.979,9.583,0.564,1.049,4
26334.994,9.828,0.93,1.173,4
26474.986,9.541,0.447,0.966,4
26614.978,9.752,0.587,1.127,4
26754.023,9.716,0.557,1.329,4
26894.02,9.794,0.709,1.04,4
27040.022,9.626,0.563,0.915,4
27179.007,9.768,0.568,1.127,4
27319.019,9.686,0.51,0.811,4
27457.972,9.609,0.453,0.94,4
27597.989,9.78,0.784,1.144,4
27737.975,9.807,0.84,1.117,4
27876.994,9.665,0.728,1.145,4
28016.996,9.715,0.667,0.997,4
28156.999,9.773,0.601,1.153,4
28302.029,9.659,0.518,1.069,4
28441.987,9.702,0.652,1.153,4
28582.006,9.75,0.653,1.16,4
28720.995,9.618,0.579,1.116,4
28861.044,9.705,0.654,1.116,4
28999.987,9.656,0.574,1.153,4
29140.031,9.715,0.566,1.029,4
29279.955,9.62,0.555,1.078,4
29419.02,9.687,0.744,1.187,4
29564.992,9.613,0.775,1.043,4
29705.038,9.762,0.668,1.185,4
29844.012,9.733,0.689,1.187,4
29983.992,9.58,0.563,0.905,4
30123.978,9.716,0.618,0.969,4
30263.021,9.695,0.673,1.103,4
30402.977,9.769,0.725,1.206,4
30541.976,9.743,0.802,1.236,4
30688.006,9.747,0.809,1.08,4
30828.043,9.742,0.747,1.195,4
30967.021,9.646,0.537,0.704,4
31108.024,9.613,0.395,0.922,4
31247.946,9.77,0.671,1.123,4
31387.013,9.752,0.919,1.141,4
31526.984,9.904,1.016,1.019,4
31665.979,9.25,-0.022,1.391,4
31805.987,9.89,0.623,1.235,4
31951.006,9.726,0.921,1.24,4
32089.987,9.61,0.818,1.033,4
32229.997,9.636,0.665,1.243,4
32369.962,9.755,0.938,1.188,4
32509.016,9.737,0.981,1.183,4
32648.994,9.621,0.61,0.709,4
2739.059,9.671,0.898,0.279,4
2874.996,9.668,1.07,0.627,4
3012.011,9.751,1.008,0.506,4
3149.0,9.659,0.704,0.544,4
3285.985,9.686,0.787,0.565,4
3422.004,9.645,0.793,0.581,4
3558.956,9.679,0.949,0.626,4
3695.981,9.693,0.924,0.618,4
3839.023,9.727,0.942,0.795,4
3975.971,9.713,0.904,0.706,4
4114.013,9.672,0.896,0.621,4
4250.053,9.688,0.861,0.708,4
4386.944,9.68,0.801,0.572,4
4524.0,9.706,0.844,0.66,4
4660.028,9.746,0.946,0.804,4
4794.998,9.652,0.793,0.823,4
4930.988,9.681,0.828,0.768,4
5066.969,9.727,0.748,0.821,4
5199.035,9.697,0.795,0.669,4
5333.987,9.642,0.781,0.549,4
5470.008,9.704,0.874,0.743,4
5606.018,9.725,0.931,0.743,4
5742.014,9.757,0.931,0.724,4
5876.989,9.644,0.802,0.648,4
6013.009,9.646,0.722,0.701,4
6149.008,9.789,0.842,0.772,4
6285.021,9.704,0.771,0.861,4
6426.013,9.691,0.973,0.681,4
6561.978,9.604,0.701,0.54,4
6698.022,9.842,0.715,0.733,4
6832.987,9.659,0.821,0.764,4
6969.002,9.702,0.858,0.648,4
7105.001,9.707,0.71,0.87,4
7240.992,9.733,0.808,0.832,4
7375.986,9.69,0.864,0.897,4
7511.953,9.692,0.849,0.91,4
7653.025,9.702,0.864,0.904,4
7788.965,9.713,0.777,0.774,4
7923.967,9.642,0.828,0.778,4
8059.944,9.737,0.852,0.844,4
8195.976,9.716,0.791,0.991,4
8332.016,9.68,0.816,0.783,4
8466.977,9.705,0.699,0.743,4
8603.03,9.699,0.778,0.888,4
8738.969,9.623,0.721,0.76,4
8879.008,9.685,0.733,0.787,4
9014.952,9.705,0.845,0.865,4
9151.018,9.717,0.777,0.906,4
9287.015,9.721,0.782,0.851,4
9422.003,9.705,0.782,0.932,4
9558.005,9.715,0.777,0.919,4
9693.961,9.748,0.769,0.837,4
9830.005,9.666,0.651,0.877,4
9965.026,9.666,0.771,0.919,4
10105.992,9.709,0.825,0.964,4
10242.01,9.714,0.838,0.94,4
10377.032,9.66,0.678,0.715,4
10513.006,9.725,0.709,0.925,4
10648.982,9.746,0.846,0.933,4
10785.005,9.623,0.711,0.912,4
10920.005,9.71,0.812,0.844,4
11055.977,9.704,0.919,0.876,4
11197.006,9.596,0.742,0.962,4
11332.985,9.72,0.967,1.018,4
11467.99,9.746,0.902,0.906,4
11603.97,9.63,0.707,0.871,4
11740.018,9.635,0.957,0.675,4
11875.025,9.498,0.62,0.665,4
12011.011,9.663,0.743,0.793,4
12146.968,9.686,0.707,1.026,4
12282.996,9.765,0.908,0.951,4
12422.992,9.705,0.91,0.89,4
12559.043,9.583,0.564,0.934,4
12694.963,9.871,1.0,0.829,4
12830.986,9.653,0.641,0.939,4
12965.983,9.652,0.718,0.894,4
13101.961,9.719,0.834,0.956,4
13237.993,9.667,0.846,0.973,4
13373.996,9.724,0.812,1.016,4
13508.974,9.635,0.949,0.543,4
13650.011,9.671,0.796,0.884,4
13785.983,9.665,0.749,1.003,4
13920.973,9.625,0.743,0.795,4
14056.984,9.67,0.723,1.008,4
14192.998,9.691,0.757,0.985,4
14328.997,9.689,0.786,1.001,4
14464.007,9.72,0.758,1.04,4
14600.006,9.699,0.731,1.012,4
14736.009,9.643,0.749,0.93,4
14876.982,9.701,0.742,1.031,4
15013.008,9.677,0.768,1.066,4
15148.96,9.748,0.847,1.087,4
15285.03,9.676,0.774,1.062,4
15419.975,9.667,0.757,0.959,4
15555.993,9.73,0.752,1.053,4
15692.002,9.675,0.711,1.0,4
15828.01,9.797,1.06,0.896,4
15962.998,9.739,0.69,1.165,4
16103.987,9.747,0.776,1.133,4
16240.001,9.693,0.803,1.023,4
16374.984,9.682,0.747,0.94,4
16511.004,9.71,0.699,1.09,4
16646.998,9.616,0.778,0.873,4
16783.029,9.582,0.727,0.944,4
16918.025,9.651,0.698,0.934,4
17053.99,9.688,0.689,1.108,4
17190.009,9.613,0.676,1.01,4
17331.028,9.744,0.833,1.079,4
17465.997,9.705,0.75,1.001,4
17602.022,9.63,0.668,1.042,4
17738.032,9.682,0.709,1.055,4
17874.014,9.739,0.802,1.135,4
18009.014,9.719,0.785,1.081,4
18145.014,9.661,0.77,1.048,4
18281.032,9.672,0.724,1.095,4
18420.995,9.642,0.744,1.056,4
18556.973,9.686,0.641,1.108,4
18693.018,9.702,0.662,1.143,4
18829.033,9.729,0.74,1.253,4
18963.988,9.695,0.794,1.099,4
19106.01,9.663,0.762,1.022,4
19241.995,9.803,0.829,1.226,4
19377.007,9.646,0.843,1.05,4
19513.008,9.558,0.672,0.951,4
19654.017,9.641,0.72,1.055,4
19789.99,9.731,0.834,1.286,4
19924.977,9.688,0.808,1.123,4
20060.977,9.667,0.761,1.11,4
20203.987,9.716,0.758,1.126,4
20339.008,9.716,0.886,1.078,4
20475.021,9.71,0.786,1.122,4
20610.986,9.768,0.893,1.154,4
20747.011,9.696,0.822,0.978,4
20887.984,9.713,0.843,0.999,4
21024.006,9.62,0.754,1.087,4
21159.998,9.706,0.819,1.128,4
21294.993,9.686,0.776,1.024,4
21431.012,9.67,0.789,1.189,4
21567.001,9.681,0.732,0.963,4
21702.993,9.579,0.741,0.887,4
21837.946,9.626,0.773,1.004,4
21973.945,9.7,0.892,1.034,4
22130.024,9.724,0.848,1.121,4
22270.034,9.666,0.763,1.071,4
22409.995,9.652,0.811,1.059,4
22548.991,9.767,0.839,1.036,4
22688.996,9.735,0.787,1.262,4
22828.999,9.708,0.742,1.295,4
22968.001,9.636,0.737,1.047,4
23108.013,9.736,0.862,1.203,4
23248.014,9.67,0.762,1.269,4
23392.97,9.605,0.703,1.108,4
23533.036,9.72,0.829,0.918,4
23671.999,9.632,0.734,1.115,4
23812.042,9.757,0.787,1.263,4
23951.991,9.745,0.819,1.192,4
24090.975,9.659,0.815,1.189,4
24230.982,9.728,0.883,1.112,4
24371.042,9.627,0.696,0.932,4
24514.963,9.657,0.754,1.034,4
24655.003,9.657,0.83,1.096,4
24793.975,9.702,0.777,1.24,4
24934.001,9.748,0.787,1.192,4
25073.98,9.687,0.78,1.108,4
25213.013,9.674,0.763,1.123,4
25352.992,9.754,0.75,1.219,4
25493.022,9.754,0.785,1.239,4
25631.933,9.678,0.765,1.35,4
25777.007,9.69,0.756,1.201,4
25915.99,9.698,0.742,1.077,4
26056.001,9.687,0.81,1.058,4
26196.017,9.59,0.544,1.039,4
26335.019,9.836,0.906,1.153,4
26475.03,9.549,0.463,0.966,4
26614.975,9.761,0.614,1.101,4
26754.028,9.678,0.577,1.335,4
26893.997,9.767,0.746,1.027,4
27039.987,9.691,0.587,0.94,4
27178.985,9.752,0.564,1.087,4
27318.99,9.69,0.538,0.791,4
27457.996,9.619,0.411,0.933,4
27598.01,9.747,0.731,1.256,4
27738.005,9.811,0.822,1.134,4
27877.014,9.652,0.745,1.109,4
28016.999,9.696,0.625,1.021,4
28157.005,9.78,0.605,1.127,4
28302.017,9.658,0.503,1.101,4
28441.991,9.708,0.671,1.196,4
28581.981,9.769,0.717,1.167,4
28720.999,9.631,0.546,1.151,4
28860.979,9.668,0.658,1.128,4
29000.042,9.633,0.54,1.146,4
29139.997,9.662,0.606,1.007,4
29279.991,9.599,0.517,1.079,4
29418.982,9.691,0.719,1.208,4
29565.001,9.629,0.765,1.021,4
29705.009,9.77,0.697,1.204,4
29844.001,9.715,0.684,1.171,4
29984.011,9.589,0.563,0.907,4
30124.006,9.673,0.683,0.985,4
30262.995,9.697,0.626,1.1,4
30403.0,9.754,0.737,1.236,4
30541.994,9.722,0.762,1.229,4
30687.991,9.726,0.846,1.093,4
30828.019,9.722,0.787,1.172,4
30967.029,9.647,0.543,0.73,4
31108.01,9.636,0.404,0.921,4
31247.978,9.761,0.661,1.124,4
31387.036,9.758,0.907,1.132,4
31526.999,9.885,0.997,1.053,4
31666.001,9.261,-0.06,1.379,4
31806.001,9.879,0.671,1.216,4
31951.006,9.716,0.933,1.285,4
32089.985,9.617,0.836,1.002,4
32229.982,9.633,0.679,1.231,4
32370.021,9.757,0.938,1.247,4
32508.996,9.734,0.95,1.239,4
32648.986,9.622,0.631,0.788,4
2739.007,9.696,0.896,0.304,4
2875.026,9.652,1.073,0.652,4
3011.946,9.773,1.021,0.501,4
3148.999,9.684,0.724,0.527,4
3286.006,9.642,0.789,0.555,4
3422.013,9.58,0.807,0.557,4
3558.995,9.699,0.941,0.64,4
3695.999,9.679,0.923,0.602,4
3839.023,9.747,0.955,0.774,4
3976.012,9.705,0.949,0.721,4
4114.002,9.662,0.922,0.598,4
4249.992,9.679,0.817,0.671,4
4386.983,9.663,0.814,0.581,4
4523.988,9.716,0.845,0.707,4
4660.044,9.745,0.949,0.793,4
4794.971,9.68,0.793,0.835,4
4931.021,9.673,0.845,0.751,4
5066.997,9.709,0.743,0.811,4
5199.018,9.702,0.784,0.571,4
5333.993,9.674,0.836,0.55,4
5470.042,9.656,0.866,0.727,4
5605.993,9.733,0.946,0.748,4
5741.995,9.754,0.918,0.731,4
5876.972,9.669,0.81,0.631,4
6012.985,9.649,0.75,0.682,4
6148.983,9.791,0.798,0.746,4
6284.985,9.68,0.751,0.848,4
6425.967,9.724,0.97,0.692,4
6562.025,9.583,0.726,0.577,4
6697.98,9.811,0.744,0.745,4
6833.003,9.664,0.818,0.752,4
6968.991,9.699,0.792,0.647,4
7105.0,9.686,0.668,0.876,4
7240.986,9.708,0.828,0.782,4
7376.023,9.738,0.822,0.881,4
7512.0,9.745,0.855,0.881,4
7653.02,9.742,0.827,0.871,4
7789.009,9.671,0.759,0.786,4
7924.005,9.683,0.775,0.743,4
8059.997,9.752,0.922,0.882,4
8196.031,9.749,0.777,0.935,4
8331.997,9.741,0.837,0.793,4
8467.013,9.716,0.736,0.767,4
8603.003,9.718,0.758,0.914,4
8738.985,9.617,0.66,0.757,4
8879.019,9.659,0.738,0.799,4
9014.997,9.711,0.815,0.878,4
9150.978,9.692,0.793,0.858,4
9287.008,9.664,0.807,0.847,4
9421.981,9.721,0.845,0.945,4
9557.979,9.742,0.807,0.924,4
9693.988,9.782,0.802,0.86,4
9829.979,9.65,0.682,0.844,4
9964.966,9.718,0.738,0.932,4
10106.007,9.718,0.873,0.972,4
10241.993,9.661,0.809,0.986,4
10377.0,9.658,0.651,0.674,4
10512.979,9.742,0.7,0.901,4
10649.023,9.753,0.857,0.983,4
10784.991,9.639,0.699,0.906,4
10919.999,9.721,0.871,0.838,4
11055.985,9.702,0.893,0.832,4
11196.987,9.582,0.721,0.94,4
11332.982,9.739,0.971,0.994,4
2686.023,0.864,0.372,9.97,5
2822.051,0.838,0.333,9.791,5
2957.99,0.884,0.281,9.965,5
3092.97,0.903,0.371,9.877,5
3228.99,0.871,0.347,9.834,5
3364.997,0.873,0.262,9.916,5
3499.944,0.817,0.352,10.011,5
3636.005,0.935,0.406,9.908,5
3776.971,0.907,0.345,9.942,5
3913.024,0.903,0.325,9.939,5
4048.001,0.908,0.401,10.015,5
4184.02,0.932,0.311,9.876,5
4320.007,0.955,0.332,9.818,5
4456.007,0.918,0.278,9.879,5
4590.994,0.881,0.421,9.985,5
4726.994,0.926,0.332,9.917,5
4863.005,0.888,0.251,9.817,5
5003.972,0.902,0.343,9.861,5
5139.998,1.032,0.25,9.861,5
5275.957,0.929,0.229,9.938,5
5427.024,0.971,0.336,9.992,5
5563.003,0.95,0.222,9.723,5
5699.01,1.005,0.337,10.059,5
5833.998,0.883,0.311,9.966,5
5969.993,0.951,0.203,9.789,5
6105.994,0.99,0.279,9.871,5
6248.006,0.938,0.232,9.817,5
6382.98,1.025,0.326,9.869,5
6519.005,0.903,0.301,10.085,5
6654.992,0.921,0.263,9.841,5
6791.001,0.992,0.36,9.894,5
6926.027,1.012,0.387,9.948,5
7061.983,0.91,0.41,9.972,5
7198.001,0.938,0.259,9.929,5
7333.001,0.899,0.337,9.944,5
7474.981,0.988,0.41,9.879,5
7610.981,0.974,0.24,9.805,5
7747.002,0.982,0.321,9.787,5
7881.996,0.992,0.348,9.896,5
8017.977,0.946,0.186,9.861,5
8154.001,1.026,0.387,9.763,5
8289.985,1.058,0.296,9.804,5
8424.962,0.996,0.301,9.904,5
8560.963,0.952,0.292,9.907,5
8702.959,0.989,0.346,9.86,5
8838.001,0.96,0.239,9.817,5
8974.029,0.954,0.328,9.991,5
9109.989,0.863,0.241,9.834,5
9246.031,1.011,0.303,9.73,5
9381.024,1.0,0.317,9.781,5
9517.02,0.968,0.321,9.932,5
9652.947,1.022,0.311,9.825,5
9793.987,0.998,0.329,9.852,5
9930.028,0.987,0.401,9.88,5
10066.021,1.056,0.281,9.973,5
10201.975,0.958,0.282,9.69,5
10336.99,1.001,0.413,9.915,5
10472.991,0.97,0.3,9.859,5
10608.996,0.952,0.359,9.684,5
10745.036,0.983,0.356,10.086,5
10880.002,0.936,0.378,9.862,5
11022.024,0.944,0.315,9.657,5
11157.987,0.993,0.388,9.899,5
11292.985,0.976,0.318,9.92,5
11428.997,0.978,0.391,9.788,5
11564.979,0.951,0.319,9.854,5
11701.012,0.941,0.369,9.919,5
11836.001,0.905,0.408,9.815,5
11971.996,0.912,0.3,9.902,5
12108.009,0.931,0.486,9.861,5
12249.965,0.935,0.389,9.803,5
12384.988,0.926,0.376,9.935,5
12520.989,0.911,0.447,9.921,5
12656.99,0.982,0.451,9.847,5
12791.984,0.934,0.374,9.845,5
12928.028,0.915,0.395,9.873,5
13063.998,0.946,0.346,9.872,5
13200.011,0.961,0.386,9.829,5
13335.006,0.89,0.333,9.741,5
13476.987,0.918,0.399,9.866,5
13612.998,0.936,0.321,9.994,5
13748.993,0.889,0.377,9.858,5
13883.981,0.927,0.396,9.941,5
14020.018,0.965,0.354,9.83,5
14155.974,0.934,0.382,9.841,5
14291.037,1.0,0.393,9.852,5
14427.008,0.971,0.412,9.763,5
14569.014,0.949,0.451,9.776,5
14704.949,0.905,0.321,9.931,5
14840.002,0.969,0.461,9.82,5
14975.997,0.931,0.415,9.87,5
15111.996,1.038,0.376,10.091,5
15247.964,1.011,0.524,9.364,5
15382.994,0.84,0.454,9.815,5
15519.031,1.13,0.496,9.678,5
15655.005,1.024,0.544,9.671,5
15795.985,1.084,0.5,10.272,5
15932.018,1.108,0.581,9.936,5
16067.986,1.093,0.492,9.855,5
16204.022,1.087,0.371,9.415,5
16339.012,0.803,0.545,9.872,5
16474.997,0.956,0.592,10.083,5
16611.02,0.714,0.62,9.837,5
16747.034,0.399,0.781,9.912,5
16882.0,0.59,0.55,9.931,5
17023.034,0.489,0.534,9.72,5
17159.045,0.479,0.492,9.752,5
17294.012,0.694,0.469,10.084,5
17429.998,0.468,0.347,9.423,5
17565.961,0.397,0.348,10.172,5
17702.002,0.422,0.302,10.067,5
17837.026,0.429,0.208,9.754,5
17972.994,0.41,0.441,9.864,5
18109.018,0.471,0.299,9.986,5
18249.973,0.462,0.311,9.745,5
18384.99,0.464,0.449,9.82,5
18521.023,0.449,0.355,9.873,5
18656.967,0.515,0.501,9.562,5
18791.988,0.517,0.203,10.07,5
18928.052,0.554,0.665,9.894,5
19064.031,0.614,0.332,9.734,5
19200.026,0.498,0.369,9.892,5
19339.976,0.436,0.361,9.997,5
19475.985,0.505,0.599,9.981,5
19611.969,0.54,0.558,9.665,5
19747.971,0.58,0.455,10.077,5
19883.031,0.541,0.489,9.833,5
20018.991,0.493,0.49,10.064,5
20154.998,0.515,0.471,9.999,5
20291.003,0.463,0.432,9.956,5
20425.997,0.462,0.493,9.915,5
20567.018,0.456,0.249,9.652,5
20702.993,0.496,0.776,9.885,5
20837.976,0.565,0.753,10.061,5
20974.035,0.578,0.386,9.889,5
21110.031,0.505,0.538,9.995,5
21245.986,0.488,0.596,10.018,5
21381.018,0.516,0.457,9.789,5
21517.011,0.57,0.361,9.857,5
21652.98,0.474,0.664,10.127,5
21814.998,0.482,0.535,9.75,5
21955.042,0.429,0.444,9.832,5
22094.003,0.509,0.55,9.794,5
22234.033,0.473,0.469,9.907,5
22373.983,0.41,0.478,9.829,5
22512.984,0.46,0.481,9.945,5
22652.98,0.465,0.548,9.932,5
22792.022,0.564,0.535,9.828,5
22937.986,0.512,0.508,9.816,5
23078.024,0.421,0.51,9.921,5
23217.0,0.451,0.454,9.851,5
23356.977,0.45,0.452,9.902,5
23497.015,0.463,0.631,9.96,5
23635.998,0.414,0.495,9.775,5
23776.011,0.446,0.56,10.02,5
23915.985,0.45,0.476,9.869,5
24055.022,0.444,0.435,9.959,5
24199.945,0.415,0.485,9.871,5
24338.993,0.46,0.567,10.0,5
24479.017,0.41,0.559,9.961,5
24624.966,0.427,0.445,9.872,5
24764.035,0.447,0.49,9.824,5
24903.986,0.402,0.541,10.029,5
25043.017,0.422,0.5,9.892,5
25182.987,0.36,0.476,9.983,5
25323.059,0.382,0.531,9.942,5
25467.029,0.369,0.539,9.914,5
25607.014,0.38,0.527,9.936,5
25747.006,0.318,0.49,9.784,5
25886.007,0.383,0.692,9.965,5
26026.002,0.386,0.507,9.907,5
26166.008,0.47,0.524,9.923,5
26305.002,0.458,0.526,9.947,5
26445.014,0.416,0.617,9.717,5
26584.03,0.451,0.554,9.863,5
26730.02,0.44,0.581,10.087,5
26870.994,0.394,0.489,9.916,5
27009.992,0.483,0.616,9.827,5
27150.028,0.469,0.605,10.024,5
27290.007,0.482,0.645,9.795,5
27428.995,0.506,0.598,10.088,5
27569.033,0.509,0.684,9.873,5
27708.01,0.502,0.697,9.968,5
27853.989,0.466,0.586,9.934,5
27993.986,0.433,0.667,10.046,5
28132.994,0.458,0.56,9.832,5
28273.034,0.457,0.61,9.817,5
28412.969,0.407,0.569,10.014,5
28552.002,0.407,0.545,9.945,5
28692.017,0.446,0.6,9.714,5
28832.032,0.45,0.586,9.931,5
28971.022,0.387,0.541,9.944,5
29115.985,0.495,0.624,10.209,5
29255.014,0.402,0.307,9.804,5
29394.987,0.416,0.485,9.813,5
29535.017,0.45,0.583,10.019,5
29674.017,0.474,0.641,9.82,5
29814.023,0.451,0.379,9.898,5
29954.001,0.517,0.296,9.982,5
30093.024,0.501,0.618,9.953,5
30233.004,0.486,0.464,9.852,5
30378.018,0.4,0.516,9.833,5
30517.99,0.45,0.353,9.839,5
30657.972,0.517,0.695,9.891,5
30796.982,0.428,0.514,10.062,5
30937.006,0.415,0.471,9.939,5
31076.976,0.377,0.501,10.011,5
31215.991,0.363,0.419,9.813,5
31356.012,0.374,0.466,9.992,5
31500.991,0.321,0.502,9.967,5
31640.992,0.463,0.492,9.843,5
31781.007,0.392,0.468,9.957,5
31920.019,0.389,0.563,9.959,5
32060.003,0.378,0.518,9.926,5
32200.036,0.319,0.456,9.884,5
32339.008,0.413,0.444,9.815,5
32478.977,0.432,0.498,10.128,5
32619.041,0.437,0.47,9.873,5
2686.002,0.853,0.384,9.97,5
2822.006,0.833,0.314,9.799,5
2957.988,0.93,0.298,9.965,5
3092.976,0.897,0.367,9.923,5
3228.995,0.838,0.351,9.795,5
3364.947,0.849,0.253,9.912,5
3499.991,0.853,0.357,9.994,5
3635.978,0.913,0.446,9.933,5
3777.006,0.899,0.296,9.937,5
3912.968,0.952,0.269,9.966,5
4047.968,0.92,0.387,9.994,5
4183.987,0.886,0.33,9.895,5
4320.011,0.933,0.333,9.809,5
4455.988,0.884,0.278,9.882,5
4590.992,0.89,0.439,10.026,5
4726.977,0.903,0.297,9.887,5
4863.009,0.881,0.217,9.78,5
5003.995,0.94,0.321,9.882,5
5140.008,0.967,0.223,9.877,5
5276.002,0.893,0.213,9.907,5
5426.986,0.974,0.318,10.012,5
5563.002,0.999,0.207,9.682,5
5699.024,1.007,0.302,10.089,5
5833.995,0.909,0.289,9.953,5
5970.016,0.891,0.211,9.823,5
6105.978,0.948,0.274,9.912,5
6248.029,0.903,0.267,9.813,5
6383.002,1.047,0.337,9.896,5
6519.013,0.904,0.292,10.1,5
6654.971,0.909,0.322,9.901,5
6790.975,0.992,0.419,9.858,5
6926.008,1.034,0.332,9.938,5
7062.019,0.923,0.406,9.964,5
7198.01,0.923,0.281,9.927,5
7332.987,0.885,0.378,9.981,5
7474.982,0.98,0.421,9.854,5
7611.005,0.952,0.271,9.752,5
7747.001,1.015,0.336,9.824,5
7882.027,1.012,0.249,9.911,5
8017.999,0.962,0.174,9.841,5
8153.982,1.067,0.407,9.744,5
8289.97,1.061,0.299,9.784,5
8425.032,1.022,0.355,9.829,5
8561.012,0.999,0.28,9.9,5
8703.008,0.985,0.379,9.89,5
8838.019,0.956,0.286,9.849,5
8974.019,0.916,0.353,9.972,5
9110.021,0.863,0.262,9.853,5
9245.993,0.949,0.334,9.748,5
9381.008,1.002,0.313,9.779,5
9517.004,0.949,0.349,9.93,5
9653.017,1.006,0.277,9.829,5
9794.002,0.997,0.314,9.879,5
9930.008,0.99,0.364,9.923,5
10065.989,1.056,0.329,9.922,5
10201.985,0.993,0.281,9.692,5
10337.003,0.98,0.406,9.938,5
10473.007,0.947,0.345,9.882,5
10608.962,0.963,0.358,9.657,5
10745.015,0.939,0.37,10.054,5
10880.025,0.942,0.387,9.881,5
11022.015,1.001,0.28,9.687,5
11158.01,0.991,0.426,9.855,5
11292.993,0.975,0.349,9.942,5
11428.981,0.99,0.393,9.783,5
11564.989,0.92,0.302,9.867,5
11700.99,0.899,0.35,9.896,5
11836.026,0.942,0.372,9.808,5
11972.012,0.903,0.351,9.898,5
12108.002,0.957,0.452,9.874,5
12250.011,0.971,0.401,9.807,5
12385.036,0.951,0.361,9.93,5
12520.97,0.907,0.442,9.941,5
12656.995,0.975,0.401,9.837,5
12791.985,0.939,0.383,9.874,5
12927.991,0.953,0.378,9.831,5
13064.008,0.97,0.359,9.878,5
13199.999,0.969,0.393,9.834,5
13335.025,0.876,0.294,9.724,5
13476.988,0.92,0.464,9.873,5
13612.97,0.913,0.322,9.97,5
13748.985,0.889,0.401,9.797,5
13884.025,0.921,0.393,9.946,5
14020.012,0.926,0.344,9.89,5
14156.005,0.937,0.391,9.832,5
14290.986,1.018,0.391,9.81,5
14427.001,0.943,0.385,9.782,5
14569.045,0.902,0.439,9.827,5
14704.977,0.88,0.34,9.922,5
14840.02,0.975,0.393,9.778,5
14976.013,0.924,0.425,9.874,5
15111.996,1.0,0.381,10.06,5
15247.972,1.021,0.511,9.346,5
15383.004,0.803,0.48,9.793,5
15519.007,1.157,0.488,9.67,5
15655.018,1.056,0.552,9.655,5
15796.014,1.044,0.456,10.24,5
15931.986,1.083,0.572,9.991,5
16068.011,1.111,0.514,9.821,5
16204.03,1.136,0.344,9.389,5
16338.983,0.785,0.553,9.887,5
16475.0,0.961,0.6,10.078,5
16610.993,0.704,0.659,9.839,5
16746.986,0.393,0.739,9.929,5
16881.961,0.589,0.544,9.925,5
17022.993,0.496,0.528,9.736,5
17158.974,0.477,0.468,9.786,5
17294.028,0.717,0.481,10.096,5
17429.998,0.5,0.317,9.44,5
17565.987,0.395,0.324,10.124,5
17702.022,0.437,0.304,10.076,5
17836.981,0.438,0.233,9.795,5
17973.01,0.458,0.404,9.892,5
18109.002,0.482,0.319,10.002,5
18250.018,0.495,0.353,9.747,5
18384.967,0.466,0.481,9.834,5
18520.999,0.446,0.365,9.844,5
18656.971,0.548,0.52,9.586,5
18792.023,0.492,0.223,10.034,5
18927.986,0.546,0.705,9.924,5
19063.977,0.617,0.358,9.764,5
19200.012,0.504,0.364,9.891,5
19340.018,0.442,0.373,10.004,5
19476.032,0.503,0.569,9.992,5
19611.964,0.581,0.571,9.687,5
19747.973,0.558,0.47,10.105,5
19883.012,0.522,0.52,9.823,5
20019.01,0.469,0.462,10.024,5
20155.022,0.549,0.483,9.972,5
20291.022,0.406,0.389,9.999,5
20425.978,0.405,0.522,9.925,5
20566.966,0.44,0.292,9.677,5
20702.993,0.501,0.735,9.849,5
20838.023,0.516,0.747,10.073,5
20974.009,0.576,0.383,9.876,5
21109.953,0.488,0.522,10.016,5
21245.998,0.462,0.585,10.032,5
21381.03,0.473,0.451,9.831,5
21517.036,0.543,0.399,9.878,5
21653.009,0.514,0.71,10.105,5
21815.002,0.44,0.544,9.686,5
21955.005,0.459,0.43,9.837,5
22093.987,0.557,0.566,9.835,5
22233.991,0.48,0.469,9.852,5
22373.996,0.427,0.439,9.844,5
22512.991,0.471,0.47,9.952,5
22652.976,0.468,0.567,9.904,5
22791.992,0.523,0.492,9.84,5
22937.996,0.494,0.525,9.77,5
23077.999,0.422,0.47,9.92,5
23216.988,0.448,0.453,9.897,5
23357.016,0.458,0.427,9.879,5
23497.009,0.461,0.629,9.912,5
23635.982,0.408,0.46,9.803,5
23775.963,0.451,0.57,10.011,5
23916.009,0.429,0.489,9.881,5
24055.014,0.434,0.427,9.951,5
24200.019,0.446,0.495,9.853,5
24339.032,0.416,0.559,9.964,5
24479.004,0.416,0.549,9.988,5
24625.011,0.438,0.5,9.884,5
24763.987,0.406,0.487,9.837,5
24903.965,0.369,0.565,10.022,5
25042.998,0.397,0.514,9.899,5
25182.96,0.388,0.497,9.947,5
25322.977,0.416,0.485,9.929,5
25467.051,0.406,0.523,9.903,5
25607.028,0.39,0.536,9.946,5
25746.982,0.366,0.489,9.845,5
25885.971,0.367,0.65,9.952,5
26025.999,0.409,0.49,9.858,5
26166.032,0.457,0.557,9.891,5
26305.006,0.425,0.501,9.96,5
26445.01,0.456,0.564,9.775,5
26584.015,0.481,0.542,9.853,5
26729.973,0.424,0.556,10.027,5
26870.988,0.386,0.518,9.906,5
27009.993,0.436,0.656,9.828,5
27149.98,0.459,0.622,9.971,5
27290.023,0.473,0.63,9.862,5
27428.983,0.519,0.561,10.122,5
27569.049,0.467,0.659,9.87,5
27708.008,0.513,0.691,9.955,5
27854.012,0.453,0.602,9.937,5
27993.992,0.412,0.69,10.073,5
28133.018,0.425,0.551,9.895,5
28272.982,0.447,0.642,9.844,5
28412.989,0.407,0.583,10.001,5
28552.006,0.405,0.485,9.929,5
28692.021,0.417,0.651,9.733,5
28832.015,0.432,0.58,9.89,5
28971.003,0.378,0.585,9.967,5
29116.025,0.457,0.599,10.179,5
29255.023,0.402,0.338,9.768,5
29395.008,0.419,0.49,9.788,5
29535.017,0.457,0.558,10.028,5
29674.014,0.519,0.625,9.846,5
29813.997,0.487,0.396,9.891,5
29953.99,0.504,0.282,9.961,5
30092.989,0.534,0.635,9.936,5
30233.0,0.48,0.464,9.856,5
30377.972,0.445,0.524,9.862,5
30517.987,0.5,0.34,9.836,5
30658.024,0.506,0.706,9.871,5
30796.984,0.453,0.515,10.024,5
30937.019,0.415,0.455,9.987,5
31077.01,0.372,0.483,9.968,5
31216.041,0.38,0.437,9.803,5
31355.985,0.382,0.515,9.948,5
31501.005,0.35,0.531,9.984,5
31640.982,0.401,0.538,9.875,5
31780.972,0.401,0.458,9.928,5
31919.993,0.368,0.526,9.983,5
32059.966,0.386,0.527,9.941,5
32200.013,0.318,0.467,9.889,5
32338.992,0.406,0.46,9.796,5
32478.984,0.419,0.488,10.104,5
32618.999,0.432,0.461,9.871,5
2685.963,0.843,0.364,10.037,5
2821.971,0.891,0.315,9.81,5
2958.021,0.864,0.274,9.985,5
3092.95,0.908,0.372,9.907,5
3228.968,0.916,0.367,9.788,5
3365.008,0.853,0.252,9.894,5
3500.013,0.847,0.309,9.994,5
3636.004,0.909,0.375,9.934,5
3776.972,0.949,0.346,9.944,5
3913.023,0.902,0.301,9.967,5
4048.01,0.957,0.429,10.013,5
4183.976,0.927,0.34,9.912,5
4320.018,0.937,0.361,9.827,5
4456.017,0.922,0.279,9.874,5
4590.993,0.886,0.443,9.986,5
4727.008,0.898,0.295,9.851,5
4863.026,0.829,0.244,9.793,5
5004.0,0.938,0.401,9.878,5
5140.016,0.982,0.257,9.874,5
5275.947,0.929,0.225,9.911,5
5426.967,0.97,0.311,10.014,5
5562.987,0.951,0.273,9.707,5
5699.022,1.039,0.328,10.052,5
5833.974,0.911,0.321,9.966,5
5970.013,0.93,0.189,9.797,5
6106.014,0.883,0.277,9.915,5
6247.972,0.891,0.249,9.834,5
6382.98,1.039,0.328,9.902,5
6519.027,0.881,0.268,10.101,5
6654.999,0.905,0.281,9.879,5
6790.974,1.027,0.368,9.853,5
6926.03,1.009,0.341,9.931,5
7061.985,0.913,0.436,9.976,5
7198.016,0.895,0.277,9.912,5
7332.996,0.897,0.38,9.969,5
7475.013,1.003,0.429,9.878,5
7611.024,0.985,0.258,9.8,5
7746.984,0.962,0.362,9.787,5
7882.008,0.972,0.319,9.879,5
8017.995,0.936,0.184,9.868,5
8154.005,1.05,0.398,9.767,5
8290.003,1.068,0.299,9.804,5
8425.011,0.984,0.348,9.84,5
8560.981,0.961,0.253,9.927,5
8703.028,0.993,0.374,9.883,5
8838.024,0.966,0.243,9.82,5
8973.98,0.894,0.345,9.989,5
9109.995,0.893,0.275,9.812,5
9245.963,0.999,0.327,9.75,5
9381.006,0.995,0.324,9.787,5
9516.999,0.986,0.352,9.941,5
9653.046,0.997,0.301,9.802,5
9793.994,0.97,0.352,9.849,5
9929.988,0.985,0.36,9.909,5
10066.008,0.983,0.298,9.916,5
10201.975,0.961,0.277,9.723,5
10336.995,0.987,0.388,9.934,5
10473.006,0.959,0.319,9.865,5
10609.007,0.984,0.372,9.638,5
10744.992,0.992,0.351,10.063,5
10879.978,0.955,0.403,9.914,5
11022.015,0.965,0.256,9.675,5
11158.015,0.968,0.374,9.903,5
11292.979,0.965,0.347,9.903,5
