x,y,z
0.13999999999999999,0.27,-0.35999999999999943
-0.14,0.08000000000000007,0.2599999999999998
0.33999999999999997,0.08000000000000007,0.07000000000000028
0.27,-0.10999999999999999,-0.23000000000000043
0.03,0.010000000000000009,0.13000000000000078
-0.54,-0.13,0.22000000000000064
-0.39,-0.33999999999999997,0.08000000000000007
-0.66,-0.010000000000000009,-0.5700000000000003
-0.74,-0.13,-0.6199999999999992
-0.8950998040016187,-0.15959143792276922,-0.4163254902333108
-0.9692052809326246,-0.12820175673711967,-0.21025088104887632
-0.8992354987840722,-0.4273594449666878,-0.09348487858646255
-0.61,0.20999999999999996,-0.2599999999999998
-0.75,-0.010000000000000009,0.35999999999999943
-0.45,0.0,0.14000000000000057
-0.13,-0.22999999999999998,-0.4900000000000002
-0.09,-0.43000000000000005,-0.3699999999999992
-0.3,-0.38,0.14000000000000057
0.16,0.69,0.17999999999999972
0.38,-0.89,0.2400000000000002
0.36,-0.85,0.08000000000000007
0.57,-0.55,-0.11999999999999922
0.33999999999999997,-0.65,-0.129999999999999
0.33,-0.33999999999999997,0.13000000000000078
0.87,0.20999999999999996,-0.0600000000000005
0.63,0.020000000000000018,-0.2400000000000002
0.5599999999999999,-0.73,-0.379999999999999
0.24,-0.17000000000000004,0.0600000000000005
-0.09,-0.16000000000000003,0.5700000000000003
-0.2919337866500262,-0.9049947386150812,0.30944981384902737
0.025006877837237925,-0.9652654845173841,-0.26007152950727425
-0.02986205727635276,-0.9973927130301821,-0.06569652600797572
-0.14605848313885691,-0.9834604531349698,0.10710955430182784
-0.20785225558485695,-0.9776754244176604,-0.030792926753311484
0.0267524117968376,-0.9764630305845724,-0.214019294374701
-0.21663743726611845,-0.9660858688894471,0.14052158092937425
-0.2209624021502432,-0.9752823267321079,0.0
-0.43788173400971075,-0.8959733942044851,0.07410306267856605
-0.4507452133492866,-0.8724100903534578,0.18902218624324904
0.12232619318247433,-0.9880192526276773,-0.09409707167882607
0.5576418197471122,-0.813608556680213,-0.16455004517127877
0.27,-0.75,0.25
0.47,-0.77,0.08000000000000007
0.37,-0.92,0.0600000000000005
0.1685152678695494,-0.9592407555651272,0.22684747597823932
0.24069261941793602,-0.934116594407704,0.2636157260291685
-0.2547170482022814,-0.9078376846183875,0.33309152457221397
-0.4443438086356421,-0.8886876172712842,0.11310569674361773
-0.16574012628380183,-0.9707635968051249,-0.17363251324969764
0.043666499427264624,-0.9980914154803342,0.0436664994272648
-0.47376176414513144,-0.8508374539749299,0.22721227464103272
-0.2060040145271129,-0.9785190690037862,0.007923231327965711
-0.2684806711232614,-0.9595698060516564,0.0845216927610267
-0.37102239551350347,-0.9275559887837587,-0.04452268746162079
-0.6594664963754397,-0.7451971409042468,0.09891997445631619
-0.4695881461669331,-0.8820642205027528,-0.038074714554075975
-0.43,0.75,-0.019999999999999574
-0.75780554129485,-0.4088161472774849,0.5085274027110175
-0.09999999999999999,0.54,0.6699999999999999
0.5046965873311559,0.6906374352952658,-0.517978076471449
0.7529290265832794,0.1562682885361523,-0.6392793621933507
0.6227178602897554,0.6968509388956786,0.355838777308432
0.8968036429917395,0.3975521303983999,-0.1941533660085201
-0.53,-0.08999999999999997,-0.39000000000000057
-0.21767012126183238,-0.3377639812683605,-0.915715682549778
-0.7316896711855472,-0.4152833268890943,-0.5405275048397737
-0.8989846485130868,-0.2736040234605047,-0.3420050293256305
-0.77,0.43999999999999995,-0.23000000000000043
-0.9395073567378919,-0.2055172342864138,-0.27402297904855116
-0.6471354225408507,0.3472433974609442,-0.6787030041282087
-0.45,-0.30000000000000004,-0.07000000000000028
-0.78,0.3500000000000001,0.3800000000000008
0.04,0.1299999999999999,-0.4800000000000004
0.85,-0.10999999999999999,-0.16000000000000014
0.3,0.32000000000000006,-0.3100000000000005
0.04705596918066939,-0.9934037938141315,0.10456882040148716
-0.2170993671887763,-0.8742650192196667,-0.43419873437755274
-0.13099007106100374,-0.987735941243785,-0.08496653258011062
-0.09416510644851836,-0.9758929213755541,-0.1968906771196289
-0.24577768117096768,-0.9541957033696392,-0.17059862575396575
-0.3416755645836875,-0.8833563377041677,-0.3208416886944381
-0.43317860577102213,-0.8863193592734279,-0.16368961139734484
-0.4134552279575735,-0.907939369936983,-0.06856292724924587
-0.016027834242017612,-0.9990683344190978,0.040069585605044124
0.007411158554318012,-0.9807433153547502,-0.1951605085970408
0.19752585197855294,-0.9552479726831659,-0.22019275302527203
0.5220954185563308,-0.8488745654225234,0.08263380725352022
0.5181060408985341,-0.852979457576855,0.06318366352421126
0.3639698144422086,-0.8859791535764289,0.2873445903491119
0.7298660716530027,-0.6221809135402646,0.2831720824446079
0.27999999999999997,0.79,0.13000000000000078
0.0978283986189618,-0.9848058794308822,0.14348165130781107
0.1315406931724936,-0.9786627572033523,-0.1578488318069927
-0.05839756777747362,-0.9980675220150036,0.021235479191809077
0.045595127344963356,-0.962057186978727,0.26901125133528375
-0.04214310387425131,-0.9987915618197561,-0.025285862324550996
-0.37867878458166304,-0.9173626894090993,0.12267059218842628
-0.19353227685976468,-0.9805635360894744,-0.032255379476627905
-0.6545887427670202,-0.7207831100131233,0.22800282051435572
-0.5905070943269182,-0.7989213629128892,0.1141316232732701
-0.42353478825649443,-0.9040838749321323,0.05701429841914371
-0.7972701405503106,-0.6025171291181737,-0.03651618964352598
-0.19494569241557505,-0.9520603583086225,0.23574827920023012
-0.44755466044712977,-0.8715538124496738,0.20022182177897901
-0.41483546633619484,-0.9001146911068377,0.13306043259840206
0.26012091832023654,-0.8767038358200564,0.4046325396092567
0.07967796878181291,-0.9936311401026081,0.07967796878181288
-0.27255687323242067,-0.9601435307051184,0.06194474391645903
-0.8549284737632874,-0.5170938349374722,0.04136750679499812
-0.63,0.030000000000000027,-0.33999999999999986
0.17163027152438312,0.9071885780574538,-0.38412489341171513
-0.16,-0.06000000000000005,-0.2599999999999998
-0.29016934836206076,0.06872431934890919,-0.9545044354015156
-0.3929981479355875,0.9169956785163709,0.0683475039887984
-0.9861522050454887,0.15653209603896642,0.054786233613638484
-0.980574871704074,-0.12042147547243011,-0.15482761132169565
-0.32,-0.61,-0.3000000000000007
-0.9626577400489333,0.1239786483396353,-0.24066443501223336
-0.9943622073011927,0.09308922791755847,-0.050775942500486115
-0.991442282273053,-0.12348925224041586,-0.04233917219671374
-0.6682803731662447,0.11733166857117272,-0.734598272793429
-0.85,0.19999999999999996,-0.14000000000000057
-0.6442747822248965,0.17965354504348077,-0.7433939794902648
-0.6509039963474333,0.18187023427354748,-0.7370530546875343
-0.8228324405600009,-0.5541524599689802,-0.12594374090204125
-0.696938159415404,-0.7167375389442509,-0.023759255434616246
-0.8387212888233644,-0.4163864554442234,0.35095429816013113
-0.895336031703078,-0.4260066602458194,0.12996813363431756
-0.32,-0.17000000000000004,0.7599999999999998
-0.6760571658787814,-0.7261354744623948,-0.12519577145903388
-0.5670539705527781,-0.17624650436099856,-0.8046036068654289
-0.8712039019093473,-0.48251293028825387,-0.09047117442904747
-0.9204290692265886,0.3083210675241775,-0.24030906733502042
-0.12,-0.52,0.4499999999999993
-0.44,0.18999999999999995,-0.7599999999999998
-0.8306991887489177,-0.5564878060551001,-0.016130081334930095
-0.0673466196427382,-0.5916881582897714,-0.8033489628812343
-0.36460135896835233,-0.7492357596382625,0.5529119509629962
0.09730005144657118,-0.989217189706807,-0.10946255787739241
-0.8946044063380809,-0.42881864105461737,-0.12568822237807745
-0.8690052047130502,-0.46302207818687613,-0.17447208743273582
-0.74,-0.31000000000000005,0.5600000000000005
-0.4894198099145955,-0.870079662070392,0.058563054177815085
-0.4525139426666788,-0.8859075778967376,-0.101974972995308
-0.26,-0.64,0.2900000000000009
-0.4407388568970626,-0.8965029020974341,-0.045075564909926785
-0.32384108092805985,-0.9424605816752512,0.08303617459693813
-0.4444206313911831,-0.8934706443593577,0.06481134207788113
-0.30386509883517576,-0.9453580852649912,0.11816976065812379
-0.13172556923067263,-0.9879417692300445,0.08135991040718048
-0.15626221027781528,-0.9871198161452234,0.034301460792691106
-0.1739256015719472,-0.9783315088422031,0.11232695101521609
-0.39994337140276304,-0.9154953736016371,0.043743806247177386
-0.41488434496485954,-0.8982447468656667,0.14500812057024193
-0.6085275879907883,-0.7837097724123789,0.12447155208902469
-0.6940934414759726,-0.7198006059750828,0.011017356213904093
-0.5143627106932771,-0.825811691480032,-0.23122727361440903
-0.5895957127109177,-0.8055862213277885,0.05837581313969461
-0.6347643395487956,-0.7703977454352904,-0.0596786985900574
-0.5736845161328942,-0.8163971960352725,-0.06619436724610275
-0.8177260599872296,-0.5739807921064208,0.04324512817240135
-0.7210461649486822,-0.6914647838225825,0.04437207168915004
-0.5261895739457526,-0.8365065021701708,0.1529097907192785
-0.6324179116230882,-0.7558165285251542,-0.16967309824034124
-0.8281269599049916,-0.5560281016504944,-0.07098231084899882
-0.85,0.22999999999999998,0.0600000000000005
-0.4,-0.06000000000000005,0.22000000000000064
-0.7477057743366302,-0.5574999194615226,0.36073524200451507
-0.7342436750887894,-0.5810102124615639,0.35116001852072587
-0.8137157025442155,-0.43444143440919986,0.3861701639192891
-0.23,-0.51,-0.08000000000000007
-0.06999999999999999,-0.16000000000000003,-0.5700000000000003
-0.29000000000000004,-0.6000000000000001,-0.22000000000000064
-0.9771737737473588,0.0323032652478466,-0.20997122411100255
-0.15000000000000002,-0.08999999999999997,-0.35999999999999943
-0.06523280730534423,-0.7436540032809242,-0.6653746345145108
-0.25,-0.81,-0.15000000000000036
-0.46,-0.44000000000000006,0.17999999999999972
-0.48364039963254174,-0.7647305464275234,-0.42576889882181
-0.4546169337199718,-0.8905509797528216,0.015569073072601997
-0.2495586665254317,-0.8344617911944123,-0.4913186247219429
-0.38417586094816986,-0.9210369999654842,0.0640293101580287
0.37251517219829267,-0.5767976859844531,-0.7270054167095706
-0.9112304293125353,-0.39720300764905386,-0.10903611974679954
0.6135596887501182,-0.16545429808991952,-0.7721200577529573
-0.08,-0.56,-0.3000000000000007
-0.8203787227266942,-0.5543099477883068,0.14042518677303736
-0.5257429094099623,-0.8064794144346994,-0.2705279048420191
-0.45867031580731,-0.8809382255981668,-0.11648769925265026
0.2821031610673796,-0.9591507476290906,-0.02115773708005302
-0.30844955485759595,-0.9306667603461948,-0.1967695436160522
-0.300583128051455,-0.9440850359925981,-0.13547408588234602
-0.28090749412484717,-0.9511429187034299,0.1281332429341407
0.06205048961733115,-0.9928078338772987,0.10238330786859644
0.2631117157213752,-0.963453194332683,0.05030076918202792
0.12653693661468782,-0.9918863095925529,0.012245509994969529
-0.15763081122461275,-0.9866521147022057,0.040867247354529394
-0.2082066064483831,-0.9751009401999275,0.07634242236440736
-0.16383004231353104,-0.9858049097831438,-0.03672052672544634
-0.29289858377440564,-0.9551040775252357,0.04457152361784452
-0.31312064928765154,-0.9492499683667752,-0.029664061511461677
-0.42248047960178325,-0.8960674688328145,0.13628402567799472
-0.4457522779073583,-0.8949869954858678,0.017412198355756428
-0.130627796304678,-0.9914314796457613,0.0
-0.0450118171532077,-0.9852586643535463,0.1650433295617616
-0.33478504873007964,-0.9177728060014252,0.21356977246574105
-0.06525547923488631,-0.9974766111618334,0.02796663395780865
-0.023569407671548297,-0.9958074741229155,0.08838527876830632
-0.0532796276406395,-0.9590332975315111,0.27823805545667335
-0.4612481834124052,-0.8870157373315485,-0.02128837769595671
-0.6198712349124776,-0.7805785921120088,-0.08035367859976593
-0.5689764513227279,-0.8047684942132277,0.16915516120405424
-0.37,-0.53,0.33999999999999986
-0.5613723995914507,-0.5075421694936404,0.6536527940448396
-0.8386373809485822,-0.4825036986279514,0.25274003261464095
-0.7926962931523902,-0.5044430956424302,-0.3423006720430767
-0.51,-0.36,0.05000000000000071
-0.36805337065674065,-0.9107761375573582,0.18714578168986856
-0.4826893620178702,-0.8629900714864953,-0.14919489371461436
-0.6991818147971619,0.4742276656885098,-0.5350260843665233
-0.6079118049159425,0.4687512712604859,-0.6408708786764455
-0.8477226266998876,0.2083787462279053,-0.48779570139714173
-0.9210021622176718,-0.20566067700006266,-0.33084543691314444
-0.6932601545595742,-0.21593349076445756,-0.6875776942762986
-0.671659572040968,-0.7215802159088778,0.16791489301024246
-0.8017181389370138,-0.5971982055347144,0.02454239200827541
-0.11587849428720289,-0.8884017895352222,-0.4442008947676102
-0.06999999999999999,-0.12,-0.6600000000000001
0.23086870333245033,0.6833713618640529,-0.692606109997351
0.6043766441026286,0.5596080037987302,-0.5670694438493799
0.8437378112906085,0.05769147427628089,-0.5336461370555986
-0.04962725681931707,-0.9243076582597803,0.37840783324729227
0.6574957194011541,-0.7226529528553225,-0.2132418549409145
0.16,-0.5800000000000001,0.5700000000000003
-0.2593577205064809,-0.9303048670341162,-0.25935772050648037
0.36320344015701544,-0.9312908721974755,0.02793872616592367
0.043580086018673886,-0.9587618924108254,0.28084944323145394
-0.3710680537646147,-0.9162174167027523,0.15117587375595415
-0.6376070876000776,-0.7452032836325906,0.19526717057752382
-0.2830327696113678,-0.9556950662202031,-0.08086650560324818
-0.16348030475153497,-0.9529705569662646,0.25518876839264015
-0.5758716876226045,-0.816579959168561,-0.039610221899967206
-0.3540709954191594,-0.9342027032982435,-0.0435779686669735
-0.6008228504416865,-0.7993780413601839,0.0025786388430973123
-0.6311347710549654,-0.7756694514492324,0.0024089113399043973
-0.5897298923392146,-0.8071555597168037,-0.026805904197236982
-0.722908319081087,-0.6908976186051717,-0.008002675118978652
-0.6464892227180385,-0.7622783372347023,-0.03135955184826283
-0.47797974429418283,-0.8783653742548945,-0.0031037645733387833
-0.6666522590809952,-0.6515696287850452,0.36198312710280267
-0.6199988748302969,-0.7641846596745518,0.17782913464124842
-0.6078152522407111,-0.7877605571803954,0.09996961385538013
-0.8480943630770603,-0.503340556948174,0.16548182694186558
-0.58,-0.73,0.120000000000001
-0.46,-0.85,0.08000000000000007
-0.38826025051878227,-0.9181830248754985,-0.07870140213218578
0.22999999999999998,-0.78,-0.08999999999999986
0.12015556122845931,-0.9923959316276454,-0.026701235828546735
-0.5577123209011743,-0.8267840546692847,-0.07338320011857574
-0.3504157493692827,-0.8278572078849303,-0.43801968671160335
-0.5522180930852658,-0.6836985914389007,-0.4770863797403316
-0.7168222204319161,-0.658897192518226,-0.2280797974101548
-0.7394500536640638,-0.671500589273312,-0.047964327805236254
-0.4879500364742666,-0.8725694769892768,0.022962354657613076
-0.7400293356709942,-0.6632338385730607,-0.11170254123335771
-0.7642697324764384,-0.6404795645401138,-0.07535053700471958
-0.7091903749624924,-0.7041247294270461,0.035459518748124766
-0.7520933032747849,-0.6587299966613633,-0.020747401469648798
